-5.000000000000000000e+02,1.508004936523214496e+02
-4.998999899989998994e+02,1.508614179006644065e+02
-4.997999799979997988e+02,1.509223790759356802e+02
-4.996999699969996982e+02,1.509833772079829259e+02
-4.995999599959995976e+02,1.510444123266838403e+02
-4.994999499949994970e+02,1.511054844619463609e+02
-4.993999399939993964e+02,1.511665936437087225e+02
-4.992999299929992958e+02,1.512277399019394011e+02
-4.991999199919991952e+02,1.512889232666371129e+02
-4.990999099909990946e+02,1.513501437678310424e+02
-4.989998999899989940e+02,1.514114014355804727e+02
-4.988998899889988934e+02,1.514726962999755813e+02
-4.987998799879987928e+02,1.515340283911366441e+02
-4.986998699869986922e+02,1.515953977392144907e+02
-4.985998599859985916e+02,1.516568043743905037e+02
-4.984998499849984910e+02,1.517182483268765907e+02
-4.983998399839983904e+02,1.517797296269154970e+02
-4.982998299829982898e+02,1.518412483047802937e+02
-4.981998199819981892e+02,1.519028043907748895e+02
-4.980998099809980886e+02,1.519643979152338886e+02
-4.979997999799979880e+02,1.520260289085226191e+02
-4.978997899789978874e+02,1.520876974010371896e+02
-4.977997799779977868e+02,1.521494034232047170e+02
-4.976997699769976862e+02,1.522111470054829283e+02
-4.975997599759975856e+02,1.522729281783606439e+02
-4.974997499749974850e+02,1.523347469723574648e+02
-4.973997399739973844e+02,1.523966034180239717e+02
-4.972997299729972838e+02,1.524584975459420662e+02
-4.971997199719971832e+02,1.525204293867243166e+02
-4.970997099709970826e+02,1.525823989710146122e+02
-4.969996999699969820e+02,1.526444063294879356e+02
-4.968996899689968814e+02,1.527064514928502774e+02
-4.967996799679967808e+02,1.527685344918391479e+02
-4.966996699669966802e+02,1.528306553572229802e+02
-4.965996599659965796e+02,1.528928141198017556e+02
-4.964996499649964790e+02,1.529550108104065487e+02
-4.963996399639963784e+02,1.530172454598998399e+02
-4.962996299629962778e+02,1.530795180991757150e+02
-4.961996199619961772e+02,1.531418287591595515e+02
-4.960996099609960766e+02,1.532041774708080197e+02
-4.959995999599959760e+02,1.532665642651096221e+02
-4.958995899589958753e+02,1.533289891730841248e+02
-4.957995799579957747e+02,1.533914522257831834e+02
-4.956995699569956741e+02,1.534539534542898025e+02
-4.955995599559955735e+02,1.535164928897188759e+02
-4.954995499549954729e+02,1.535790705632167885e+02
-4.953995399539953723e+02,1.536416865059618146e+02
-4.952995299529952717e+02,1.537043407491639186e+02
-4.951995199519951711e+02,1.537670333240650677e+02
-4.950995099509951274e+02,1.538297642619388910e+02
-4.949994999499950268e+02,1.538925335940910202e+02
-4.948994899489949262e+02,1.539553413518589480e+02
-4.947994799479948256e+02,1.540181875666121414e+02
-4.946994699469947250e+02,1.540810722697522976e+02
-4.945994599459946244e+02,1.541439954927128895e+02
-4.944994499449945238e+02,1.542069572669596482e+02
-4.943994399439944232e+02,1.542699576239903934e+02
-4.942994299429943226e+02,1.543329965953350893e+02
-4.941994199419942220e+02,1.543960742125559591e+02
-4.940994099409941214e+02,1.544591905072474844e+02
-4.939993999399940208e+02,1.545223455110364057e+02
-4.938993899389939202e+02,1.545855392555817787e+02
-4.937993799379938196e+02,1.546487717725751452e+02
-4.936993699369937190e+02,1.547120430937402205e+02
-4.935993599359936184e+02,1.547753532508335184e+02
-4.934993499349935178e+02,1.548387022756437830e+02
-4.933993399339934172e+02,1.549020901999923012e+02
-4.932993299329933166e+02,1.549655170557330450e+02
-4.931993199319932160e+02,1.550289828747524439e+02
-4.930993099309931154e+02,1.550924876889698396e+02
-4.929992999299930148e+02,1.551560315303370317e+02
-4.928992899289929142e+02,1.552196144308385897e+02
-4.927992799279928136e+02,1.552832364224919104e+02
-4.926992699269927130e+02,1.553468975373471039e+02
-4.925992599259926124e+02,1.554105978074873065e+02
-4.924992499249925118e+02,1.554743372650284812e+02
-4.923992399239924111e+02,1.555381159421193900e+02
-4.922992299229923105e+02,1.556019338709419344e+02
-4.921992199219922099e+02,1.556657910837109284e+02
-4.920992099209921093e+02,1.557296876126742404e+02
-4.919991999199920087e+02,1.557936234901129637e+02
-4.918991899189919081e+02,1.558575987483412462e+02
-4.917991799179918075e+02,1.559216134197063468e+02
-4.916991699169917069e+02,1.559856675365887781e+02
-4.915991599159916063e+02,1.560497611314023345e+02
-4.914991499149915057e+02,1.561138942365942057e+02
-4.913991399139914051e+02,1.561780668846448066e+02
-4.912991299129913045e+02,1.562422791080679190e+02
-4.911991199119912039e+02,1.563065309394107487e+02
-4.910991099109911033e+02,1.563708224112539540e+02
-4.909990999099910027e+02,1.564351535562119295e+02
-4.908990899089909021e+02,1.564995244069322951e+02
-4.907990799079908015e+02,1.565639349960964637e+02
-4.906990699069907009e+02,1.566283853564194146e+02
-4.905990599059906003e+02,1.566928755206497215e+02
-4.904990499049904997e+02,1.567574055215698365e+02
-4.903990399039903991e+02,1.568219753919958919e+02
-4.902990299029902985e+02,1.568865851647777561e+02
-4.901990199019901979e+02,1.569512348727991764e+02
-4.900990099009900973e+02,1.570159245489778073e+02
-4.899989998999899967e+02,1.570806542262651817e+02
-4.898989898989898961e+02,1.571454239376468536e+02
-4.897989798979897955e+02,1.572102337161423691e+02
-4.896989698969896949e+02,1.572750835948052952e+02
-4.895989598959895943e+02,1.573399736067233334e+02
-4.894989498949894937e+02,1.574049037850181207e+02
-4.893989398939893931e+02,1.574698741628458549e+02
-4.892989298929892925e+02,1.575348847733966409e+02
-4.891989198919891919e+02,1.575999356498948885e+02
-4.890989098909890913e+02,1.576650268255993979e+02
-4.889988998899889907e+02,1.577301583338032174e+02
-4.888988898889888901e+02,1.577953302078339277e+02
-4.887988798879887895e+02,1.578605424810534146e+02
-4.886988698869886889e+02,1.579257951868580392e+02
-4.885988598859885883e+02,1.579910883586786952e+02
-4.884988498849884877e+02,1.580564220299808653e+02
-4.883988398839883871e+02,1.581217962342646217e+02
-4.882988298829882865e+02,1.581872110050646825e+02
-4.881988198819881859e+02,1.582526663759504686e+02
-4.880988098809880853e+02,1.583181623805260472e+02
-4.879987998799879847e+02,1.583836990524303587e+02
-4.878987898789878841e+02,1.584492764253369899e+02
-4.877987798779877835e+02,1.585148945329547701e+02
-4.876987698769876829e+02,1.585805534090269759e+02
-4.875987598759875823e+02,1.586462530873320702e+02
-4.874987498749874817e+02,1.587119936016835311e+02
-4.873987398739873811e+02,1.587777749859297387e+02
-4.872987298729872805e+02,1.588435972739542592e+02
-4.871987198719871799e+02,1.589094604996756743e+02
-4.870987098709870793e+02,1.589753646970478655e+02
-4.869986998699869787e+02,1.590413099000598152e+02
-4.868986898689868781e+02,1.591072961427357484e+02
-4.867986798679867775e+02,1.591733234591353039e+02
-4.866986698669866769e+02,1.592393918833533633e+02
-4.865986598659865763e+02,1.593055014495202215e+02
-4.864986498649864757e+02,1.593716521918015587e+02
-4.863986398639863751e+02,1.594378441443984968e+02
-4.862986298629862745e+02,1.595040773415479123e+02
-4.861986198619861739e+02,1.595703518175219813e+02
-4.860986098609860733e+02,1.596366676066285493e+02
-4.859985998599859727e+02,1.597030247432111310e+02
-4.858985898589858721e+02,1.597694232616489103e+02
-4.857985798579858283e+02,1.598358631963567973e+02
-4.856985698569857277e+02,1.599023445817857123e+02
-4.855985598559856271e+02,1.599688674524221028e+02
-4.854985498549855265e+02,1.600354318427883982e+02
-4.853985398539854259e+02,1.601020377874428959e+02
-4.852985298529853253e+02,1.601686853209799040e+02
-4.851985198519852247e+02,1.602353744780299110e+02
-4.850985098509851241e+02,1.603021052932590749e+02
-4.849984998499850235e+02,1.603688778013699050e+02
-4.848984898489849229e+02,1.604356920371010062e+02
-4.847984798479848223e+02,1.605025480352271359e+02
-4.846984698469847217e+02,1.605694458305594310e+02
-4.845984598459846211e+02,1.606363854579450958e+02
-4.844984498449845205e+02,1.607033669522677997e+02
-4.843984398439844199e+02,1.607703903484474779e+02
-4.842984298429843193e+02,1.608374556814405594e+02
-4.841984198419842187e+02,1.609045629862398528e+02
-4.840984098409841181e+02,1.609717122978748307e+02
-4.839983998399840175e+02,1.610389036514113457e+02
-4.838983898389839169e+02,1.611061370819519141e+02
-4.837983798379838163e+02,1.611734126246357164e+02
-4.836983698369837157e+02,1.612407303146384834e+02
-4.835983598359836151e+02,1.613080901871729793e+02
-4.834983498349835145e+02,1.613754922774884335e+02
-4.833983398339834139e+02,1.614429366208710519e+02
-4.832983298329833133e+02,1.615104232526439034e+02
-4.831983198319832127e+02,1.615779522081669199e+02
-4.830983098309831121e+02,1.616455235228370952e+02
-4.829982998299830115e+02,1.617131372320883997e+02
-4.828982898289829109e+02,1.617807933713917521e+02
-4.827982798279828103e+02,1.618484919762553602e+02
-4.826982698269827097e+02,1.619162330822243803e+02
-4.825982598259826091e+02,1.619840167248813430e+02
-4.824982498249825085e+02,1.620518429398459830e+02
-4.823982398239824079e+02,1.621197117627752107e+02
-4.822982298229823073e+02,1.621876232293634246e+02
-4.821982198219822067e+02,1.622555773753423125e+02
-4.820982098209821061e+02,1.623235742364809937e+02
-4.819981998199820055e+02,1.623916138485861609e+02
-4.818981898189819049e+02,1.624596962475019666e+02
-4.817981798179818043e+02,1.625278214691100800e+02
-4.816981698169817037e+02,1.625959895493299143e+02
-4.815981598159816031e+02,1.626642005241183426e+02
-4.814981498149815025e+02,1.627324544294703230e+02
-4.813981398139814019e+02,1.628007513014181882e+02
-4.812981298129813013e+02,1.628690911760322990e+02
-4.811981198119812007e+02,1.629374740894208458e+02
-4.810981098109811001e+02,1.630059000777297626e+02
-4.809980998099809995e+02,1.630743691771431827e+02
-4.808980898089808989e+02,1.631428814238830967e+02
-4.807980798079807983e+02,1.632114368542095804e+02
-4.806980698069806976e+02,1.632800355044207663e+02
-4.805980598059805970e+02,1.633486774108530426e+02
-4.804980498049804964e+02,1.634173626098808541e+02
-4.803980398039803958e+02,1.634860911379169295e+02
-4.802980298029802952e+02,1.635548630314123955e+02
-4.801980198019801946e+02,1.636236783268564920e+02
-4.800980098009800940e+02,1.636925370607771129e+02
-4.799979997999799934e+02,1.637614392697404071e+02
-4.798979897989798928e+02,1.638303849903509786e+02
-4.797979797979797922e+02,1.638993742592521414e+02
-4.796979697969796916e+02,1.639684071131256644e+02
-4.795979597959795910e+02,1.640374835886918845e+02
-4.794979497949794904e+02,1.641066037227099912e+02
-4.793979397939793898e+02,1.641757675519777706e+02
-4.792979297929792892e+02,1.642449751133318330e+02
-4.791979197919791886e+02,1.643142264436476125e+02
-4.790979097909790880e+02,1.643835215798393676e+02
-4.789978997899789874e+02,1.644528605588604080e+02
-4.788978897889788868e+02,1.645222434177028390e+02
-4.787978797879787862e+02,1.645916701933979027e+02
-4.786978697869786856e+02,1.646611409230159211e+02
-4.785978597859785850e+02,1.647306556436662390e+02
-4.784978497849784844e+02,1.648002143924974803e+02
-4.783978397839783838e+02,1.648698172066975189e+02
-4.782978297829782832e+02,1.649394641234932521e+02
-4.781978197819781826e+02,1.650091551801512537e+02
-4.780978097809780820e+02,1.650788904139771489e+02
-4.779977997799779814e+02,1.651486698623161544e+02
-4.778977897789778808e+02,1.652184935625529363e+02
-4.777977797779777802e+02,1.652883615521116099e+02
-4.776977697769776796e+02,1.653582738684559956e+02
-4.775977597759775790e+02,1.654282305490893918e+02
-4.774977497749774784e+02,1.654982316315548303e+02
-4.773977397739773778e+02,1.655682771534350763e+02
-4.772977297729772772e+02,1.656383671523526004e+02
-4.771977197719771766e+02,1.657085016659698908e+02
-4.770977097709770760e+02,1.657786807319889135e+02
-4.769976997699769754e+02,1.658489043881519365e+02
-4.768976897689768748e+02,1.659191726722410465e+02
-4.767976797679767742e+02,1.659894856220784050e+02
-4.766976697669766736e+02,1.660598432755261626e+02
-4.765976597659765730e+02,1.661302456704866586e+02
-4.764976497649764724e+02,1.662006928449023917e+02
-4.763976397639763718e+02,1.662711848367561629e+02
-4.762976297629762712e+02,1.663417216840709614e+02
-4.761976197619761706e+02,1.664123034249100783e+02
-4.760976097609760700e+02,1.664829300973772774e+02
-4.759975997599759694e+02,1.665536017396167097e+02
-4.758975897589758688e+02,1.666243183898130269e+02
-4.757975797579758250e+02,1.666950800861913535e+02
-4.756975697569757244e+02,1.667658868670175139e+02
-4.755975597559756238e+02,1.668367387705980036e+02
-4.754975497549755232e+02,1.669076358352797911e+02
-4.753975397539754226e+02,1.669785780994507434e+02
-4.752975297529753220e+02,1.670495656015395411e+02
-4.751975197519752214e+02,1.671205983800156503e+02
-4.750975097509751208e+02,1.671916764733893785e+02
-4.749974997499750202e+02,1.672627999202122453e+02
-4.748974897489749196e+02,1.673339687590764413e+02
-4.747974797479748190e+02,1.674051830286153404e+02
-4.746974697469747184e+02,1.674764427675035563e+02
-4.745974597459746178e+02,1.675477480144566584e+02
-4.744974497449745172e+02,1.676190988082316267e+02
-4.743974397439744166e+02,1.676904951876265102e+02
-4.742974297429743160e+02,1.677619371914808823e+02
-4.741974197419742154e+02,1.678334248586754995e+02
-4.740974097409741148e+02,1.679049582281326138e+02
-4.739973997399740142e+02,1.679765373388160299e+02
-4.738973897389739136e+02,1.680481622297309627e+02
-4.737973797379738130e+02,1.681198329399242937e+02
-4.736973697369737124e+02,1.681915495084845418e+02
-4.735973597359736118e+02,1.682633119745418071e+02
-4.734973497349735112e+02,1.683351203772681401e+02
-4.733973397339734106e+02,1.684069747558772008e+02
-4.732973297329733100e+02,1.684788751496245141e+02
-4.731973197319732094e+02,1.685508215978076407e+02
-4.730973097309731088e+02,1.686228141397659783e+02
-4.729972997299730082e+02,1.686948528148809601e+02
-4.728972897289729076e+02,1.687669376625761402e+02
-4.727972797279728070e+02,1.688390687223171369e+02
-4.726972697269727064e+02,1.689112460336118033e+02
-4.725972597259726058e+02,1.689834696360101134e+02
-4.724972497249725052e+02,1.690557395691043894e+02
-4.723972397239724046e+02,1.691280558725293020e+02
-4.722972297229723040e+02,1.692004185859619270e+02
-4.721972197219722034e+02,1.692728277491217170e+02
-4.720972097209721028e+02,1.693452834017707005e+02
-4.719971997199720022e+02,1.694177855837133393e+02
-4.718971897189719016e+02,1.694903343347969269e+02
-4.717971797179718010e+02,1.695629296949111335e+02
-4.716971697169717004e+02,1.696355717039885462e+02
-4.715971597159715998e+02,1.697082604020045267e+02
-4.714971497149714992e+02,1.697809958289771828e+02
-4.713971397139713986e+02,1.698537780249674540e+02
-4.712971297129712980e+02,1.699266070300793956e+02
-4.711971197119711974e+02,1.699994828844599226e+02
-4.710971097109710968e+02,1.700724056282990659e+02
-4.709970997099709962e+02,1.701453753018299722e+02
-4.708970897089708956e+02,1.702183919453287331e+02
-4.707970797079707950e+02,1.702914555991149541e+02
-4.706970697069706944e+02,1.703645663035513280e+02
-4.705970597059705938e+02,1.704377240990440328e+02
-4.704970497049704932e+02,1.705109290260424473e+02
-4.703970397039703926e+02,1.705841811250394358e+02
-4.702970297029702920e+02,1.706574804365715181e+02
-4.701970197019701914e+02,1.707308270012185005e+02
-4.700970097009700908e+02,1.708042208596040723e+02
-4.699969996999699902e+02,1.708776620523953227e+02
-4.698969896989698896e+02,1.709511506203032525e+02
-4.697969796979697890e+02,1.710246866040825751e+02
-4.696969696969696884e+02,1.710982700445318017e+02
-4.695969596959695878e+02,1.711719009824933551e+02
-4.694969496949694872e+02,1.712455794588536548e+02
-4.693969396939693866e+02,1.713193055145429753e+02
-4.692969296929692860e+02,1.713930791905359570e+02
-4.691969196919691854e+02,1.714669005278509530e+02
-4.690969096909690847e+02,1.715407695675507682e+02
-4.689968996899689841e+02,1.716146863507423461e+02
-4.688968896889688835e+02,1.716886509185769967e+02
-4.687968796879687829e+02,1.717626633122501687e+02
-4.686968696869686823e+02,1.718367235730019615e+02
-4.685968596859685817e+02,1.719108317421167555e+02
-4.684968496849684811e+02,1.719849878609236100e+02
-4.683968396839683805e+02,1.720591919707960074e+02
-4.682968296829682799e+02,1.721334441131520805e+02
-4.681968196819681793e+02,1.722077443294547550e+02
-4.680968096809680787e+02,1.722820926612116352e+02
-4.679967996799679781e+02,1.723564891499750900e+02
-4.678967896789678775e+02,1.724309338373424509e+02
-4.677967796779677769e+02,1.725054267649558710e+02
-4.676967696769676763e+02,1.725799679745026083e+02
-4.675967596759675757e+02,1.726545575077148271e+02
-4.674967496749674751e+02,1.727291954063697972e+02
-4.673967396739673745e+02,1.728038817122900923e+02
-4.672967296729672739e+02,1.728786164673433632e+02
-4.671967196719672302e+02,1.729533997134425078e+02
-4.670967096709671296e+02,1.730282314925458991e+02
-4.669966996699670290e+02,1.731031118466571570e+02
-4.668966896689669284e+02,1.731780408178254902e+02
-4.667966796679668278e+02,1.732530184481454967e+02
-4.666966696669667272e+02,1.733280447797573345e+02
-4.665966596659666266e+02,1.734031198548468922e+02
-4.664966496649665260e+02,1.734782437156457036e+02
-4.663966396639664254e+02,1.735534164044309478e+02
-4.662966296629663248e+02,1.736286379635257902e+02
-4.661966196619662242e+02,1.737039084352990699e+02
-4.660966096609661236e+02,1.737792278621657260e+02
-4.659965996599660230e+02,1.738545962865865704e+02
-4.658965896589659224e+02,1.739300137510684579e+02
-4.657965796579658218e+02,1.740054802981644286e+02
-4.656965696569657212e+02,1.740809959704735945e+02
-4.655965596559656205e+02,1.741565608106412810e+02
-4.654965496549655199e+02,1.742321748613592547e+02
-4.653965396539654193e+02,1.743078381653654390e+02
-4.652965296529653187e+02,1.743835507654443120e+02
-4.651965196519652181e+02,1.744593127044266510e+02
-4.650965096509651175e+02,1.745351240251898446e+02
-4.649964996499650169e+02,1.746109847706580069e+02
-4.648964896489649163e+02,1.746868949838016647e+02
-4.647964796479648157e+02,1.747628547076382688e+02
-4.646964696469647151e+02,1.748388639852317397e+02
-4.645964596459646145e+02,1.749149228596930925e+02
-4.644964496449645139e+02,1.749910313741801815e+02
-4.643964396439644133e+02,1.750671895718977851e+02
-4.642964296429643127e+02,1.751433974960976059e+02
-4.641964196419642121e+02,1.752196551900786403e+02
-4.640964096409641115e+02,1.752959626971867806e+02
-4.639963996399640109e+02,1.753723200608153263e+02
-4.638963896389639103e+02,1.754487273244047003e+02
-4.637963796379638097e+02,1.755251845314425907e+02
-4.636963696369637091e+02,1.756016917254642919e+02
-4.635963596359636085e+02,1.756782489500523070e+02
-4.634963496349635079e+02,1.757548562488368589e+02
-4.633963396339634073e+02,1.758315136654956063e+02
-4.632963296329633067e+02,1.759082212437537578e+02
-4.631963196319632061e+02,1.759849790273844121e+02
-4.630963096309631055e+02,1.760617870602083599e+02
-4.629962996299630049e+02,1.761386453860941117e+02
-4.628962896289629043e+02,1.762155540489581824e+02
-4.627962796279628037e+02,1.762925130927649207e+02
-4.626962696269627031e+02,1.763695225615268782e+02
-4.625962596259626025e+02,1.764465824993044123e+02
-4.624962496249625019e+02,1.765236929502061969e+02
-4.623962396239624013e+02,1.766008539583890524e+02
-4.622962296229623007e+02,1.766780655680580594e+02
-4.621962196219622001e+02,1.767553278234665584e+02
-4.620962096209620995e+02,1.768326407689164057e+02
-4.619961996199619989e+02,1.769100044487577463e+02
-4.618961896189618983e+02,1.769874189073894399e+02
-4.617961796179617977e+02,1.770648841892587768e+02
-4.616961696169616971e+02,1.771424003388616484e+02
-4.615961596159615965e+02,1.772199674007428030e+02
-4.614961496149614959e+02,1.772975854194956469e+02
-4.613961396139613953e+02,1.773752544397624433e+02
-4.612961296129612947e+02,1.774529745062343693e+02
-4.611961196119611941e+02,1.775307456636515155e+02
-4.610961096109610935e+02,1.776085679568030855e+02
-4.609960996099609929e+02,1.776864414305273385e+02
-4.608960896089608923e+02,1.777643661297115898e+02
-4.607960796079607917e+02,1.778423420992926367e+02
-4.606960696069606911e+02,1.779203693842560767e+02
-4.605960596059605905e+02,1.779984480296374159e+02
-4.604960496049604899e+02,1.780765780805211591e+02
-4.603960396039603893e+02,1.781547595820414926e+02
-4.602960296029602887e+02,1.782329925793821701e+02
-4.601960196019601881e+02,1.783112771177764273e+02
-4.600960096009600875e+02,1.783896132425072096e+02
-4.599959995999599869e+02,1.784680009989072857e+02
-4.598959895989598863e+02,1.785464404323590770e+02
-4.597959795979597857e+02,1.786249315882950839e+02
-4.596959695969596851e+02,1.787034745121975448e+02
-4.595959595959595845e+02,1.787820692495988055e+02
-4.594959495949594839e+02,1.788607158460812911e+02
-4.593959395939593833e+02,1.789394143472774772e+02
-4.592959295929592827e+02,1.790181647988701172e+02
-4.591959195919591821e+02,1.790969672465922429e+02
-4.590959095909590815e+02,1.791758217362271068e+02
-4.589958995899589809e+02,1.792547283136085241e+02
-4.588958895889588803e+02,1.793336870246207013e+02
-4.587958795879587797e+02,1.794126979151982084e+02
-4.586958695869586791e+02,1.794917610313266039e+02
-4.585958595859585785e+02,1.795708764190417241e+02
-4.584958495849584779e+02,1.796500441244303659e+02
-4.583958395839583773e+02,1.797292641936300299e+02
-4.582958295829582767e+02,1.798085366728291774e+02
-4.581958195819581761e+02,1.798878616082671442e+02
-4.580958095809580755e+02,1.799672390462342264e+02
-4.579957995799579749e+02,1.800466690330718507e+02
-4.578957895789578743e+02,1.801261516151726028e+02
-4.577957795779577737e+02,1.802056868389801707e+02
-4.576957695769576731e+02,1.802852747509897142e+02
-4.575957595759575725e+02,1.803649153977474668e+02
-4.574957495749574719e+02,1.804446088258512759e+02
-4.573957395739573712e+02,1.805243550819504605e+02
-4.572957295729572706e+02,1.806041542127457262e+02
-4.571957195719571700e+02,1.806840062649895344e+02
-4.570957095709570694e+02,1.807639112854860457e+02
-4.569956995699569688e+02,1.808438693210910060e+02
-4.568956895689568682e+02,1.809238804187122582e+02
-4.567956795679567676e+02,1.810039446253092876e+02
-4.566956695669566670e+02,1.810840619878935627e+02
-4.565956595659565664e+02,1.811642325535287341e+02
-4.564956495649565227e+02,1.812444563693304076e+02
-4.563956395639564221e+02,1.813247334824663426e+02
-4.562956295629563215e+02,1.814050639401567651e+02
-4.561956195619562209e+02,1.814854477896738842e+02
-4.560956095609561203e+02,1.815658850783424612e+02
-4.559955995599560197e+02,1.816463758535397233e+02
-4.558955895589559191e+02,1.817269201626952224e+02
-4.557955795579558185e+02,1.818075180532914317e+02
-4.556955695569557179e+02,1.818881695728631200e+02
-4.555955595559556173e+02,1.819688747689979778e+02
-4.554955495549555167e+02,1.820496336893364742e+02
-4.553955395539554161e+02,1.821304463815718293e+02
-4.552955295529553155e+02,1.822113128934503834e+02
-4.551955195519552149e+02,1.822922332727713126e+02
-4.550955095509551143e+02,1.823732075673869133e+02
-4.549954995499550137e+02,1.824542358252027441e+02
-4.548954895489549131e+02,1.825353180941774269e+02
-4.547954795479548125e+02,1.826164544223228461e+02
-4.546954695469547119e+02,1.826976448577045176e+02
-4.545954595459546113e+02,1.827788894484410491e+02
-4.544954495449545107e+02,1.828601882427047656e+02
-4.543954395439544101e+02,1.829415412887214529e+02
-4.542954295429543095e+02,1.830229486347706143e+02
-4.541954195419542089e+02,1.831044103291854412e+02
-4.540954095409541083e+02,1.831859264203528710e+02
-4.539953995399540077e+02,1.832674969567138135e+02
-4.538953895389539070e+02,1.833491219867629809e+02
-4.537953795379538064e+02,1.834308015590491436e+02
-4.536953695369537058e+02,1.835125357221751869e+02
-4.535953595359536052e+02,1.835943245247981395e+02
-4.534953495349535046e+02,1.836761680156290595e+02
-4.533953395339534040e+02,1.837580662434336034e+02
-4.532953295329533034e+02,1.838400192570315710e+02
-4.531953195319532028e+02,1.839220271052973601e+02
-4.530953095309531022e+02,1.840040898371597109e+02
-4.529952995299530016e+02,1.840862075016019901e+02
-4.528952895289529010e+02,1.841683801476624183e+02
-4.527952795279528004e+02,1.842506078244336436e+02
-4.526952695269526998e+02,1.843328905810632818e+02
-4.525952595259525992e+02,1.844152284667539163e+02
-4.524952495249524986e+02,1.844976215307628138e+02
-4.523952395239523980e+02,1.845800698224025780e+02
-4.522952295229522974e+02,1.846625733910406382e+02
-4.521952195219521968e+02,1.847451322860997607e+02
-4.520952095209520962e+02,1.848277465570579068e+02
-4.519951995199519956e+02,1.849104162534483748e+02
-4.518951895189518950e+02,1.849931414248597719e+02
-4.517951795179517944e+02,1.850759221209363545e+02
-4.516951695169516938e+02,1.851587583913777451e+02
-4.515951595159515932e+02,1.852416502859393006e+02
-4.514951495149514926e+02,1.853245978544319428e+02
-4.513951395139513920e+02,1.854076011467224703e+02
-4.512951295129512914e+02,1.854906602127335304e+02
-4.511951195119511908e+02,1.855737751024435624e+02
-4.510951095109510902e+02,1.856569458658872236e+02
-4.509950995099509896e+02,1.857401725531549630e+02
-4.508950895089508890e+02,1.858234552143935616e+02
-4.507950795079507884e+02,1.859067938998060185e+02
-4.506950695069506878e+02,1.859901886596515226e+02
-4.505950595059505872e+02,1.860736395442456512e+02
-4.504950495049504866e+02,1.861571466039605127e+02
-4.503950395039503860e+02,1.862407098892246609e+02
-4.502950295029502854e+02,1.863243294505233507e+02
-4.501950195019501848e+02,1.864080053383983113e+02
-4.500950095009500842e+02,1.864917376034481720e+02
-4.499949994999499836e+02,1.865755262963284906e+02
-4.498949894989498830e+02,1.866593714677514413e+02
-4.497949794979497824e+02,1.867432731684863825e+02
-4.496949694969496818e+02,1.868272314493597719e+02
-4.495949594959495812e+02,1.869112463612549391e+02
-4.494949494949494806e+02,1.869953179551127675e+02
-4.493949394939493800e+02,1.870794462819311548e+02
-4.492949294929492794e+02,1.871636313927654953e+02
-4.491949194919491788e+02,1.872478733387286240e+02
-4.490949094909490782e+02,1.873321721709908445e+02
-4.489948994899489776e+02,1.874165279407801563e+02
-4.488948894889488770e+02,1.875009406993820846e+02
-4.487948794879487764e+02,1.875854104981399928e+02
-4.486948694869486758e+02,1.876699373884551392e+02
-4.485948594859485752e+02,1.877545214217866203e+02
-4.484948494849484746e+02,1.878391626496514561e+02
-4.483948394839483740e+02,1.879238611236248744e+02
-4.482948294829482734e+02,1.880086168953401398e+02
-4.481948194819482296e+02,1.880934300164888100e+02
-4.480948094809481290e+02,1.881783005388207073e+02
-4.479947994799480284e+02,1.882632285141440889e+02
-4.478947894789479278e+02,1.883482139943255902e+02
-4.477947794779478272e+02,1.884332570312904238e+02
-4.476947694769477266e+02,1.885183576770224079e+02
-4.475947594759476260e+02,1.886035159835641650e+02
-4.474947494749475254e+02,1.886887320030168951e+02
-4.473947394739474248e+02,1.887740057875409434e+02
-4.472947294729473242e+02,1.888593373893552325e+02
-4.471947194719472236e+02,1.889447268607379726e+02
-4.470947094709471230e+02,1.890301742540263774e+02
-4.469946994699470224e+02,1.891156796216169198e+02
-4.468946894689469218e+02,1.892012430159651331e+02
-4.467946794679468212e+02,1.892868644895861223e+02
-4.466946694669467206e+02,1.893725440950542804e+02
-4.465946594659466200e+02,1.894582818850035437e+02
-4.464946494649465194e+02,1.895440779121274488e+02
-4.463946394639464188e+02,1.896299322291790759e+02
-4.462946294629463182e+02,1.897158448889713895e+02
-4.461946194619462176e+02,1.898018159443771253e+02
-4.460946094609461170e+02,1.898878454483288749e+02
-4.459945994599460164e+02,1.899739334538193702e+02
-4.458945894589459158e+02,1.900600800139011710e+02
-4.457945794579458152e+02,1.901462851816872615e+02
-4.456945694569457146e+02,1.902325490103506525e+02
-4.455945594559456140e+02,1.903188715531246942e+02
-4.454945494549455134e+02,1.904052528633033035e+02
-4.453945394539454128e+02,1.904916929942405659e+02
-4.452945294529453122e+02,1.905781919993514748e+02
-4.451945194519452116e+02,1.906647499321114481e+02
-4.450945094509451110e+02,1.907513668460566123e+02
-4.449944994499450104e+02,1.908380427947841156e+02
-4.448944894489449098e+02,1.909247778319517863e+02
-4.447944794479448092e+02,1.910115720112783890e+02
-4.446944694469447086e+02,1.910984253865440508e+02
-4.445944594459446080e+02,1.911853380115897210e+02
-4.444944494449445074e+02,1.912723099403177969e+02
-4.443944394439444068e+02,1.913593412266918108e+02
-4.442944294429443062e+02,1.914464319247367143e+02
-4.441944194419442056e+02,1.915335820885391342e+02
-4.440944094409441050e+02,1.916207917722470029e+02
-4.439943994399440044e+02,1.917080610300699561e+02
-4.438943894389439038e+02,1.917953899162795324e+02
-4.437943794379438032e+02,1.918827784852088030e+02
-4.436943694369437026e+02,1.919702267912530260e+02
-4.435943594359436020e+02,1.920577348888692768e+02
-4.434943494349435014e+02,1.921453028325765899e+02
-4.433943394339434008e+02,1.922329306769564425e+02
-4.432943294329433002e+02,1.923206184766522426e+02
-4.431943194319431996e+02,1.924083662863699828e+02
-4.430943094309430990e+02,1.924961741608779278e+02
-4.429942994299429984e+02,1.925840421550067560e+02
-4.428942894289428978e+02,1.926719703236499299e+02
-4.427942794279427972e+02,1.927599587217634394e+02
-4.426942694269426966e+02,1.928480074043659727e+02
-4.425942594259425960e+02,1.929361164265392290e+02
-4.424942494249424954e+02,1.930242858434276627e+02
-4.423942394239423948e+02,1.931125157102388528e+02
-4.422942294229422941e+02,1.932008060822434174e+02
-4.421942194219421935e+02,1.932891570147750713e+02
-4.420942094209420929e+02,1.933775685632309944e+02
-4.419941994199419923e+02,1.934660407830716053e+02
-4.418941894189418917e+02,1.935545737298206461e+02
-4.417941794179417911e+02,1.936431674590657224e+02
-4.416941694169416905e+02,1.937318220264576496e+02
-4.415941594159415899e+02,1.938205374877112490e+02
-4.414941494149414893e+02,1.939093138986050633e+02
-4.413941394139413887e+02,1.939981513149813281e+02
-4.412941294129412881e+02,1.940870497927465124e+02
-4.411941194119411875e+02,1.941760093878709483e+02
-4.410941094109410869e+02,1.942650301563892299e+02
-4.409940994099409863e+02,1.943541121544001555e+02
-4.408940894089408857e+02,1.944432554380667284e+02
-4.407940794079407851e+02,1.945324600636164973e+02
-4.406940694069406845e+02,1.946217260873415000e+02
-4.405940594059405839e+02,1.947110535655982346e+02
-4.404940494049404833e+02,1.948004425548080008e+02
-4.403940394039403827e+02,1.948898931114568143e+02
-4.402940294029402821e+02,1.949794052920956062e+02
-4.401940194019401815e+02,1.950689791533401092e+02
-4.400940094009400809e+02,1.951586147518711414e+02
-4.399939993999399803e+02,1.952483121444346921e+02
-4.398939893989398797e+02,1.953380713878420067e+02
-4.397939793979397791e+02,1.954278925389694166e+02
-4.396939693969396785e+02,1.955177756547589070e+02
-4.395939593959395779e+02,1.956077207922177479e+02
-4.394939493949394773e+02,1.956977280084189204e+02
-4.393939393939393767e+02,1.957877973605009458e+02
-4.392939293929392761e+02,1.958779289056680852e+02
-4.391939193919391755e+02,1.959681227011905946e+02
-4.390939093909390749e+02,1.960583788044046116e+02
-4.389938993899389743e+02,1.961486972727121270e+02
-4.388938893889388737e+02,1.962390781635815529e+02
-4.387938793879387731e+02,1.963295215345471263e+02
-4.386938693869386725e+02,1.964200274432098752e+02
-4.385938593859385719e+02,1.965105959472367090e+02
-4.384938493849384713e+02,1.966012271043612714e+02
-4.383938393839383707e+02,1.966919209723839117e+02
-4.382938293829382701e+02,1.967826776091713725e+02
-4.381938193819381695e+02,1.968734970726572442e+02
-4.380938093809380689e+02,1.969643794208421070e+02
-4.379937993799379683e+02,1.970553247117933040e+02
-4.378937893789378677e+02,1.971463330036453385e+02
-4.377937793779377671e+02,1.972374043545997608e+02
-4.376937693769376665e+02,1.973285388229253670e+02
-4.375937593759375659e+02,1.974197364669583408e+02
-4.374937493749374653e+02,1.975109973451021688e+02
-4.373937393739374215e+02,1.976023215158277822e+02
-4.372937293729373209e+02,1.976937090376740969e+02
-4.371937193719372203e+02,1.977851599692471041e+02
-4.370937093709371197e+02,1.978766743692211776e+02
-4.369936993699370191e+02,1.979682522963381643e+02
-4.368936893689369185e+02,1.980598938094079529e+02
-4.367936793679368179e+02,1.981515989673087574e+02
-4.366936693669367173e+02,1.982433678289865782e+02
-4.365936593659366167e+02,1.983352004534559967e+02
-4.364936493649365161e+02,1.984270968997996931e+02
-4.363936393639364155e+02,1.985190572271689575e+02
-4.362936293629363149e+02,1.986110814947835763e+02
-4.361936193619362143e+02,1.987031697619319459e+02
-4.360936093609361137e+02,1.987953220879711864e+02
-4.359935993599360131e+02,1.988875385323273690e+02
-4.358935893589359125e+02,1.989798191544952317e+02
-4.357935793579358119e+02,1.990721640140388615e+02
-4.356935693569357113e+02,1.991645731705912112e+02
-4.355935593559356107e+02,1.992570466838544405e+02
-4.354935493549355101e+02,1.993495846136002854e+02
-4.353935393539354095e+02,1.994421870196695465e+02
-4.352935293529353089e+02,1.995348539619727433e+02
-4.351935193519352083e+02,1.996275855004899142e+02
-4.350935093509351077e+02,1.997203816952707882e+02
-4.349934993499350071e+02,1.998132426064350113e+02
-4.348934893489349065e+02,1.999061682941718914e+02
-4.347934793479348059e+02,1.999991588187408809e+02
-4.346934693469347053e+02,2.000922142404715487e+02
-4.345934593459346047e+02,2.001853346197634949e+02
-4.344934493449345041e+02,2.002785200170867483e+02
-4.343934393439344035e+02,2.003717704929817103e+02
-4.342934293429343029e+02,2.004650861080589834e+02
-4.341934193419342023e+02,2.005584669230002532e+02
-4.340934093409341017e+02,2.006519129985574637e+02
-4.339933993399340011e+02,2.007454243955533855e+02
-4.338933893389339005e+02,2.008390011748818722e+02
-4.337933793379337999e+02,2.009326433975075190e+02
-4.336933693369336993e+02,2.010263511244661743e+02
-4.335933593359335987e+02,2.011201244168647122e+02
-4.334933493349334981e+02,2.012139633358813455e+02
-4.333933393339333975e+02,2.013078679427656539e+02
-4.332933293329332969e+02,2.014018382988387827e+02
-4.331933193319331963e+02,2.014958744654931024e+02
-4.330933093309330957e+02,2.015899765041930891e+02
-4.329932993299329951e+02,2.016841444764746711e+02
-4.328932893289328945e+02,2.017783784439458259e+02
-4.327932793279327939e+02,2.018726784682865230e+02
-4.326932693269326933e+02,2.019670446112485820e+02
-4.325932593259325927e+02,2.020614769346562696e+02
-4.324932493249324921e+02,2.021559755004059582e+02
-4.323932393239323915e+02,2.022505403704662967e+02
-4.322932293229322909e+02,2.023451716068787505e+02
-4.321932193219321903e+02,2.024398692717570896e+02
-4.320932093209320897e+02,2.025346334272878437e+02
-4.319931993199319891e+02,2.026294641357303306e+02
-4.318931893189318885e+02,2.027243614594167127e+02
-4.317931793179317879e+02,2.028193254607521965e+02
-4.316931693169316873e+02,2.029143562022150320e+02
-4.315931593159315867e+02,2.030094537463567406e+02
-4.314931493149314861e+02,2.031046181558020578e+02
-4.313931393139313855e+02,2.031998494932491042e+02
-4.312931293129312849e+02,2.032951478214696976e+02
-4.311931193119311843e+02,2.033905132033089274e+02
-4.310931093109310837e+02,2.034859457016858357e+02
-4.309930993099309831e+02,2.035814453795932195e+02
-4.308930893089308825e+02,2.036770123000978003e+02
-4.307930793079307819e+02,2.037726465263403384e+02
-4.306930693069306813e+02,2.038683481215356608e+02
-4.305930593059305806e+02,2.039641171489728038e+02
-4.304930493049304800e+02,2.040599536720153253e+02
-4.303930393039303794e+02,2.041558577541010209e+02
-4.302930293029302788e+02,2.042518294587422076e+02
-4.301930193019301782e+02,2.043478688495260940e+02
-4.300930093009300776e+02,2.044439759901143816e+02
-4.299929992999299770e+02,2.045401509442438339e+02
-4.298929892989298764e+02,2.046363937757260203e+02
-4.297929792979297758e+02,2.047327045484476571e+02
-4.296929692969297321e+02,2.048290833263706077e+02
-4.295929592959296315e+02,2.049255301735321950e+02
-4.294929492949295309e+02,2.050220451540447755e+02
-4.293929392939294303e+02,2.051186283320965629e+02
-4.292929292929293297e+02,2.052152797719511454e+02
-4.291929192919292291e+02,2.053119995379479406e+02
-4.290929092909291285e+02,2.054087876945021662e+02
-4.289928992899290279e+02,2.055056443061048412e+02
-4.288928892889289273e+02,2.056025694373231829e+02
-4.287928792879288267e+02,2.056995631528004083e+02
-4.286928692869287261e+02,2.057966255172561887e+02
-4.285928592859286255e+02,2.058937565954863089e+02
-4.284928492849285249e+02,2.059909564523630934e+02
-4.283928392839284243e+02,2.060882251528355766e+02
-4.282928292829283237e+02,2.061855627619293330e+02
-4.281928192819282231e+02,2.062829693447467321e+02
-4.280928092809281225e+02,2.063804449664670813e+02
-4.279927992799280219e+02,2.064779896923466822e+02
-4.278927892789279213e+02,2.065756035877189731e+02
-4.277927792779278207e+02,2.066732867179945856e+02
-4.276927692769277201e+02,2.067710391486614583e+02
-4.275927592759276195e+02,2.068688609452850642e+02
-4.274927492749275189e+02,2.069667521735083824e+02
-4.273927392739274183e+02,2.070647128990520116e+02
-4.272927292729273177e+02,2.071627431877144545e+02
-4.271927192719272171e+02,2.072608431053718903e+02
-4.270927092709271164e+02,2.073590127179787999e+02
-4.269926992699270158e+02,2.074572520915673977e+02
-4.268926892689269152e+02,2.075555612922483988e+02
-4.267926792679268146e+02,2.076539403862107918e+02
-4.266926692669267140e+02,2.077523894397218953e+02
-4.265926592659266134e+02,2.078509085191276711e+02
-4.264926492649265128e+02,2.079494976908527804e+02
-4.263926392639264122e+02,2.080481570214006126e+02
-4.262926292629263116e+02,2.081468865773533707e+02
-4.261926192619262110e+02,2.082456864253724405e+02
-4.260926092609261104e+02,2.083445566321980493e+02
-4.259925992599260098e+02,2.084434972646500057e+02
-4.258925892589259092e+02,2.085425083896271019e+02
-4.257925792579258086e+02,2.086415900741078815e+02
-4.256925692569257080e+02,2.087407423851502131e+02
-4.255925592559256074e+02,2.088399653898917450e+02
-4.254925492549255068e+02,2.089392591555499905e+02
-4.253925392539254062e+02,2.090386237494222712e+02
-4.252925292529253056e+02,2.091380592388858304e+02
-4.251925192519252050e+02,2.092375656913983732e+02
-4.250925092509251044e+02,2.093371431744975553e+02
-4.249924992499250038e+02,2.094367917558014369e+02
-4.248924892489249032e+02,2.095365115030086827e+02
-4.247924792479248026e+02,2.096363024838983620e+02
-4.246924692469247020e+02,2.097361647663305178e+02
-4.245924592459246014e+02,2.098360984182457969e+02
-4.244924492449245008e+02,2.099361035076657913e+02
-4.243924392439244002e+02,2.100361801026932937e+02
-4.242924292429242996e+02,2.101363282715120704e+02
-4.241924192419241990e+02,2.102365480823874293e+02
-4.240924092409240984e+02,2.103368396036658510e+02
-4.239923992399239978e+02,2.104372029037753578e+02
-4.238923892389238972e+02,2.105376380512258265e+02
-4.237923792379237966e+02,2.106381451146086476e+02
-4.236923692369236960e+02,2.107387241625970660e+02
-4.235923592359235954e+02,2.108393752639465788e+02
-4.234923492349234948e+02,2.109400984874945379e+02
-4.233923392339233942e+02,2.110408939021605761e+02
-4.232923292329232936e+02,2.111417615769468057e+02
-4.231923192319231930e+02,2.112427015809375064e+02
-4.230923092309230924e+02,2.113437139832999492e+02
-4.229922992299229918e+02,2.114447988532835723e+02
-4.228922892289228912e+02,2.115459562602211179e+02
-4.227922792279227906e+02,2.116471862735280070e+02
-4.226922692269226900e+02,2.117484889627027655e+02
-4.225922592259225894e+02,2.118498643973270816e+02
-4.224922492249224888e+02,2.119513126470659472e+02
-4.223922392239223882e+02,2.120528337816677436e+02
-4.222922292229222876e+02,2.121544278709644686e+02
-4.221922192219221870e+02,2.122560949848715381e+02
-4.220922092209220864e+02,2.123578351933885244e+02
-4.219921992199219858e+02,2.124596485665985028e+02
-4.218921892189218852e+02,2.125615351746687054e+02
-4.217921792179217846e+02,2.126634950878506629e+02
-4.216921692169216840e+02,2.127655283764799208e+02
-4.215921592159215834e+02,2.128676351109763800e+02
-4.214921492149214828e+02,2.129698153618447805e+02
-4.213921392139213822e+02,2.130720691996740470e+02
-4.212921292129212816e+02,2.131743966951381424e+02
-4.211921192119211810e+02,2.132767979189958112e+02
-4.210921092109210804e+02,2.133792729420906653e+02
-4.209920992099209798e+02,2.134818218353516102e+02
-4.208920892089208792e+02,2.135844446697926173e+02
-4.207920792079207786e+02,2.136871415165131225e+02
-4.206920692069206780e+02,2.137899124466979970e+02
-4.205920592059205774e+02,2.138927575316176615e+02
-4.204920492049204768e+02,2.139956768426283986e+02
-4.203920392039203762e+02,2.140986704511722110e+02
-4.202920292029202756e+02,2.142017384287770767e+02
-4.201920192019201750e+02,2.143048808470571487e+02
-4.200920092009200744e+02,2.144080977777126975e+02
-4.199919991999199738e+02,2.145113892925304526e+02
-4.198919891989198732e+02,2.146147554633834602e+02
-4.197919791979197726e+02,2.147181963622315379e+02
-4.196919691969196720e+02,2.148217120611210476e+02
-4.195919591959195714e+02,2.149253026321853781e+02
-4.194919491949194708e+02,2.150289681476446333e+02
-4.193919391939193702e+02,2.151327086798063135e+02
-4.192919291929192696e+02,2.152365243010648612e+02
-4.191919191919191690e+02,2.153404150839023430e+02
-4.190919091909190684e+02,2.154443811008881084e+02
-4.189918991899189677e+02,2.155484224246790461e+02
-4.188918891889188671e+02,2.156525391280199528e+02
-4.187918791879187665e+02,2.157567312837434201e+02
-4.186918691869186659e+02,2.158609989647699479e+02
-4.185918591859185653e+02,2.159653422441082853e+02
-4.184918491849184647e+02,2.160697611948552321e+02
-4.183918391839183641e+02,2.161742558901961786e+02
-4.182918291829182635e+02,2.162788264034047927e+02
-4.181918191819181629e+02,2.163834728078435035e+02
-4.180918091809180623e+02,2.164881951769634725e+02
-4.179917991799179617e+02,2.165929935843046223e+02
-4.178917891789178611e+02,2.166978681034960914e+02
-4.177917791779178174e+02,2.168028188082559495e+02
-4.176917691769177168e+02,2.169078457723916813e+02
-4.175917591759176162e+02,2.170129490698001007e+02
-4.174917491749175156e+02,2.171181287744675501e+02
-4.173917391739174150e+02,2.172233849604700424e+02
-4.172917291729173144e+02,2.173287177019734315e+02
-4.171917191719172138e+02,2.174341270732333555e+02
-4.170917091709171132e+02,2.175396131485955493e+02
-4.169916991699170126e+02,2.176451760024960720e+02
-4.168916891689169120e+02,2.177508157094611363e+02
-4.167916791679168114e+02,2.178565323441074497e+02
-4.166916691669167108e+02,2.179623259811422713e+02
-4.165916591659166102e+02,2.180681966953634685e+02
-4.164916491649165096e+02,2.181741445616600856e+02
-4.163916391639164090e+02,2.182801696550117185e+02
-4.162916291629163084e+02,2.183862720504893957e+02
-4.161916191619162078e+02,2.184924518232552373e+02
-4.160916091609161072e+02,2.185987090485626254e+02
-4.159915991599160066e+02,2.187050438017566591e+02
-4.158915891589159060e+02,2.188114561582740407e+02
-4.157915791579158054e+02,2.189179461936430187e+02
-4.156915691569157048e+02,2.190245139834840700e+02
-4.155915591559156042e+02,2.191311596035094169e+02
-4.154915491549155036e+02,2.192378831295237092e+02
-4.153915391539154029e+02,2.193446846374237396e+02
-4.152915291529153023e+02,2.194515642031987568e+02
-4.151915191519152017e+02,2.195585219029306074e+02
-4.150915091509151011e+02,2.196655578127939350e+02
-4.149914991499150005e+02,2.197726720090560946e+02
-4.148914891489148999e+02,2.198798645680775508e+02
-4.147914791479147993e+02,2.199871355663117640e+02
-4.146914691469146987e+02,2.200944850803055033e+02
-4.145914591459145981e+02,2.202019131866990165e+02
-4.144914491449144975e+02,2.203094199622259737e+02
-4.143914391439143969e+02,2.204170054837137798e+02
-4.142914291429142963e+02,2.205246698280834892e+02
-4.141914191419141957e+02,2.206324130723503743e+02
-4.140914091409140951e+02,2.207402352936236412e+02
-4.139913991399139945e+02,2.208481365691065150e+02
-4.138913891389138939e+02,2.209561169760969790e+02
-4.137913791379137933e+02,2.210641765919872057e+02
-4.136913691369136927e+02,2.211723154942640690e+02
-4.135913591359135921e+02,2.212805337605093143e+02
-4.134913491349134915e+02,2.213888314683994167e+02
-4.133913391339133909e+02,2.214972086957062061e+02
-4.132913291329132903e+02,2.216056655202962986e+02
-4.131913191319131897e+02,2.217142020201319212e+02
-4.130913091309130891e+02,2.218228182732707410e+02
-4.129912991299129885e+02,2.219315143578659786e+02
-4.128912891289128879e+02,2.220402903521665792e+02
-4.127912791279127873e+02,2.221491463345174111e+02
-4.126912691269126867e+02,2.222580823833593513e+02
-4.125912591259125861e+02,2.223670985772296547e+02
-4.124912491249124855e+02,2.224761949947615278e+02
-4.123912391239123849e+02,2.225853717146848680e+02
-4.122912291229122843e+02,2.226946288158261780e+02
-4.121912191219121837e+02,2.228039663771085657e+02
-4.120912091209120831e+02,2.229133844775522846e+02
-4.119911991199119825e+02,2.230228831962742788e+02
-4.118911891189118819e+02,2.231324626124888084e+02
-4.117911791179117813e+02,2.232421228055076199e+02
-4.116911691169116807e+02,2.233518638547396051e+02
-4.115911591159115801e+02,2.234616858396914552e+02
-4.114911491149114795e+02,2.235715888399676317e+02
-4.113911391139113789e+02,2.236815729352702817e+02
-4.112911291129112783e+02,2.237916382053997779e+02
-4.111911191119111777e+02,2.239017847302546613e+02
-4.110911091109110771e+02,2.240120125898316132e+02
-4.109910991099109765e+02,2.241223218642260235e+02
-4.108910891089108759e+02,2.242327126336317917e+02
-4.107910791079107753e+02,2.243431849783414123e+02
-4.106910691069106747e+02,2.244537389787466282e+02
-4.105910591059106309e+02,2.245643747153378342e+02
-4.104910491049105303e+02,2.246750922687050434e+02
-4.103910391039104297e+02,2.247858917195373749e+02
-4.102910291029103291e+02,2.248967731486232253e+02
-4.101910191019102285e+02,2.250077366368512060e+02
-4.100910091009101279e+02,2.251187822652092052e+02
-4.099909990999100273e+02,2.252299101147851559e+02
-4.098909890989099267e+02,2.253411202667672910e+02
-4.097909790979098261e+02,2.254524128024437744e+02
-4.096909690969097255e+02,2.255637878032034394e+02
-4.095909590959096249e+02,2.256752453505354197e+02
-4.094909490949095243e+02,2.257867855260295471e+02
-4.093909390939094237e+02,2.258984084113766926e+02
-4.092909290929093231e+02,2.260101140883683968e+02
-4.091909190919092225e+02,2.261219026388974669e+02
-4.090909090909091219e+02,2.262337741449581188e+02
-4.089908990899090213e+02,2.263457286886458064e+02
-4.088908890889089207e+02,2.264577663521575914e+02
-4.087908790879088201e+02,2.265698872177923704e+02
-4.086908690869087195e+02,2.266820913679508465e+02
-4.085908590859086189e+02,2.267943788851356430e+02
-4.084908490849085183e+02,2.269067498519515880e+02
-4.083908390839084177e+02,2.270192043511061968e+02
-4.082908290829083171e+02,2.271317424654090189e+02
-4.081908190819082165e+02,2.272443642777723483e+02
-4.080908090809081159e+02,2.273570698712115643e+02
-4.079907990799080153e+02,2.274698593288445636e+02
-4.078907890789079147e+02,2.275827327338925556e+02
-4.077907790779078141e+02,2.276956901696801197e+02
-4.076907690769077135e+02,2.278087317196349204e+02
-4.075907590759076129e+02,2.279218574672885040e+02
-4.074907490749075123e+02,2.280350674962759570e+02
-4.073907390739074117e+02,2.281483618903361617e+02
-4.072907290729073111e+02,2.282617407333122230e+02
-4.071907190719072105e+02,2.283752041091513263e+02
-4.070907090709071099e+02,2.284887521019047938e+02
-4.069906990699070093e+02,2.286023847957289092e+02
-4.068906890689069087e+02,2.287161022748840935e+02
-4.067906790679068081e+02,2.288299046237358709e+02
-4.066906690669067075e+02,2.289437919267546988e+02
-4.065906590659066069e+02,2.290577642685159105e+02
-4.064906490649065063e+02,2.291718217337003978e+02
-4.063906390639064057e+02,2.292859644070943830e+02
-4.062906290629063051e+02,2.294001923735895332e+02
-4.061906190619062045e+02,2.295145057181835284e+02
-4.060906090609061039e+02,2.296289045259796922e+02
-4.059905990599060033e+02,2.297433888821875314e+02
-4.058905890589059027e+02,2.298579588721228220e+02
-4.057905790579058021e+02,2.299726145812075231e+02
-4.056905690569057015e+02,2.300873560949704029e+02
-4.055905590559056009e+02,2.302021834990465834e+02
-4.054905490549055003e+02,2.303170968791783935e+02
-4.053905390539053997e+02,2.304320963212149707e+02
-4.052905290529052991e+02,2.305471819111125740e+02
-4.051905190519051985e+02,2.306623537349350386e+02
-4.050905090509050979e+02,2.307776118788534916e+02
-4.049904990499049973e+02,2.308929564291466647e+02
-4.048904890489048967e+02,2.310083874722014343e+02
-4.047904790479047961e+02,2.311239050945122244e+02
-4.046904690469046955e+02,2.312395093826820869e+02
-4.045904590459045949e+02,2.313552004234218771e+02
-4.044904490449044943e+02,2.314709783035511350e+02
-4.043904390439043937e+02,2.315868431099982558e+02
-4.042904290429042931e+02,2.317027949298001204e+02
-4.041904190419041925e+02,2.318188338501025214e+02
-4.040904090409040919e+02,2.319349599581607606e+02
-4.039903990399039913e+02,2.320511733413389948e+02
-4.038903890389038907e+02,2.321674740871111453e+02
-4.037903790379037900e+02,2.322838622830605573e+02
-4.036903690369036894e+02,2.324003380168804256e+02
-4.035903590359035888e+02,2.325169013763738235e+02
-4.034903490349034882e+02,2.326335524494541289e+02
-4.033903390339033876e+02,2.327502913241447118e+02
-4.032903290329032870e+02,2.328671180885795877e+02
-4.031903190319031864e+02,2.329840328310032760e+02
-4.030903090309030858e+02,2.331010356397711689e+02
-4.029902990299029852e+02,2.332181266033494751e+02
-4.028902890289028846e+02,2.333353058103155604e+02
-4.027902790279027840e+02,2.334525733493582322e+02
-4.026902690269026834e+02,2.335699293092774553e+02
-4.025902590259025828e+02,2.336873737789849486e+02
-4.024902490249024822e+02,2.338049068475041850e+02
-4.023902390239023816e+02,2.339225286039706191e+02
-4.022902290229022810e+02,2.340402391376318292e+02
-4.021902190219021804e+02,2.341580385378476876e+02
-4.020902090209020798e+02,2.342759268940903610e+02
-4.019901990199019792e+02,2.343939042959449353e+02
-4.018901890189018786e+02,2.345119708331089043e+02
-4.017901790179017780e+02,2.346301265953931932e+02
-4.016901690169016774e+02,2.347483716727215324e+02
-4.015901590159015768e+02,2.348667061551309985e+02
-4.014901490149014762e+02,2.349851301327722410e+02
-4.013901390139013756e+02,2.351036436959095397e+02
-4.012901290129012750e+02,2.352222469349208893e+02
-4.011901190119011744e+02,2.353409399402985116e+02
-4.010901090109010738e+02,2.354597228026484856e+02
-4.009900990099009732e+02,2.355785956126915153e+02
-4.008900890089008726e+02,2.356975584612626733e+02
-4.007900790079007720e+02,2.358166114393117141e+02
-4.006900690069006714e+02,2.359357546379034147e+02
-4.005900590059005708e+02,2.360549881482171770e+02
-4.004900490049004702e+02,2.361743120615482212e+02
-4.003900390039003696e+02,2.362937264693066481e+02
-4.002900290029002690e+02,2.364132314630182350e+02
-4.001900190019001684e+02,2.365328271343247195e+02
-4.000900090009000678e+02,2.366525135749835442e+02
-3.999899989998999672e+02,2.367722908768681691e+02
-3.998899889988998666e+02,2.368921591319685547e+02
-3.997899789978997660e+02,2.370121184323908494e+02
-3.996899689968996654e+02,2.371321688703580435e+02
-3.995899589958995648e+02,2.372523105382098549e+02
-3.994899489948994642e+02,2.373725435284028151e+02
-3.993899389938993636e+02,2.374928679335107802e+02
-3.992899289928992630e+02,2.376132838462249310e+02
-3.991899189918991624e+02,2.377337913593537735e+02
-3.990899089908990618e+02,2.378543905658237634e+02
-3.989898989898989612e+02,2.379750815586789656e+02
-3.988898889888988606e+02,2.380958644310817363e+02
-3.987898789878987600e+02,2.382167392763124667e+02
-3.986898689868987162e+02,2.383377061877698395e+02
-3.985898589858986156e+02,2.384587652589715674e+02
-3.984898489848985150e+02,2.385799165835537963e+02
-3.983898389838984144e+02,2.387011602552714180e+02
-3.982898289828983138e+02,2.388224963679989798e+02
-3.981898189818982132e+02,2.389439250157298602e+02
-3.980898089808981126e+02,2.390654462925772918e+02
-3.979897989798980120e+02,2.391870602927739924e+02
-3.978897889788979114e+02,2.393087671106724201e+02
-3.977897789778978108e+02,2.394305668407453140e+02
-3.976897689768977102e+02,2.395524595775854664e+02
-3.975897589758976096e+02,2.396744454159062059e+02
-3.974897489748975090e+02,2.397965244505413125e+02
-3.973897389738974084e+02,2.399186967764453300e+02
-3.972897289728973078e+02,2.400409624886940492e+02
-3.971897189718972072e+02,2.401633216824840815e+02
-3.970897089708971066e+02,2.402857744531333708e+02
-3.969896989698970060e+02,2.404083208960816762e+02
-3.968896889688969054e+02,2.405309611068900040e+02
-3.967896789678968048e+02,2.406536951812417158e+02
-3.966896689668967042e+02,2.407765232149419603e+02
-3.965896589658966036e+02,2.408994453039181565e+02
-3.964896489648965030e+02,2.410224615442203628e+02
-3.963896389638964024e+02,2.411455720320209934e+02
-3.962896289628963018e+02,2.412687768636153294e+02
-3.961896189618962012e+02,2.413920761354220303e+02
-3.960896089608961006e+02,2.415154699439824810e+02
-3.959895989598960000e+02,2.416389583859617289e+02
-3.958895889588958994e+02,2.417625415581483423e+02
-3.957895789578957988e+02,2.418862195574545524e+02
-3.956895689568956982e+02,2.420099924809167078e+02
-3.955895589558955976e+02,2.421338604256952181e+02
-3.954895489548954970e+02,2.422578234890748092e+02
-3.953895389538953964e+02,2.423818817684648366e+02
-3.952895289528952958e+02,2.425060353613991424e+02
-3.951895189518951952e+02,2.426302843655368520e+02
-3.950895089508950946e+02,2.427546288786618618e+02
-3.949894989498949940e+02,2.428790689986834082e+02
-3.948894889488948934e+02,2.430036048236364934e+02
-3.947894789478947928e+02,2.431282364516814596e+02
-3.946894689468946922e+02,2.432529639811046422e+02
-3.945894589458945916e+02,2.433777875103186261e+02
-3.944894489448944910e+02,2.435027071378619610e+02
-3.943894389438943904e+02,2.436277229623999006e+02
-3.942894289428942898e+02,2.437528350827242036e+02
-3.941894189418941892e+02,2.438780435977533330e+02
-3.940894089408940886e+02,2.440033486065332511e+02
-3.939893989398939880e+02,2.441287502082367098e+02
-3.938893889388938874e+02,2.442542485021642165e+02
-3.937893789378937868e+02,2.443798435877436361e+02
-3.936893689368936862e+02,2.445055355645308168e+02
-3.935893589358935856e+02,2.446313245322096179e+02
-3.934893489348934850e+02,2.447572105905921660e+02
-3.933893389338933844e+02,2.448831938396188264e+02
-3.932893289328932838e+02,2.450092743793588284e+02
-3.931893189318931832e+02,2.451354523100099527e+02
-3.930893089308930826e+02,2.452617277318993274e+02
-3.929892989298929820e+02,2.453881007454830296e+02
-3.928892889288928814e+02,2.455145714513464839e+02
-3.927892789278927808e+02,2.456411399502051722e+02
-3.926892689268926802e+02,2.457678063429038957e+02
-3.925892589258925796e+02,2.458945707304177120e+02
-3.924892489248924790e+02,2.460214332138519637e+02
-3.923892389238923784e+02,2.461483938944420515e+02
-3.922892289228922778e+02,2.462754528735545705e+02
-3.921892189218921771e+02,2.464026102526864861e+02
-3.920892089208920765e+02,2.465298661334659016e+02
-3.919891989198919759e+02,2.466572206176522570e+02
-3.918891889188918753e+02,2.467846738071363006e+02
-3.917891789178917747e+02,2.469122258039405153e+02
-3.916891689168916741e+02,2.470398767102191471e+02
-3.915891589158916304e+02,2.471676266282584322e+02
-3.914891489148915298e+02,2.472954756604771944e+02
-3.913891389138914292e+02,2.474234239094262477e+02
-3.912891289128913286e+02,2.475514714777893062e+02
-3.911891189118912280e+02,2.476796184683830404e+02
-3.910891089108911274e+02,2.478078649841569927e+02
-3.909890989098910268e+02,2.479362111281940031e+02
-3.908890889088909262e+02,2.480646570037106358e+02
-3.907890789078908256e+02,2.481932027140568948e+02
-3.906890689068907250e+02,2.483218483627168212e+02
-3.905890589058906244e+02,2.484505940533084924e+02
-3.904890489048905238e+02,2.485794398895843074e+02
-3.903890389038904232e+02,2.487083859754312982e+02
-3.902890289028903226e+02,2.488374324148711025e+02
-3.901890189018902220e+02,2.489665793120604178e+02
-3.900890089008901214e+02,2.490958267712910015e+02
-3.899889988998900208e+02,2.492251748969899552e+02
-3.898889888988899202e+02,2.493546237937202079e+02
-3.897889788978898196e+02,2.494841735661801749e+02
-3.896889688968897190e+02,2.496138243192042978e+02
-3.895889588958896184e+02,2.497435761577636129e+02
-3.894889488948895178e+02,2.498734291869650690e+02
-3.893889388938894172e+02,2.500033835120526078e+02
-3.892889288928893166e+02,2.501334392384068508e+02
-3.891889188918892160e+02,2.502635964715454975e+02
-3.890889088908891154e+02,2.503938553171236947e+02
-3.889888988898890148e+02,2.505242158809339230e+02
-3.888888888888889142e+02,2.506546782689063377e+02
-3.887888788878888136e+02,2.507852425871090816e+02
-3.886888688868887130e+02,2.509159089417485120e+02
-3.885888588858886123e+02,2.510466774391693150e+02
-3.884888488848885117e+02,2.511775481858546470e+02
-3.883888388838884111e+02,2.513085212884264479e+02
-3.882888288828883105e+02,2.514395968536460089e+02
-3.881888188818882099e+02,2.515707749884132056e+02
-3.880888088808881093e+02,2.517020557997679475e+02
-3.879887988798880087e+02,2.518334393948894956e+02
-3.878887888788879081e+02,2.519649258810970309e+02
-3.877887788778878075e+02,2.520965153658499958e+02
-3.876887688768877069e+02,2.522282079567479229e+02
-3.875887588758876063e+02,2.523600037615310043e+02
-3.874887488748875057e+02,2.524919028880802045e+02
-3.873887388738874051e+02,2.526239054444173746e+02
-3.872887288728873045e+02,2.527560115387057067e+02
-3.871887188718872039e+02,2.528882212792497057e+02
-3.870887088708871033e+02,2.530205347744954452e+02
-3.869886988698870027e+02,2.531529521330311070e+02
-3.868886888688869021e+02,2.532854734635867260e+02
-3.867886788678868015e+02,2.534180988750347012e+02
-3.866886688668867009e+02,2.535508284763901088e+02
-3.865886588658866003e+02,2.536836623768105881e+02
-3.864886488648864997e+02,2.538166006855969101e+02
-3.863886388638863991e+02,2.539496435121930915e+02
-3.862886288628862985e+02,2.540827909661861952e+02
-3.861886188618861979e+02,2.542160431573075243e+02
-3.860886088608860973e+02,2.543494001954317412e+02
-3.859885988598859967e+02,2.544828621905780039e+02
-3.858885888588858961e+02,2.546164292529096826e+02
-3.857885788578857955e+02,2.547501014927345580e+02
-3.856885688568856949e+02,2.548838790205054750e+02
-3.855885588558855943e+02,2.550177619468200874e+02
-3.854885488548854937e+02,2.551517503824212838e+02
-3.853885388538853931e+02,2.552858444381976142e+02
-3.852885288528852925e+02,2.554200442251832612e+02
-3.851885188518851919e+02,2.555543498545583248e+02
-3.850885088508850913e+02,2.556887614376490490e+02
-3.849884988498849907e+02,2.558232790859279930e+02
-3.848884888488848901e+02,2.559579029110146564e+02
-3.847884788478847895e+02,2.560926330246750808e+02
-3.846884688468846889e+02,2.562274695388224472e+02
-3.845884588458845883e+02,2.563624125655175021e+02
-3.844884488448844877e+02,2.564974622169681879e+02
-3.843884388438843871e+02,2.566326186055306380e+02
-3.842884288428842865e+02,2.567678818437086647e+02
-3.841884188418841859e+02,2.569032520441544420e+02
-3.840884088408840853e+02,2.570387293196687892e+02
-3.839883988398839847e+02,2.571743137832010575e+02
-3.838883888388838841e+02,2.573100055478496415e+02
-3.837883788378837835e+02,2.574458047268622636e+02
-3.836883688368836829e+02,2.575817114336356894e+02
-3.835883588358835823e+02,2.577177257817169220e+02
-3.834883488348834817e+02,2.578538478848024624e+02
-3.833883388338833811e+02,2.579900778567389921e+02
-3.832883288328832805e+02,2.581264158115238274e+02
-3.831883188318831799e+02,2.582628618633044653e+02
-3.830883088308830793e+02,2.583994161263798333e+02
-3.829882988298829787e+02,2.585360787151995510e+02
-3.828882888288828781e+02,2.586728497443646120e+02
-3.827882788278827775e+02,2.588097293286278386e+02
-3.826882688268826769e+02,2.589467175828935979e+02
-3.825882588258825763e+02,2.590838146222184264e+02
-3.824882488248824757e+02,2.592210205618113150e+02
-3.823882388238823751e+02,2.593583355170334812e+02
-3.822882288228822745e+02,2.594957596033992218e+02
-3.821882188218821739e+02,2.596332929365757991e+02
-3.820882088208820733e+02,2.597709356323834982e+02
-3.819881988198819727e+02,2.599086878067965927e+02
-3.818881888188818721e+02,2.600465495759427199e+02
-3.817881788178817715e+02,2.601845210561036197e+02
-3.816881688168816709e+02,2.603226023637155322e+02
-3.815881588158815703e+02,2.604607936153688001e+02
-3.814881488148814697e+02,2.605990949278088920e+02
-3.813881388138813691e+02,2.607375064179359470e+02
-3.812881288128812685e+02,2.608760282028055144e+02
-3.811881188118811679e+02,2.610146603996286103e+02
-3.810881088108810673e+02,2.611534031257720017e+02
-3.809880988098809667e+02,2.612922564987582632e+02
-3.808880888088808661e+02,2.614312206362666302e+02
-3.807880788078807655e+02,2.615702956561322594e+02
-3.806880688068806649e+02,2.617094816763474796e+02
-3.805880588058805643e+02,2.618487788150614506e+02
-3.804880488048804636e+02,2.619881871905803905e+02
-3.803880388038803630e+02,2.621277069213683717e+02
-3.802880288028802624e+02,2.622673381260467522e+02
-3.801880188018801618e+02,2.624070809233952559e+02
-3.800880088008800612e+02,2.625469354323517450e+02
-3.799879987998799606e+02,2.626869017720123338e+02
-3.798879887988798600e+02,2.628269800616322982e+02
-3.797879787978797594e+02,2.629671704206256209e+02
-3.796879687968797157e+02,2.631074729685653892e+02
-3.795879587958796151e+02,2.632478878251847618e+02
-3.794879487948795145e+02,2.633884151103761155e+02
-3.793879387938794139e+02,2.635290549441921826e+02
-3.792879287928793133e+02,2.636698074468457662e+02
-3.791879187918792127e+02,2.638106727387101955e+02
-3.790879087908791121e+02,2.639516509403198938e+02
-3.789878987898790115e+02,2.640927421723698671e+02
-3.788878887888789109e+02,2.642339465557167273e+02
-3.787878787878788103e+02,2.643752642113786919e+02
-3.786878687868787097e+02,2.645166952605355277e+02
-3.785878587858786091e+02,2.646582398245295167e+02
-3.784878487848785085e+02,2.647998980248648877e+02
-3.783878387838784079e+02,2.649416699832085555e+02
-3.782878287828783073e+02,2.650835558213905188e+02
-3.781878187818782067e+02,2.652255556614036891e+02
-3.780878087808781061e+02,2.653676696254042895e+02
-3.779877987798780055e+02,2.655098978357125361e+02
-3.778877887788779049e+02,2.656522404148121836e+02
-3.777877787778778043e+02,2.657946974853514917e+02
-3.776877687768777037e+02,2.659372691701429403e+02
-3.775877587758776031e+02,2.660799555921636852e+02
-3.774877487748775025e+02,2.662227568745561825e+02
-3.773877387738774019e+02,2.663656731406277345e+02
-3.772877287728773013e+02,2.665087045138513986e+02
-3.771877187718772007e+02,2.666518511178659310e+02
-3.770877087708771001e+02,2.667951130764760705e+02
-3.769876987698769994e+02,2.669384905136529937e+02
-3.768876887688768988e+02,2.670819835535343145e+02
-3.767876787678767982e+02,2.672255923204244255e+02
-3.766876687668766976e+02,2.673693169387951798e+02
-3.765876587658765970e+02,2.675131575332854368e+02
-3.764876487648764964e+02,2.676571142287019143e+02
-3.763876387638763958e+02,2.678011871500192456e+02
-3.762876287628762952e+02,2.679453764223800363e+02
-3.761876187618761946e+02,2.680896821710957738e+02
-3.760876087608760940e+02,2.682341045216462589e+02
-3.759875987598759934e+02,2.683786435996804585e+02
-3.758875887588758928e+02,2.685232995310167325e+02
-3.757875787578757922e+02,2.686680724416428916e+02
-3.756875687568756916e+02,2.688129624577166510e+02
-3.755875587558755910e+02,2.689579697055658016e+02
-3.754875487548754904e+02,2.691030943116883236e+02
-3.753875387538753898e+02,2.692483364027531820e+02
-3.752875287528752892e+02,2.693936961056000996e+02
-3.751875187518751886e+02,2.695391735472400114e+02
-3.750875087508750880e+02,2.696847688548553492e+02
-3.749874987498749874e+02,2.698304821558003255e+02
-3.748874887488748868e+02,2.699763135776013314e+02
-3.747874787478747862e+02,2.701222632479567665e+02
-3.746874687468746856e+02,2.702683312947378340e+02
-3.745874587458745850e+02,2.704145178459887120e+02
-3.744874487448744844e+02,2.705608230299266097e+02
-3.743874387438743838e+02,2.707072469749420520e+02
-3.742874287428742832e+02,2.708537898095996752e+02
-3.741874187418741826e+02,2.710004516626377153e+02
-3.740874087408740820e+02,2.711472326629689178e+02
-3.739873987398739814e+02,2.712941329396807078e+02
-3.738873887388738808e+02,2.714411526220349060e+02
-3.737873787378737802e+02,2.715882918394690364e+02
-3.736873687368736796e+02,2.717355507215956436e+02
-3.735873587358735790e+02,2.718829293982033164e+02
-3.734873487348734784e+02,2.720304279992564602e+02
-3.733873387338733778e+02,2.721780466548955815e+02
-3.732873287328732772e+02,2.723257854954381401e+02
-3.731873187318731766e+02,2.724736446513782653e+02
-3.730873087308730760e+02,2.726216242533871537e+02
-3.729872987298729754e+02,2.727697244323134669e+02
-3.728872887288728748e+02,2.729179453191837865e+02
-3.727872787278727742e+02,2.730662870452025572e+02
-3.726872687268726736e+02,2.732147497417525415e+02
-3.725872587258725730e+02,2.733633335403949332e+02
-3.724872487248725292e+02,2.735120385728701535e+02
-3.723872387238724286e+02,2.736608649710976806e+02
-3.722872287228723280e+02,2.738098128671762197e+02
-3.721872187218722274e+02,2.739588823933846697e+02
-3.720872087208721268e+02,2.741080736821815549e+02
-3.719871987198720262e+02,2.742573868662061045e+02
-3.718871887188719256e+02,2.744068220782779690e+02
-3.717871787178718250e+02,2.745563794513977882e+02
-3.716871687168717244e+02,2.747060591187475325e+02
-3.715871587158716238e+02,2.748558612136905595e+02
-3.714871487148715232e+02,2.750057858697721827e+02
-3.713871387138714226e+02,2.751558332207198418e+02
-3.712871287128713220e+02,2.753060034004433874e+02
-3.711871187118712214e+02,2.754562965430354211e+02
-3.710871087108711208e+02,2.756067127827714103e+02
-3.709870987098710202e+02,2.757572522541102558e+02
-3.708870887088709196e+02,2.759079150916946901e+02
-3.707870787078708190e+02,2.760587014303509932e+02
-3.706870687068707184e+02,2.762096114050899587e+02
-3.705870587058706178e+02,2.763606451511068371e+02
-3.704870487048705172e+02,2.765118028037815634e+02
-3.703870387038704166e+02,2.766630844986794386e+02
-3.702870287028703160e+02,2.768144903715511305e+02
-3.701870187018702154e+02,2.769660205583328434e+02
-3.700870087008701148e+02,2.771176751951472852e+02
-3.699869986998700142e+02,2.772694544183031553e+02
-3.698869886988699136e+02,2.774213583642957701e+02
-3.697869786978698130e+02,2.775733871698076882e+02
-3.696869686968697124e+02,2.777255409717085968e+02
-3.695869586958696118e+02,2.778778199070556525e+02
-3.694869486948695112e+02,2.780302241130942775e+02
-3.693869386938694106e+02,2.781827537272576478e+02
-3.692869286928693100e+02,2.783354088871677732e+02
-3.691869186918692094e+02,2.784881897306352698e+02
-3.690869086908691088e+02,2.786410963956600995e+02
-3.689868986898690082e+02,2.787941290204315692e+02
-3.688868886888689076e+02,2.789472877433285021e+02
-3.687868786878688070e+02,2.791005727029203172e+02
-3.686868686868687064e+02,2.792539840379664042e+02
-3.685868586858686058e+02,2.794075218874169195e+02
-3.684868486848685052e+02,2.795611863904130701e+02
-3.683868386838684046e+02,2.797149776862874546e+02
-3.682868286828683040e+02,2.798688959145642912e+02
-3.681868186818682034e+02,2.800229412149597010e+02
-3.680868086808681028e+02,2.801771137273819363e+02
-3.679867986798680022e+02,2.803314135919323462e+02
-3.678867886788679016e+02,2.804858409489045243e+02
-3.677867786778678010e+02,2.806403959387858436e+02
-3.676867686768677004e+02,2.807950787022569443e+02
-3.675867586758675998e+02,2.809498893801923032e+02
-3.674867486748674992e+02,2.811048281136608580e+02
-3.673867386738673986e+02,2.812598950439258374e+02
-3.672867286728672980e+02,2.814150903124451588e+02
-3.671867186718671974e+02,2.815704140608723947e+02
-3.670867086708670968e+02,2.817258664310561471e+02
-3.669866986698669962e+02,2.818814475650409577e+02
-3.668866886688668956e+02,2.820371576050675912e+02
-3.667866786678667950e+02,2.821929966935730363e+02
-3.666866686668666944e+02,2.823489649731914142e+02
-3.665866586658665938e+02,2.825050625867535814e+02
-3.664866486648664932e+02,2.826612896772879253e+02
-3.663866386638663926e+02,2.828176463880208757e+02
-3.662866286628662920e+02,2.829741328623766208e+02
-3.661866186618661914e+02,2.831307492439778457e+02
-3.660866086608660908e+02,2.832874956766460741e+02
-3.659865986598659902e+02,2.834443723044017815e+02
-3.658865886588658896e+02,2.836013792714650208e+02
-3.657865786578657890e+02,2.837585167222552514e+02
-3.656865686568656884e+02,2.839157848013924195e+02
-3.655865586558655878e+02,2.840731836536966739e+02
-3.654865486548654872e+02,2.842307134241887638e+02
-3.653865386538653866e+02,2.843883742580908347e+02
-3.652865286528652859e+02,2.845461663008260871e+02
-3.651865186518651853e+02,2.847040896980196862e+02
-3.650865086508650847e+02,2.848621445954988758e+02
-3.649864986498649841e+02,2.850203311392931482e+02
-3.648864886488648835e+02,2.851786494756349271e+02
-3.647864786478647829e+02,2.853370997509596236e+02
-3.646864686468646823e+02,2.854956821119060919e+02
-3.645864586458645817e+02,2.856543967053170263e+02
-3.644864486448644811e+02,2.858132436782389618e+02
-3.643864386438643805e+02,2.859722231779231834e+02
-3.642864286428642799e+02,2.861313353518257259e+02
-3.641864186418641793e+02,2.862905803476075448e+02
-3.640864086408640787e+02,2.864499583131353688e+02
-3.639863986398639781e+02,2.866094693964814724e+02
-3.638863886388638775e+02,2.867691137459243009e+02
-3.637863786378637769e+02,2.869288915099490396e+02
-3.636863686368636763e+02,2.870888028372474423e+02
-3.635863586358635757e+02,2.872488478767186848e+02
-3.634863486348634751e+02,2.874090267774694780e+02
-3.633863386338633745e+02,2.875693396888140114e+02
-3.632863286328632739e+02,2.877297867602753172e+02
-3.631863186318631733e+02,2.878903681415847018e+02
-3.630863086308630727e+02,2.880510839826821439e+02
-3.629862986298629721e+02,2.882119344337175448e+02
-3.628862886288628715e+02,2.883729196450498193e+02
-3.627862786278627709e+02,2.885340397672483164e+02
-3.626862686268626703e+02,2.886952949510924782e+02
-3.625862586258625697e+02,2.888566853475722951e+02
-3.624862486248624691e+02,2.890182111078892717e+02
-3.623862386238623685e+02,2.891798723834559723e+02
-3.622862286228622679e+02,2.893416693258966461e+02
-3.621862186218621673e+02,2.895036020870479092e+02
-3.620862086208620667e+02,2.896656708189585743e+02
-3.619861986198619661e+02,2.898278756738907305e+02
-3.618861886188618655e+02,2.899902168043189477e+02
-3.617861786178617649e+02,2.901526943629318680e+02
-3.616861686168616643e+02,2.903153085026318081e+02
-3.615861586158615637e+02,2.904780593765355547e+02
-3.614861486148614631e+02,2.906409471379741944e+02
-3.613861386138613625e+02,2.908039719404940229e+02
-3.612861286128612619e+02,2.909671339378565449e+02
-3.611861186118611613e+02,2.911304332840391567e+02
-3.610861086108610607e+02,2.912938701332351457e+02
-3.609860986098609601e+02,2.914574446398540886e+02
-3.608860886088608595e+02,2.916211569585227608e+02
-3.607860786078607589e+02,2.917850072440846816e+02
-3.606860686068606583e+02,2.919489956516013081e+02
-3.605860586058605577e+02,2.921131223363515801e+02
-3.604860486048604571e+02,2.922773874538327732e+02
-3.603860386038603565e+02,2.924417911597611806e+02
-3.602860286028602559e+02,2.926063336100716015e+02
-3.601860186018601553e+02,2.927710149609183645e+02
-3.600860086008600547e+02,2.929358353686756686e+02
-3.599859985998599541e+02,2.931007949899377536e+02
-3.598859885988598535e+02,2.932658939815192412e+02
-3.597859785978597529e+02,2.934311325004555329e+02
-3.596859685968596523e+02,2.935965107040034923e+02
-3.595859585958595517e+02,2.937620287496415585e+02
-3.594859485948594511e+02,2.939276867950699739e+02
-3.593859385938594073e+02,2.940934849982111245e+02
-3.592859285928593067e+02,2.942594235172109620e+02
-3.591859185918592061e+02,2.944255025104375250e+02
-3.590859085908591055e+02,2.945917221364831562e+02
-3.589858985898590049e+02,2.947580825541634795e+02
-3.588858885888589043e+02,2.949245839225184795e+02
-3.587858785878588037e+02,2.950912264008130137e+02
-3.586858685868587031e+02,2.952580101485366981e+02
-3.585858585858586025e+02,2.954249353254045900e+02
-3.584858485848585019e+02,2.955920020913575854e+02
-3.583858385838584013e+02,2.957592106065625330e+02
-3.582858285828583007e+02,2.959265610314131436e+02
-3.581858185818582001e+02,2.960940535265295921e+02
-3.580858085808580995e+02,2.962616882527597113e+02
-3.579857985798579989e+02,2.964294653711789351e+02
-3.578857885788578983e+02,2.965973850430906396e+02
-3.577857785778577977e+02,2.967654474300267680e+02
-3.576857685768576971e+02,2.969336526937481722e+02
-3.575857585758575965e+02,2.971020009962446693e+02
-3.574857485748574959e+02,2.972704924997361218e+02
-3.573857385738573953e+02,2.974391273666720394e+02
-3.572857285728572947e+02,2.976079057597325459e+02
-3.571857185718571941e+02,2.977768278418284353e+02
-3.570857085708570935e+02,2.979458937761018547e+02
-3.569856985698569929e+02,2.981151037259264172e+02
-3.568856885688568923e+02,2.982844578549077710e+02
-3.567856785678567917e+02,2.984539563268837696e+02
-3.566856685668566911e+02,2.986235993059253815e+02
-3.565856585658565905e+02,2.987933869563364624e+02
-3.564856485648564899e+02,2.989633194426544947e+02
-3.563856385638563893e+02,2.991333969296510986e+02
-3.562856285628562887e+02,2.993036195823318621e+02
-3.561856185618561881e+02,2.994739875659377049e+02
-3.560856085608560875e+02,2.996445010459443097e+02
-3.559855985598559869e+02,2.998151601880628050e+02
-3.558855885588558863e+02,2.999859651582407309e+02
-3.557855785578557857e+02,3.001569161226619258e+02
-3.556855685568556851e+02,3.003280132477464690e+02
-3.555855585558555845e+02,3.004992567001523298e+02
-3.554855485548554839e+02,3.006706466467745145e+02
-3.553855385538553833e+02,3.008421832547464874e+02
-3.552855285528552827e+02,3.010138666914398868e+02
-3.551855185518551821e+02,3.011856971244649230e+02
-3.550855085508550815e+02,3.013576747216715717e+02
-3.549854985498549809e+02,3.015297996511490055e+02
-3.548854885488548803e+02,3.017020720812265040e+02
-3.547854785478547797e+02,3.018744921804740784e+02
-3.546854685468547359e+02,3.020470601177019603e+02
-3.545854585458546353e+02,3.022197760619627047e+02
-3.544854485448545347e+02,3.023926401825495986e+02
-3.543854385438544341e+02,3.025656526489983662e+02
-3.542854285428543335e+02,3.027388136310873961e+02
-3.541854185418542329e+02,3.029121232988378551e+02
-3.540854085408541323e+02,3.030855818225142002e+02
-3.539853985398540317e+02,3.032591893726248600e+02
-3.538853885388539311e+02,3.034329461199223488e+02
-3.537853785378538305e+02,3.036068522354037782e+02
-3.536853685368537299e+02,3.037809078903114255e+02
-3.535853585358536293e+02,3.039551132561327904e+02
-3.534853485348535287e+02,3.041294685046013910e+02
-3.533853385338534281e+02,3.043039738076969911e+02
-3.532853285328533275e+02,3.044786293376462822e+02
-3.531853185318532269e+02,3.046534352669227701e+02
-3.530853085308531263e+02,3.048283917682476840e+02
-3.529852985298530257e+02,3.050034990145904317e+02
-3.528852885288529251e+02,3.051787571791686560e+02
-3.527852785278528245e+02,3.053541664354486898e+02
-3.526852685268527239e+02,3.055297269571466359e+02
-3.525852585258526233e+02,3.057054389182278555e+02
-3.524852485248525227e+02,3.058813024929080484e+02
-3.523852385238524221e+02,3.060573178556535368e+02
-3.522852285228523215e+02,3.062334851811814360e+02
-3.521852185218522209e+02,3.064098046444607348e+02
-3.520852085208521203e+02,3.065862764207118403e+02
-3.519851985198520197e+02,3.067629006854076010e+02
-3.518851885188519191e+02,3.069396776142738759e+02
-3.517851785178518185e+02,3.071166073832893062e+02
-3.516851685168517179e+02,3.072936901686865099e+02
-3.515851585158516173e+02,3.074709261469519674e+02
-3.514851485148515167e+02,3.076483154948267043e+02
-3.513851385138514161e+02,3.078258583893066884e+02
-3.512851285128513155e+02,3.080035550076431718e+02
-3.511851185118512149e+02,3.081814055273436566e+02
-3.510851085108511143e+02,3.083594101261713263e+02
-3.509850985098510137e+02,3.085375689821464675e+02
-3.508850885088509131e+02,3.087158822735464128e+02
-3.507850785078508125e+02,3.088943501789061088e+02
-3.506850685068507119e+02,3.090729728770184579e+02
-3.505850585058506113e+02,3.092517505469351136e+02
-3.504850485048505107e+02,3.094306833679663669e+02
-3.503850385038504101e+02,3.096097715196822264e+02
-3.502850285028503095e+02,3.097890151819122480e+02
-3.501850185018502088e+02,3.099684145347463300e+02
-3.500850085008501082e+02,3.101479697585354529e+02
-3.499849984998500076e+02,3.103276810338913947e+02
-3.498849884988499070e+02,3.105075485416878678e+02
-3.497849784978498064e+02,3.106875724630605191e+02
-3.496849684968497058e+02,3.108677529794076122e+02
-3.495849584958496052e+02,3.110480902723906524e+02
-3.494849484948495046e+02,3.112285845239341029e+02
-3.493849384938494040e+02,3.114092359162269190e+02
-3.492849284928493034e+02,3.115900446317223214e+02
-3.491849184918492028e+02,3.117710108531381934e+02
-3.490849084908491022e+02,3.119521347634577637e+02
-3.489848984898490016e+02,3.121334165459304586e+02
-3.488848884888489010e+02,3.123148563840713337e+02
-3.487848784878488004e+02,3.124964544616627791e+02
-3.486848684868486998e+02,3.126782109627538944e+02
-3.485848584858485992e+02,3.128601260716615116e+02
-3.484848484848484986e+02,3.130421999729708773e+02
-3.483848384838483980e+02,3.132244328515354255e+02
-3.482848284828482974e+02,3.134068248924779709e+02
-3.481848184818481968e+02,3.135893762811905958e+02
-3.480848084808480962e+02,3.137720872033354453e+02
-3.479847984798479956e+02,3.139549578448452962e+02
-3.478847884788478950e+02,3.141379883919236136e+02
-3.477847784778477944e+02,3.143211790310453466e+02
-3.476847684768476938e+02,3.145045299489574973e+02
-3.475847584758475932e+02,3.146880413326792905e+02
-3.474847484748474926e+02,3.148717133695027428e+02
-3.473847384738473920e+02,3.150555462469931740e+02
-3.472847284728472914e+02,3.152395401529898322e+02
-3.471847184718471908e+02,3.154236952756062919e+02
-3.470847084708470902e+02,3.156080118032306814e+02
-3.469846984698469896e+02,3.157924899245261940e+02
-3.468846884688468890e+02,3.159771298284325098e+02
-3.467846784678467884e+02,3.161619317041646582e+02
-3.466846684668466878e+02,3.163468957412147802e+02
-3.465846584658465872e+02,3.165320221293521854e+02
-3.464846484648464866e+02,3.167173110586234088e+02
-3.463846384638463860e+02,3.169027627193540866e+02
-3.462846284628462854e+02,3.170883773021475349e+02
-3.461846184618461848e+02,3.172741549978864555e+02
-3.460846084608460842e+02,3.174600959977335606e+02
-3.459845984598459836e+02,3.176462004931311753e+02
-3.458845884588458830e+02,3.178324686758025450e+02
-3.457845784578457824e+02,3.180189007377517783e+02
-3.456845684568456818e+02,3.182054968712648133e+02
-3.455845584558455812e+02,3.183922572689096455e+02
-3.454845484548454806e+02,3.185791821235363273e+02
-3.453845384538453800e+02,3.187662716282787869e+02
-3.452845284528452794e+02,3.189535259765540900e+02
-3.451845184518451788e+02,3.191409453620632917e+02
-3.450845084508450782e+02,3.193285299787924600e+02
-3.449844984498449776e+02,3.195162800210123351e+02
-3.448844884488448770e+02,3.197041956832791243e+02
-3.447844784478447764e+02,3.198922771604358104e+02
-3.446844684468446758e+02,3.200805246476112416e+02
-3.445844584458445752e+02,3.202689383402217800e+02
-3.444844484448444746e+02,3.204575184339712450e+02
-3.443844384438443740e+02,3.206462651248514248e+02
-3.442844284428442734e+02,3.208351786091430995e+02
-3.441844184418441728e+02,3.210242590834159273e+02
-3.440844084408440722e+02,3.212135067445290701e+02
-3.439843984398439716e+02,3.214029217896323303e+02
-3.438843884388438710e+02,3.215925044161656388e+02
-3.437843784378437704e+02,3.217822548218605334e+02
-3.436843684368436698e+02,3.219721732047400451e+02
-3.435843584358435692e+02,3.221622597631192662e+02
-3.434843484348434686e+02,3.223525146956063736e+02
-3.433843384338433680e+02,3.225429382011025154e+02
-3.432843284328432674e+02,3.227335304788027770e+02
-3.431843184318431668e+02,3.229242917281965219e+02
-3.430843084308430662e+02,3.231152221490677334e+02
-3.429842984298429656e+02,3.233063219414960940e+02
-3.428842884288428650e+02,3.234975913058567016e+02
-3.427842784278427644e+02,3.236890304428213767e+02
-3.426842684268426638e+02,3.238806395533588898e+02
-3.425842584258425632e+02,3.240724188387349614e+02
-3.424842484248424626e+02,3.242643685005140242e+02
-3.423842384238423620e+02,3.244564887405583704e+02
-3.422842284228422614e+02,3.246487797610295161e+02
-3.421842184218421608e+02,3.248412417643888261e+02
-3.420842084208420601e+02,3.250338749533974010e+02
-3.419841984198419595e+02,3.252266795311168721e+02
-3.418841884188418589e+02,3.254196557009105959e+02
-3.417841784178417583e+02,3.256128036664428578e+02
-3.416841684168416577e+02,3.258061236316812028e+02
-3.415841584158415571e+02,3.259996158008947305e+02
-3.414841484148414565e+02,3.261932803786566524e+02
-3.413841384138413559e+02,3.263871175698438947e+02
-3.412841284128412553e+02,3.265811275796377799e+02
-3.411841184118411547e+02,3.267753106135243115e+02
-3.410841084108410541e+02,3.269696668772953672e+02
-3.409840984098409535e+02,3.271641965770485285e+02
-3.408840884088408529e+02,3.273588999191881612e+02
-3.407840784078407523e+02,3.275537771104256990e+02
-3.406840684068406517e+02,3.277488283577800985e+02
-3.405840584058405511e+02,3.279440538685787487e+02
-3.404840484048404505e+02,3.281394538504576417e+02
-3.403840384038404068e+02,3.283350285113621680e+02
-3.402840284028403062e+02,3.285307780595476856e+02
-3.401840184018402056e+02,3.287267027035796900e+02
-3.400840084008401050e+02,3.289228026523351218e+02
-3.399839983998400044e+02,3.291190781150019689e+02
-3.398839883988399038e+02,3.293155293010805167e+02
-3.397839783978398032e+02,3.295121564203838602e+02
-3.396839683968397026e+02,3.297089596830382447e+02
-3.395839583958396020e+02,3.299059392994833502e+02
-3.394839483948395014e+02,3.301030954804737121e+02
-3.393839383938394008e+02,3.303004284370784944e+02
-3.392839283928393002e+02,3.304979383806822852e+02
-3.391839183918391996e+02,3.306956255229858925e+02
-3.390839083908390990e+02,3.308934900760064579e+02
-3.389838983898389984e+02,3.310915322520785935e+02
-3.388838883888388978e+02,3.312897522638544956e+02
-3.387838783878387972e+02,3.314881503243047973e+02
-3.386838683868386966e+02,3.316867266467187960e+02
-3.385838583858385960e+02,3.318854814447052490e+02
-3.384838483848384953e+02,3.320844149321932832e+02
-3.383838383838383947e+02,3.322835273234323381e+02
-3.382838283828382941e+02,3.324828188329929617e+02
-3.381838183818381935e+02,3.326822896757677768e+02
-3.380838083808380929e+02,3.328819400669714241e+02
-3.379837983798379923e+02,3.330817702221417562e+02
-3.378837883788378917e+02,3.332817803571398372e+02
-3.377837783778377911e+02,3.334819706881509660e+02
-3.376837683768376905e+02,3.336823414316853018e+02
-3.375837583758375899e+02,3.338828928045778071e+02
-3.374837483748374893e+02,3.340836250239895548e+02
-3.373837383738373887e+02,3.342845383074083543e+02
-3.372837283728372881e+02,3.344856328726481820e+02
-3.371837183718371875e+02,3.346869089378515127e+02
-3.370837083708370869e+02,3.348883667214884667e+02
-3.369836983698369863e+02,3.350900064423581171e+02
-3.368836883688368857e+02,3.352918283195890581e+02
-3.367836783678367851e+02,3.354938325726395760e+02
-3.366836683668366845e+02,3.356960194212989563e+02
-3.365836583658365839e+02,3.358983890856873131e+02
-3.364836483648364833e+02,3.361009417862563282e+02
-3.363836383638363827e+02,3.363036777437907290e+02
-3.362836283628362821e+02,3.365065971794076631e+02
-3.361836183618361815e+02,3.367097003145579492e+02
-3.360836083608360809e+02,3.369129873710268726e+02
-3.359835983598359803e+02,3.371164585709340713e+02
-3.358835883588358797e+02,3.373201141367350147e+02
-3.357835783578357791e+02,3.375239542912208890e+02
-3.356835683568356785e+02,3.377279792575193937e+02
-3.355835583558356348e+02,3.379321892590958214e+02
-3.354835483548355342e+02,3.381365845197531144e+02
-3.353835383538354336e+02,3.383411652636324334e+02
-3.352835283528353330e+02,3.385459317152144081e+02
-3.351835183518352324e+02,3.387508840993191370e+02
-3.350835083508351318e+02,3.389560226411068697e+02
-3.349834983498350311e+02,3.391613475660789732e+02
-3.348834883488349305e+02,3.393668591000781589e+02
-3.347834783478348299e+02,3.395725574692896771e+02
-3.346834683468347293e+02,3.397784429002410889e+02
-3.345834583458346287e+02,3.399845156198034601e+02
-3.344834483448345281e+02,3.401907758551923280e+02
-3.343834383438344275e+02,3.403972238339670753e+02
-3.342834283428343269e+02,3.406038597840330908e+02
-3.341834183418342263e+02,3.408106839336413145e+02
-3.340834083408341257e+02,3.410176965113891470e+02
-3.339833983398340251e+02,3.412248977462214725e+02
-3.338833883388339245e+02,3.414322878674306594e+02
-3.337833783378338239e+02,3.416398671046575828e+02
-3.336833683368337233e+02,3.418476356878925344e+02
-3.335833583358336227e+02,3.420555938474747677e+02
-3.334833483348335221e+02,3.422637418140947716e+02
-3.333833383338334215e+02,3.424720798187932473e+02
-3.332833283328333209e+02,3.426806080929629275e+02
-3.331833183318332203e+02,3.428893268683489737e+02
-3.330833083308331197e+02,3.430982363770487495e+02
-3.329832983298330191e+02,3.433073368515139805e+02
-3.328832883288329185e+02,3.435166285245501285e+02
-3.327832783278328179e+02,3.437261116293175292e+02
-3.326832683268327173e+02,3.439357863993323008e+02
-3.325832583258326167e+02,3.441456530684664017e+02
-3.324832483248325161e+02,3.443557118709486531e+02
-3.323832383238324155e+02,3.445659630413655350e+02
-3.322832283228323149e+02,3.447764068146612999e+02
-3.321832183218322143e+02,3.449870434261393370e+02
-3.320832083208321137e+02,3.451978731114621723e+02
-3.319831983198320131e+02,3.454088961066523211e+02
-3.318831883188319125e+02,3.456201126480935955e+02
-3.317831783178318119e+02,3.458315229725307063e+02
-3.316831683168317113e+02,3.460431273170704003e+02
-3.315831583158316107e+02,3.462549259191824831e+02
-3.314831483148315101e+02,3.464669190166998760e+02
-3.313831383138314095e+02,3.466791068478199236e+02
-3.312831283128313089e+02,3.468914896511042798e+02
-3.311831183118312083e+02,3.471040676654802155e+02
-3.310831083108311077e+02,3.473168411302410732e+02
-3.309830983098310071e+02,3.475298102850467785e+02
-3.308830883088309065e+02,3.477429753699250341e+02
-3.307830783078308059e+02,3.479563366252714331e+02
-3.306830683068307053e+02,3.481698942918500848e+02
-3.305830583058306047e+02,3.483836486107951487e+02
-3.304830483048305041e+02,3.485975998236104374e+02
-3.303830383038304035e+02,3.488117481721705531e+02
-3.302830283028303029e+02,3.490260938987220811e+02
-3.301830183018302023e+02,3.492406372458833062e+02
-3.300830083008301017e+02,3.494553784566456898e+02
-3.299829982998300011e+02,3.496703177743740980e+02
-3.298829882988299005e+02,3.498854554428075971e+02
-3.297829782978297999e+02,3.501007917060603631e+02
-3.296829682968296993e+02,3.503163268086222502e+02
-3.295829582958295987e+02,3.505320609953589610e+02
-3.294829482948294981e+02,3.507479945115139799e+02
-3.293829382938293975e+02,3.509641276027078334e+02
-3.292829282928292969e+02,3.511804605149399663e+02
-3.291829182918291963e+02,3.513969934945886280e+02
-3.290829082908290957e+02,3.516137267884117250e+02
-3.289828982898289951e+02,3.518306606435482990e+02
-3.288828882888288945e+02,3.520477953075180153e+02
-3.287828782878287939e+02,3.522651310282227541e+02
-3.286828682868286933e+02,3.524826680539470658e+02
-3.285828582858285927e+02,3.527004066333586820e+02
-3.284828482848284921e+02,3.529183470155095961e+02
-3.283828382838283915e+02,3.531364894498364606e+02
-3.282828282828282909e+02,3.533548341861611561e+02
-3.281828182818281903e+02,3.535733814746923827e+02
-3.280828082808280897e+02,3.537921315660249775e+02
-3.279827982798279891e+02,3.540110847111422459e+02
-3.278827882788278885e+02,3.542302411614152220e+02
-3.277827782778277879e+02,3.544496011686040902e+02
-3.276827682768276873e+02,3.546691649848592078e+02
-3.275827582758275867e+02,3.548889328627211626e+02
-3.274827482748274861e+02,3.551089050551215678e+02
-3.273827382738273855e+02,3.553290818153845407e+02
-3.272827282728272849e+02,3.555494633972267025e+02
-3.271827182718271843e+02,3.557700500547578599e+02
-3.270827082708270837e+02,3.559908420424821998e+02
-3.269826982698269831e+02,3.562118396152986861e+02
-3.268826882688268824e+02,3.564330430285023112e+02
-3.267826782678267818e+02,3.566544525377839250e+02
-3.266826682668266812e+02,3.568760683992317126e+02
-3.265826582658265806e+02,3.570978908693318203e+02
-3.264826482648264800e+02,3.573199202049687528e+02
-3.263826382638263794e+02,3.575421566634266242e+02
-3.262826282628262788e+02,3.577646005023894986e+02
-3.261826182618261782e+02,3.579872519799420161e+02
-3.260826082608260776e+02,3.582101113545709268e+02
-3.259825982598259770e+02,3.584331788851649776e+02
-3.258825882588258764e+02,3.586564548310158216e+02
-3.257825782578257758e+02,3.588799394518194390e+02
-3.256825682568256752e+02,3.591036330076758532e+02
-3.255825582558255746e+02,3.593275357590909493e+02
-3.254825482548254740e+02,3.595516479669764180e+02
-3.253825382538253734e+02,3.597759698926507212e+02
-3.252825282528252728e+02,3.600005017978403998e+02
-3.251825182518251722e+02,3.602252439446795620e+02
-3.250825082508250716e+02,3.604501965957124412e+02
-3.249824982498249710e+02,3.606753600138926004e+02
-3.248824882488248704e+02,3.609007344625842393e+02
-3.247824782478247698e+02,3.611263202055634451e+02
-3.246824682468246692e+02,3.613521175070181926e+02
-3.245824582458245686e+02,3.615781266315493667e+02
-3.244824482448244680e+02,3.618043478441721277e+02
-3.243824382438243674e+02,3.620307814103155692e+02
-3.242824282428242668e+02,3.622574275958247085e+02
-3.241824182418241662e+02,3.624842866669602017e+02
-3.240824082408240656e+02,3.627113588903997083e+02
-3.239823982398239650e+02,3.629386445332388575e+02
-3.238823882388238644e+02,3.631661438629914755e+02
-3.237823782378237638e+02,3.633938571475904951e+02
-3.236823682368236632e+02,3.636217846553893196e+02
-3.235823582358235626e+02,3.638499266551616529e+02
-3.234823482348234620e+02,3.640782834161034884e+02
-3.233823382338233614e+02,3.643068552078326547e+02
-3.232823282328232608e+02,3.645356423003902933e+02
-3.231823182318231602e+02,3.647646449642418816e+02
-3.230823082308230596e+02,3.649938634702770628e+02
-3.229822982298229590e+02,3.652232980898119763e+02
-3.228822882288228584e+02,3.654529490945884049e+02
-3.227822782278227578e+02,3.656828167567755941e+02
-3.226822682268226572e+02,3.659129013489710474e+02
-3.225822582258225566e+02,3.661432031442008679e+02
-3.224822482248224560e+02,3.663737224159206107e+02
-3.223822382238223554e+02,3.666044594380167041e+02
-3.222822282228222548e+02,3.668354144848064493e+02
-3.221822182218221542e+02,3.670665878310396124e+02
-3.220822082208220536e+02,3.672979797518985947e+02
-3.219821982198219530e+02,3.675295905229994560e+02
-3.218821882188218524e+02,3.677614204203930512e+02
-3.217821782178217518e+02,3.679934697205653151e+02
-3.216821682168216512e+02,3.682257387004383986e+02
-3.215821582158215506e+02,3.684582276373718628e+02
-3.214821482148214500e+02,3.686909368091623946e+02
-3.213821382138213494e+02,3.689238664940460808e+02
-3.212821282128213056e+02,3.691570169706979527e+02
-3.211821182118212050e+02,3.693903885182335785e+02
-3.210821082108211044e+02,3.696239814162100288e+02
-3.209820982098210038e+02,3.698577959446257069e+02
-3.208820882088209032e+02,3.700918323839220534e+02
-3.207820782078208026e+02,3.703260910149846836e+02
-3.206820682068207020e+02,3.705605721191429893e+02
-3.205820582058206014e+02,3.707952759781724694e+02
-3.204820482048205008e+02,3.710302028742943321e+02
-3.203820382038204002e+02,3.712653530901768590e+02
-3.202820282028202996e+02,3.715007269089365991e+02
-3.201820182018201990e+02,3.717363246141385957e+02
-3.200820082008200984e+02,3.719721464897973533e+02
-3.199819981998199978e+02,3.722081928203783150e+02
-3.198819881988198972e+02,3.724444638907977492e+02
-3.197819781978197966e+02,3.726809599864246252e+02
-3.196819681968196960e+02,3.729176813930805565e+02
-3.195819581958195954e+02,3.731546283970410514e+02
-3.194819481948194948e+02,3.733918012850369337e+02
-3.193819381938193942e+02,3.736292003442538885e+02
-3.192819281928192936e+02,3.738668258623347924e+02
-3.191819181918191930e+02,3.741046781273795432e+02
-3.190819081908190924e+02,3.743427574279464238e+02
-3.189818981898189918e+02,3.745810640530528417e+02
-3.188818881888188912e+02,3.748195982921761811e+02
-3.187818781878187906e+02,3.750583604352544853e+02
-3.186818681868186900e+02,3.752973507726883327e+02
-3.185818581858185894e+02,3.755365695953399836e+02
-3.184818481848184888e+02,3.757760171945359957e+02
-3.183818381838183882e+02,3.760156938620669393e+02
-3.182818281828182876e+02,3.762555998901885914e+02
-3.181818181818181870e+02,3.764957355716236407e+02
-3.180818081808180864e+02,3.767361011995610625e+02
-3.179817981798179858e+02,3.769766970676579945e+02
-3.178817881788178852e+02,3.772175234700411011e+02
-3.177817781778177846e+02,3.774585807013058911e+02
-3.176817681768176840e+02,3.776998690565192760e+02
-3.175817581758175834e+02,3.779413888312194558e+02
-3.174817481748174828e+02,3.781831403214171132e+02
-3.173817381738173822e+02,3.784251238235964934e+02
-3.172817281728172816e+02,3.786673396347160860e+02
-3.171817181718171810e+02,3.789097880522091941e+02
-3.170817081708170804e+02,3.791524693739863210e+02
-3.169816981698169798e+02,3.793953838984335789e+02
-3.168816881688168792e+02,3.796385319244162702e+02
-3.167816781678167786e+02,3.798819137512780344e+02
-3.166816681668166780e+02,3.801255296788421560e+02
-3.165816581658166342e+02,3.803693800074131559e+02
-3.164816481648165336e+02,3.806134650377767343e+02
-3.163816381638164330e+02,3.808577850712017039e+02
-3.162816281628163324e+02,3.811023404094398188e+02
-3.161816181618162318e+02,3.813471313547274235e+02
-3.160816081608161312e+02,3.815921582097865894e+02
-3.159815981598160306e+02,3.818374212778253423e+02
-3.158815881588159300e+02,3.820829208625389128e+02
-3.157815781578158294e+02,3.823286572681110442e+02
-3.156815681568157288e+02,3.825746307992143329e+02
-3.155815581558156282e+02,3.828208417610115930e+02
-3.154815481548155276e+02,3.830672904591567658e+02
-3.153815381538154270e+02,3.833139771997953176e+02
-3.152815281528153264e+02,3.835609022895662292e+02
-3.151815181518152258e+02,3.838080660356018257e+02
-3.150815081508151252e+02,3.840554687455295380e+02
-3.149814981498150246e+02,3.843031107274726992e+02
-3.148814881488149240e+02,3.845509922900510560e+02
-3.147814781478148234e+02,3.847991137423823034e+02
-3.146814681468147228e+02,3.850474753940827100e+02
-3.145814581458146222e+02,3.852960775552680275e+02
-3.144814481448145216e+02,3.855449205365551961e+02
-3.143814381438144210e+02,3.857940046490618897e+02
-3.142814281428143204e+02,3.860433302044088464e+02
-3.141814181418142198e+02,3.862928975147203801e+02
-3.140814081408141192e+02,3.865427068926249490e+02
-3.139813981398140186e+02,3.867927586512568610e+02
-3.138813881388139180e+02,3.870430531042566145e+02
-3.137813781378138174e+02,3.872935905657720355e+02
-3.136813681368137168e+02,3.875443713504598691e+02
-3.135813581358136162e+02,3.877953957734858363e+02
-3.134813481348135156e+02,3.880466641505260554e+02
-3.133813381338134150e+02,3.882981767977684058e+02
-3.132813281328133144e+02,3.885499340319126986e+02
-3.131813181318132138e+02,3.888019361701724961e+02
-3.130813081308131132e+02,3.890541835302755658e+02
-3.129812981298130126e+02,3.893066764304649610e+02
-3.128812881288129120e+02,3.895594151895004984e+02
-3.127812781278128114e+02,3.898124001266588152e+02
-3.126812681268127108e+02,3.900656315617355290e+02
-3.125812581258126102e+02,3.903191098150452945e+02
-3.124812481248125096e+02,3.905728352074231680e+02
-3.123812381238124090e+02,3.908268080602260852e+02
-3.122812281228123084e+02,3.910810286953329751e+02
-3.121812181218122078e+02,3.913354974351462943e+02
-3.120812081208121072e+02,3.915902146025933348e+02
-3.119811981198120066e+02,3.918451805211262808e+02
-3.118811881188119060e+02,3.921003955147248234e+02
-3.117811781178118054e+02,3.923558599078953648e+02
-3.116811681168117047e+02,3.926115740256730078e+02
-3.115811581158116041e+02,3.928675381936231474e+02
-3.114811481148115035e+02,3.931237527378411301e+02
-3.113811381138114029e+02,3.933802179849542426e+02
-3.112811281128113023e+02,3.936369342621229066e+02
-3.111811181118112017e+02,3.938939018970406210e+02
-3.110811081108111011e+02,3.941511212179365202e+02
-3.109810981098110005e+02,3.944085925535750334e+02
-3.108810881088108999e+02,3.946663162332578736e+02
-3.107810781078107993e+02,3.949242925868244356e+02
-3.106810681068106987e+02,3.951825219446533310e+02
-3.105810581058105981e+02,3.954410046376635250e+02
-3.104810481048104975e+02,3.956997409973149047e+02
-3.103810381038103969e+02,3.959587313556092454e+02
-3.102810281028102963e+02,3.962179760450923141e+02
-3.101810181018101957e+02,3.964774753988539828e+02
-3.100810081008100951e+02,3.967372297505290817e+02
-3.099809980998099945e+02,3.969972394342996154e+02
-3.098809880988098939e+02,3.972575047848948202e+02
-3.097809780978097933e+02,3.975180261375928126e+02
-3.096809680968096927e+02,3.977788038282210437e+02
-3.095809580958095921e+02,3.980398381931580047e+02
-3.094809480948094915e+02,3.983011295693343641e+02
-3.093809380938093909e+02,3.985626782942333080e+02
-3.092809280928092903e+02,3.988244847058923028e+02
-3.091809180918091897e+02,3.990865491429041185e+02
-3.090809080908090891e+02,3.993488719444174535e+02
-3.089808980898089885e+02,3.996114534501388675e+02
-3.088808880888088879e+02,3.998742940003330091e+02
-3.087808780878087873e+02,4.001373939358238658e+02
-3.086808680868086867e+02,4.004007535979966406e+02
-3.085808580858085861e+02,4.006643733287979217e+02
-3.084808480848084855e+02,4.009282534707375021e+02
-3.083808380838083849e+02,4.011923943668888910e+02
-3.082808280828082843e+02,4.014567963608906211e+02
-3.081808180818081837e+02,4.017214597969479541e+02
-3.080808080808080831e+02,4.019863850198329374e+02
-3.079807980798079825e+02,4.022515723748862797e+02
-3.078807880788078819e+02,4.025170222080186022e+02
-3.077807780778077813e+02,4.027827348657106086e+02
-3.076807680768076807e+02,4.030487106950155294e+02
-3.075807580758075801e+02,4.033149500435591790e+02
-3.074807480748074795e+02,4.035814532595412629e+02
-3.073807380738073789e+02,4.038482206917375947e+02
-3.072807280728072783e+02,4.041152526894995276e+02
-3.071807180718071777e+02,4.043825496027562849e+02
-3.070807080708070771e+02,4.046501117820159266e+02
-3.069806980698069765e+02,4.049179395783659743e+02
-3.068806880688068759e+02,4.051860333434755717e+02
-3.067806780678067753e+02,4.054543934295951431e+02
-3.066806680668066747e+02,4.057230201895590085e+02
-3.065806580658065741e+02,4.059919139767858951e+02
-3.064806480648064735e+02,4.062610751452800173e+02
-3.063806380638063729e+02,4.065305040496322135e+02
-3.062806280628062723e+02,4.068002010450218791e+02
-3.061806180618061717e+02,4.070701664872167385e+02
-3.060806080608060711e+02,4.073404007325755174e+02
-3.059805980598059705e+02,4.076109041380479425e+02
-3.058805880588058699e+02,4.078816770611763900e+02
-3.057805780578057693e+02,4.081527198600975908e+02
-3.056805680568056687e+02,4.084240328935425737e+02
-3.055805580558055681e+02,4.086956165208392235e+02
-3.054805480548054675e+02,4.089674711019123379e+02
-3.053805380538053669e+02,4.092395969972852754e+02
-3.052805280528052663e+02,4.095119945680818319e+02
-3.051805180518051657e+02,4.097846641760260127e+02
-3.050805080508050651e+02,4.100576061834442498e+02
-3.049804980498049645e+02,4.103308209532665956e+02
-3.048804880488048639e+02,4.106043088490273476e+02
-3.047804780478047633e+02,4.108780702348669251e+02
-3.046804680468046627e+02,4.111521054755323235e+02
-3.045804580458045621e+02,4.114264149363789898e+02
-3.044804480448044615e+02,4.117009989833720738e+02
-3.043804380438043609e+02,4.119758579830871668e+02
-3.042804280428042603e+02,4.122509923027113246e+02
-3.041804180418041597e+02,4.125264023100453983e+02
-3.040804080408040591e+02,4.128020883735041480e+02
-3.039803980398039585e+02,4.130780508621181752e+02
-3.038803880388038579e+02,4.133542901455346055e+02
-3.037803780378037573e+02,4.136308065940186793e+02
-3.036803680368036567e+02,4.139076005784550034e+02
-3.035803580358035560e+02,4.141846724703489144e+02
-3.034803480348034554e+02,4.144620226418267634e+02
-3.033803380338033548e+02,4.147396514656389286e+02
-3.032803280328032542e+02,4.150175593151591329e+02
-3.031803180318031536e+02,4.152957465643875139e+02
-3.030803080308030530e+02,4.155742135879501120e+02
-3.029802980298029524e+02,4.158529607611016559e+02
-3.028802880288028518e+02,4.161319884597260170e+02
-3.027802780278027512e+02,4.164112970603371195e+02
-3.026802680268026506e+02,4.166908869400817252e+02
-3.025802580258025500e+02,4.169707584767388084e+02
-3.024802480248024494e+02,4.172509120487221708e+02
-3.023802380238023488e+02,4.175313480350814643e+02
-3.022802280228023051e+02,4.178120668155026465e+02
-3.021802180218022045e+02,4.180930687703104809e+02
-3.020802080208021039e+02,4.183743542804692765e+02
-3.019801980198020033e+02,4.186559237275837972e+02
-3.018801880188019027e+02,4.189377774939010237e+02
-3.017801780178018021e+02,4.192199159623115179e+02
-3.016801680168017015e+02,4.195023395163502755e+02
-3.015801580158016009e+02,4.197850485401986589e+02
-3.014801480148015003e+02,4.200680434186849652e+02
-3.013801380138013997e+02,4.203513245372863025e+02
-3.012801280128012991e+02,4.206348922821298402e+02
-3.011801180118011985e+02,4.209187470399937752e+02
-3.010801080108010979e+02,4.212028891983089807e+02
-3.009800980098009973e+02,4.214873191451602565e+02
-3.008800880088008967e+02,4.217720372692873525e+02
-3.007800780078007961e+02,4.220570439600871850e+02
-3.006800680068006955e+02,4.223423396076140648e+02
-3.005800580058005949e+02,4.226279246025810608e+02
-3.004800480048004943e+02,4.229137993363628425e+02
-3.003800380038003937e+02,4.231999642009951685e+02
-3.002800280028002931e+02,4.234864195891774443e+02
-3.001800180018001925e+02,4.237731658942736317e+02
-3.000800080008000918e+02,4.240602035103131016e+02
-2.999799979997999912e+02,4.243475328319932487e+02
-2.998799879987998906e+02,4.246351542546796054e+02
-2.997799779977997900e+02,4.249230681744080016e+02
-2.996799679967996894e+02,4.252112749878852469e+02
-2.995799579957995888e+02,4.254997750924911770e+02
-2.994799479947994882e+02,4.257885688862798474e+02
-2.993799379937993876e+02,4.260776567679804430e+02
-2.992799279927992870e+02,4.263670391369988693e+02
-2.991799179917991864e+02,4.266567163934199698e+02
-2.990799079907990858e+02,4.269466889380074690e+02
-2.989798979897989852e+02,4.272369571722064165e+02
-2.988798879887988846e+02,4.275275214981441536e+02
-2.987798779877987840e+02,4.278183823186318477e+02
-2.986798679867986834e+02,4.281095400371659707e+02
-2.985798579857985828e+02,4.284009950579290944e+02
-2.984798479847984822e+02,4.286927477857919371e+02
-2.983798379837983816e+02,4.289847986263152393e+02
-2.982798279827982810e+02,4.292771479857494228e+02
-2.981798179817981804e+02,4.295697962710381148e+02
-2.980798079807980798e+02,4.298627438898179776e+02
-2.979797979797979792e+02,4.301559912504206409e+02
-2.978797879787978786e+02,4.304495387618746918e+02
-2.977797779777977780e+02,4.307433868339060723e+02
-2.976797679767976774e+02,4.310375358769402396e+02
-2.975797579757975768e+02,4.313319863021035303e+02
-2.974797479747975331e+02,4.316267385212239560e+02
-2.973797379737974325e+02,4.319217929468341595e+02
-2.972797279727973319e+02,4.322171499921707323e+02
-2.971797179717972313e+02,4.325128100711772277e+02
-2.970797079707971307e+02,4.328087735985054110e+02
-2.969796979697970301e+02,4.331050409895159987e+02
-2.968796879687969295e+02,4.334016126602806480e+02
-2.967796779677968289e+02,4.336984890275837756e+02
-2.966796679667967283e+02,4.339956705089229558e+02
-2.965796579657966276e+02,4.342931575225117058e+02
-2.964796479647965270e+02,4.345909504872798266e+02
-2.963796379637964264e+02,4.348890498228748811e+02
-2.962796279627963258e+02,4.351874559496652637e+02
-2.961796179617962252e+02,4.354861692887394042e+02
-2.960796079607961246e+02,4.357851902619092357e+02
-2.959795979597960240e+02,4.360845192917103077e+02
-2.958795879587959234e+02,4.363841568014037193e+02
-2.957795779577958228e+02,4.366841032149783359e+02
-2.956795679567957222e+02,4.369843589571508460e+02
-2.955795579557956216e+02,4.372849244533684896e+02
-2.954795479547955210e+02,4.375858001298103659e+02
-2.953795379537954204e+02,4.378869864133881151e+02
-2.952795279527953198e+02,4.381884837317485335e+02
-2.951795179517952192e+02,4.384902925132743121e+02
-2.950795079507951186e+02,4.387924131870857991e+02
-2.949794979497950180e+02,4.390948461830429324e+02
-2.948794879487949174e+02,4.393975919317461489e+02
-2.947794779477948168e+02,4.397006508645379199e+02
-2.946794679467947162e+02,4.400040234135049104e+02
-2.945794579457946156e+02,4.403077100114790028e+02
-2.944794479447945150e+02,4.406117110920391724e+02
-2.943794379437944144e+02,4.409160270895123404e+02
-2.942794279427943138e+02,4.412206584389757040e+02
-2.941794179417942132e+02,4.415256055762582719e+02
-2.940794079407941126e+02,4.418308689379418865e+02
-2.939793979397940120e+02,4.421364489613627029e+02
-2.938793879387939114e+02,4.424423460846141438e+02
-2.937793779377938108e+02,4.427485607465461612e+02
-2.936793679367937102e+02,4.430550933867692720e+02
-2.935793579357936096e+02,4.433619444456542169e+02
-2.934793479347935090e+02,4.436691143643340638e+02
-2.933793379337934084e+02,4.439766035847068792e+02
-2.932793279327933078e+02,4.442844125494357286e+02
-2.931793179317932072e+02,4.445925417019513475e+02
-2.930793079307931066e+02,4.449009914864531083e+02
-2.929792979297930060e+02,4.452097623479110098e+02
-2.928792879287929054e+02,4.455188547320671546e+02
-2.927792779277928048e+02,4.458282690854373982e+02
-2.926792679267927042e+02,4.461380058553127128e+02
-2.925792579257926036e+02,4.464480654897614045e+02
-2.924792479247925030e+02,4.467584484376299656e+02
-2.923792379237924024e+02,4.470691551485452919e+02
-2.922792279227923018e+02,4.473801860729158761e+02
-2.921792179217922012e+02,4.476915416619337975e+02
-2.920792079207921006e+02,4.480032223675762566e+02
-2.919791979197920000e+02,4.483152286426072806e+02
-2.918791879187918994e+02,4.486275609405786895e+02
-2.917791779177917988e+02,4.489402197158329955e+02
-2.916791679167916982e+02,4.492532054235040846e+02
-2.915791579157915976e+02,4.495665185195192635e+02
-2.914791479147914970e+02,4.498801594606005096e+02
-2.913791379137913964e+02,4.501941287042666886e+02
-2.912791279127912958e+02,4.505084267088350884e+02
-2.911791179117911952e+02,4.508230539334227842e+02
-2.910791079107910946e+02,4.511380108379483431e+02
-2.909790979097909940e+02,4.514532978831342120e+02
-2.908790879087908934e+02,4.517689155305071154e+02
-2.907790779077907928e+02,4.520848642424013519e+02
-2.906790679067906922e+02,4.524011444819590224e+02
-2.905790579057905916e+02,4.527177567131321894e+02
-2.904790479047904910e+02,4.530347014006856057e+02
-2.903790379037903904e+02,4.533519790101960893e+02
-2.902790279027902898e+02,4.536695900080571846e+02
-2.901790179017901892e+02,4.539875348614783093e+02
-2.900790079007900886e+02,4.543058140384879948e+02
-2.899789978997899880e+02,4.546244280079351938e+02
-2.898789878987898874e+02,4.549433772394907010e+02
-2.897789778977897868e+02,4.552626622036489721e+02
-2.896789678967896862e+02,4.555822833717306821e+02
-2.895789578957895856e+02,4.559022412158830093e+02
-2.894789478947894850e+02,4.562225362090829321e+02
-2.893789378937893844e+02,4.565431688251377409e+02
-2.892789278927892838e+02,4.568641395386871409e+02
-2.891789178917891832e+02,4.571854488252055262e+02
-2.890789078907890826e+02,4.575070971610032302e+02
-2.889788978897889820e+02,4.578290850232281173e+02
-2.888788878887888814e+02,4.581514128898681406e+02
-2.887788778877887808e+02,4.584740812397520813e+02
-2.886788678867886802e+02,4.587970905525522767e+02
-2.885788578857885796e+02,4.591204413087858711e+02
-2.884788478847884790e+02,4.594441339898165211e+02
-2.883788378837883783e+02,4.597681690778566690e+02
-2.882788278827882777e+02,4.600925470559685664e+02
-2.881788178817881771e+02,4.604172684080674003e+02
-2.880788078807880765e+02,4.607423336189214638e+02
-2.879787978797879759e+02,4.610677431741549412e+02
-2.878787878787878753e+02,4.613934975602499549e+02
-2.877787778777877747e+02,4.617195972645473603e+02
-2.876787678767876741e+02,4.620460427752493047e+02
-2.875787578757875735e+02,4.623728345814216141e+02
-2.874787478747874729e+02,4.626999731729938503e+02
-2.873787378737873723e+02,4.630274590407631194e+02
-2.872787278727872717e+02,4.633552926763945266e+02
-2.871787178717871711e+02,4.636834745724235063e+02
-2.870787078707870705e+02,4.640120052222580966e+02
-2.869786978697869699e+02,4.643408851201797916e+02
-2.868786878687868693e+02,4.646701147613463831e+02
-2.867786778677867687e+02,4.649996946417933827e+02
-2.866786678667866681e+02,4.653296252584356694e+02
-2.865786578657865675e+02,4.656599071090701614e+02
-2.864786478647864669e+02,4.659905406923767828e+02
-2.863786378637863663e+02,4.663215265079202254e+02
-2.862786278627862657e+02,4.666528650561533595e+02
-2.861786178617861651e+02,4.669845568384171770e+02
-2.860786078607860645e+02,4.673166023569444860e+02
-2.859785978597859639e+02,4.676490021148600817e+02
-2.858785878587858633e+02,4.679817566161837590e+02
-2.857785778577857627e+02,4.683148663658325290e+02
-2.856785678567856621e+02,4.686483318696211313e+02
-2.855785578557855615e+02,4.689821536342649893e+02
-2.854785478547854609e+02,4.693163321673824839e+02
-2.853785378537853603e+02,4.696508679774956363e+02
-2.852785278527852597e+02,4.699857615740332903e+02
-2.851785178517851591e+02,4.703210134673320795e+02
-2.850785078507850585e+02,4.706566241686388139e+02
-2.849784978497849579e+02,4.709925941901127544e+02
-2.848784878487848573e+02,4.713289240448270334e+02
-2.847784778477847567e+02,4.716656142467703603e+02
-2.846784678467846561e+02,4.720026653108502614e+02
-2.845784578457845555e+02,4.723400777528933645e+02
-2.844784478447844549e+02,4.726778520896491500e+02
-2.843784378437843543e+02,4.730159888387898945e+02
-2.842784278427842537e+02,4.733544885189144225e+02
-2.841784178417841531e+02,4.736933516495494132e+02
-2.840784078407840525e+02,4.740325787511511066e+02
-2.839783978397839519e+02,4.743721703451077474e+02
-2.838783878387838513e+02,4.747121269537416879e+02
-2.837783778377837507e+02,4.750524491003106391e+02
-2.836783678367836501e+02,4.753931373090107400e+02
-2.835783578357835495e+02,4.757341921049774669e+02
-2.834783478347834489e+02,4.760756140142884760e+02
-2.833783378337833483e+02,4.764174035639655358e+02
-2.832783278327832477e+02,4.767595612819761186e+02
-2.831783178317832039e+02,4.771020876972357314e+02
-2.830783078307831033e+02,4.774449833396102463e+02
-2.829782978297830027e+02,4.777882487399172078e+02
-2.828782878287829021e+02,4.781318844299288457e+02
-2.827782778277828015e+02,4.784758909423729847e+02
-2.826782678267827009e+02,4.788202688109359428e+02
-2.825782578257826003e+02,4.791650185702646922e+02
-2.824782478247824997e+02,4.795101407559685640e+02
-2.823782378237823991e+02,4.798556359046207831e+02
-2.822782278227822985e+02,4.802015045537623905e+02
-2.821782178217821979e+02,4.805477472419013338e+02
-2.820782078207820973e+02,4.808943645085181515e+02
-2.819781978197819967e+02,4.812413568940652340e+02
-2.818781878187818961e+02,4.815887249399698362e+02
-2.817781778177817955e+02,4.819364691886372043e+02
-2.816781678167816949e+02,4.822845901834506890e+02
-2.815781578157815943e+02,4.826330884687760658e+02
-2.814781478147814937e+02,4.829819645899617626e+02
-2.813781378137813931e+02,4.833312190933417583e+02
-2.812781278127812925e+02,4.836808525262385388e+02
-2.811781178117811919e+02,4.840308654369637793e+02
-2.810781078107810913e+02,4.843812583748211864e+02
-2.809780978097809907e+02,4.847320318901092264e+02
-2.808780878087808901e+02,4.850831865341218077e+02
-2.807780778077807895e+02,4.854347228591523731e+02
-2.806780678067806889e+02,4.857866414184942414e+02
-2.805780578057805883e+02,4.861389427664436766e+02
-2.804780478047804877e+02,4.864916274583025029e+02
-2.803780378037803871e+02,4.868446960503790706e+02
-2.802780278027802865e+02,4.871981490999917810e+02
-2.801780178017801859e+02,4.875519871654699386e+02
-2.800780078007800853e+02,4.879062108061571621e+02
-2.799779977997799847e+02,4.882608205824132597e+02
-2.798779877987798841e+02,4.886158170556157074e+02
-2.797779777977797835e+02,4.889712007881627187e+02
-2.796779677967796829e+02,4.893269723434752336e+02
-2.795779577957795823e+02,4.896831322859990792e+02
-2.794779477947794817e+02,4.900396811812073565e+02
-2.793779377937793811e+02,4.903966195956024876e+02
-2.792779277927792805e+02,4.907539480967180339e+02
-2.791779177917791799e+02,4.911116672531224481e+02
-2.790779077907790793e+02,4.914697776344195859e+02
-2.789778977897789787e+02,4.918282798112517185e+02
-2.788778877887788781e+02,4.921871743553025453e+02
-2.787778777877787775e+02,4.925464618392977627e+02
-2.786778677867786769e+02,4.929061428370093267e+02
-2.785778577857785763e+02,4.932662179232560220e+02
-2.784778477847785325e+02,4.936266876739063036e+02
-2.783778377837784319e+02,4.939875526658818785e+02
-2.782778277827783313e+02,4.943488134771579894e+02
-2.781778177817782307e+02,4.947104706867665413e+02
-2.780778077807781301e+02,4.950725248747995124e+02
-2.779777977797780295e+02,4.954349766224088967e+02
-2.778777877787779289e+02,4.957978265118118770e+02
-2.777777777777778283e+02,4.961610751262906547e+02
-2.776777677767777277e+02,4.965247230501960871e+02
-2.775777577757776271e+02,4.968887708689505303e+02
-2.774777477747775265e+02,4.972532191690484638e+02
-2.773777377737774259e+02,4.976180685380602426e+02
-2.772777277727773253e+02,4.979833195646345416e+02
-2.771777177717772247e+02,4.983489728384993782e+02
-2.770777077707771241e+02,4.987150289504663760e+02
-2.769776977697770235e+02,4.990814884924313901e+02
-2.768776877687769229e+02,4.994483520573776900e+02
-2.767776777677768223e+02,4.998156202393792000e+02
-2.766776677667767217e+02,5.001832936336009539e+02
-2.765776577657766211e+02,5.005513728363029031e+02
-2.764776477647765205e+02,5.009198584448427027e+02
-2.763776377637764199e+02,5.012887510576763930e+02
-2.762776277627763193e+02,5.016580512743628333e+02
-2.761776177617762187e+02,5.020277596955644981e+02
-2.760776077607761181e+02,5.023978769230509442e+02
-2.759775977597760175e+02,5.027684035597008005e+02
-2.758775877587759169e+02,5.031393402095042120e+02
-2.757775777577758163e+02,5.035106874775660799e+02
-2.756775677567757157e+02,5.038824459701070282e+02
-2.755775577557756151e+02,5.042546162944670982e+02
-2.754775477547755145e+02,5.046271990591081931e+02
-2.753775377537754139e+02,5.050001948736156692e+02
-2.752775277527753133e+02,5.053736043487016332e+02
-2.751775177517752127e+02,5.057474280962073294e+02
-2.750775077507751121e+02,5.061216667291052431e+02
-2.749774977497750115e+02,5.064963208615021699e+02
-2.748774877487749109e+02,5.068713911086413191e+02
-2.747774777477748103e+02,5.072468780869045872e+02
-2.746774677467747097e+02,5.076227824138163669e+02
-2.745774577457746091e+02,5.079991047080443423e+02
-2.744774477447745085e+02,5.083758455894030703e+02
-2.743774377437744079e+02,5.087530056788567094e+02
-2.742774277427743073e+02,5.091305855985206108e+02
-2.741774177417742067e+02,5.095085859716653545e+02
-2.740774077407741061e+02,5.098870074227177156e+02
-2.739773977397740055e+02,5.102658505772636204e+02
-2.738773877387739049e+02,5.106451160620522387e+02
-2.737773777377738043e+02,5.110248045049963252e+02
-2.736773677367737037e+02,5.114049165351768806e+02
-2.735773577357736031e+02,5.117854527828439473e+02
-2.734773477347735025e+02,5.121664138794202472e+02
-2.733773377337734019e+02,5.125478004575044224e+02
-2.732773277327733012e+02,5.129296131508715462e+02
-2.731773177317732006e+02,5.133118525944779549e+02
-2.730773077307731000e+02,5.136945194244626691e+02
-2.729772977297729994e+02,5.140776142781503495e+02
-2.728772877287728988e+02,5.144611377940542525e+02
-2.727772777277727982e+02,5.148450906118783905e+02
-2.726772677267726976e+02,5.152294733725200331e+02
-2.725772577257725970e+02,5.156142867180733447e+02
-2.724772477247724964e+02,5.159995312918314312e+02
-2.723772377237723958e+02,5.163852077382883863e+02
-2.722772277227722952e+02,5.167713167031436114e+02
-2.721772177217721946e+02,5.171578588333028392e+02
-2.720772077207720940e+02,5.175448347768822259e+02
-2.719771977197719934e+02,5.179322451832096021e+02
-2.718771877187718928e+02,5.183200907028284519e+02
-2.717771777177717922e+02,5.187083719875006409e+02
-2.716771677167716916e+02,5.190970896902078948e+02
-2.715771577157715910e+02,5.194862444651555506e+02
-2.714771477147714904e+02,5.198758369677759674e+02
-2.713771377137713898e+02,5.202658678547292084e+02
-2.712771277127712892e+02,5.206563377839081568e+02
-2.711771177117711886e+02,5.210472474144390844e+02
-2.710771077107710880e+02,5.214385974066861991e+02
-2.709770977097709874e+02,5.218303884222536908e+02
-2.708770877087708868e+02,5.222226211239884606e+02
-2.707770777077707862e+02,5.226152961759831896e+02
-2.706770677067706856e+02,5.230084142435788408e+02
-2.705770577057705850e+02,5.234019759933673868e+02
-2.704770477047704844e+02,5.237959820931957893e+02
-2.703770377037703838e+02,5.241904332121670222e+02
-2.702770277027702832e+02,5.245853300206438234e+02
-2.701770177017701826e+02,5.249806731902525598e+02
-2.700770077007700820e+02,5.253764633938836823e+02
-2.699769976997699814e+02,5.257727013056971828e+02
-2.698769876987698808e+02,5.261693876011232760e+02
-2.697769776977697802e+02,5.265665229568667201e+02
-2.696769676967696796e+02,5.269641080509094309e+02
-2.695769576957695790e+02,5.273621435625129834e+02
-2.694769476947694784e+02,5.277606301722211128e+02
-2.693769376937693778e+02,5.281595685618643756e+02
-2.692769276927692772e+02,5.285589594145607180e+02
-2.691769176917691766e+02,5.289588034147205917e+02
-2.690769076907690760e+02,5.293591012480483187e+02
-2.689768976897689754e+02,5.297598536015451600e+02
-2.688768876887688748e+02,5.301610611635137502e+02
-2.687768776877687742e+02,5.305627246235593475e+02
-2.686768676867686736e+02,5.309648446725933582e+02
-2.685768576857685730e+02,5.313674220028366335e+02
-2.684768476847684724e+02,5.317704573078219710e+02
-2.683768376837683718e+02,5.321739512823977520e+02
-2.682768276827682712e+02,5.325779046227302160e+02
-2.681768176817681706e+02,5.329823180263065296e+02
-2.680768076807680700e+02,5.333871921919381975e+02
-2.679767976797679694e+02,5.337925278197641319e+02
-2.678767876787678688e+02,5.341983256112533809e+02
-2.677767776777677682e+02,5.346045862692080846e+02
-2.676767676767676676e+02,5.350113104977663170e+02
-2.675767576757675670e+02,5.354184990024066337e+02
-2.674767476747674664e+02,5.358261524899486403e+02
-2.673767376737673658e+02,5.362342716685582218e+02
-2.672767276727672652e+02,5.366428572477494754e+02
-2.671767176717671646e+02,5.370519099383881212e+02
-2.670767076707670640e+02,5.374614304526949127e+02
-2.669766976697669634e+02,5.378714195042481379e+02
-2.668766876687668628e+02,5.382818778079864614e+02
-2.667766776677667622e+02,5.386928060802138134e+02
-2.666766676667666616e+02,5.391042050386001847e+02
-2.665766576657665610e+02,5.395160754021861749e+02
-2.664766476647664604e+02,5.399284178913861751e+02
-2.663766376637663598e+02,5.403412332279903012e+02
-2.662766276627662592e+02,5.407545221351697364e+02
-2.661766176617661586e+02,5.411682853374773003e+02
-2.660766076607660580e+02,5.415825235608519961e+02
-2.659765976597659574e+02,5.419972375326227620e+02
-2.658765876587658568e+02,5.424124279815102909e+02
-2.657765776577657562e+02,5.428280956376316908e+02
-2.656765676567656556e+02,5.432442412325023042e+02
-2.655765576557655550e+02,5.436608654990394598e+02
-2.654765476547654544e+02,5.440779691715664512e+02
-2.653765376537653538e+02,5.444955529858144700e+02
-2.652765276527652532e+02,5.449136176789262436e+02
-2.651765176517651526e+02,5.453321639894605823e+02
-2.650765076507650519e+02,5.457511926573934034e+02
-2.649764976497649513e+02,5.461707044241233007e+02
-2.648764876487648507e+02,5.465907000324727960e+02
-2.647764776477647501e+02,5.470111802266924315e+02
-2.646764676467646495e+02,5.474321457524653169e+02
-2.645764576457645489e+02,5.478535973569080397e+02
-2.644764476447644483e+02,5.482755357885756666e+02
-2.643764376437643477e+02,5.486979617974648136e+02
-2.642764276427642471e+02,5.491208761350163741e+02
-2.641764176417642034e+02,5.495442795541196119e+02
-2.640764076407641028e+02,5.499681728091155719e+02
-2.639763976397640022e+02,5.503925566557987850e+02
-2.638763876387639016e+02,5.508174318514229526e+02
-2.637763776377638010e+02,5.512427991547026522e+02
-2.636763676367637004e+02,5.516686593258175435e+02
-2.635763576357635998e+02,5.520950131264158927e+02
-2.634763476347634992e+02,5.525218613196167325e+02
-2.633763376337633986e+02,5.529492046700154333e+02
-2.632763276327632980e+02,5.533770439436847255e+02
-2.631763176317631974e+02,5.538053799081794750e+02
-2.630763076307630968e+02,5.542342133325405484e+02
-2.629762976297629962e+02,5.546635449872972004e+02
-2.628762876287628956e+02,5.550933756444703704e+02
-2.627762776277627950e+02,5.555237060775779128e+02
-2.626762676267626944e+02,5.559545370616359605e+02
-2.625762576257625938e+02,5.563858693731642688e+02
-2.624762476247624932e+02,5.568177037901878066e+02
-2.623762376237623926e+02,5.572500410922415313e+02
-2.622762276227622920e+02,5.576828820603742543e+02
-2.621762176217621914e+02,5.581162274771511420e+02
-2.620762076207620908e+02,5.585500781266570129e+02
-2.619761976197619902e+02,5.589844347945017944e+02
-2.618761876187618896e+02,5.594192982678214321e+02
-2.617761776177617890e+02,5.598546693352842567e+02
-2.616761676167616884e+02,5.602905487870920069e+02
-2.615761576157615877e+02,5.607269374149848318e+02
-2.614761476147614871e+02,5.611638360122450422e+02
-2.613761376137613865e+02,5.616012453736993848e+02
-2.612761276127612859e+02,5.620391662957246126e+02
-2.611761176117611853e+02,5.624775995762493039e+02
-2.610761076107610847e+02,5.629165460147581825e+02
-2.609760976097609841e+02,5.633560064122963240e+02
-2.608760876087608835e+02,5.637959815714718843e+02
-2.607760776077607829e+02,5.642364722964597377e+02
-2.606760676067606823e+02,5.646774793930068199e+02
-2.605760576057605817e+02,5.651190036684331517e+02
-2.604760476047604811e+02,5.655610459316382048e+02
-2.603760376037603805e+02,5.660036069931026077e+02
-2.602760276027602799e+02,5.664466876648922380e+02
-2.601760176017601793e+02,5.668902887606634522e+02
-2.600760076007600787e+02,5.673344110956646773e+02
-2.599759975997599781e+02,5.677790554867415267e+02
-2.598759875987598775e+02,5.682242227523403244e+02
-2.597759775977597769e+02,5.686699137125109473e+02
-2.596759675967596763e+02,5.691161291889128506e+02
-2.595759575957595757e+02,5.695628700048158635e+02
-2.594759475947594751e+02,5.700101369851061008e+02
-2.593759375937594314e+02,5.704579309562892604e+02
-2.592759275927593308e+02,5.709062527464948289e+02
-2.591759175917592302e+02,5.713551031854780149e+02
-2.590759075907591296e+02,5.718044831046264562e+02
-2.589758975897590290e+02,5.722543933369615843e+02
-2.588758875887589284e+02,5.727048347171444220e+02
-2.587758775877588278e+02,5.731558080814777441e+02
-2.586758675867587272e+02,5.736073142679107377e+02
-2.585758575857586266e+02,5.740593541160437780e+02
-2.584758475847585260e+02,5.745119284671303603e+02
-2.583758375837584254e+02,5.749650381640831256e+02
-2.582758275827583248e+02,5.754186840514761343e+02
-2.581758175817582242e+02,5.758728669755490728e+02
-2.580758075807581235e+02,5.763275877842127102e+02
-2.579757975797580229e+02,5.767828473270509448e+02
-2.578757875787579223e+02,5.772386464553252381e+02
-2.577757775777578217e+02,5.776949860219798438e+02
-2.576757675767577211e+02,5.781518668816437412e+02
-2.575757575757576205e+02,5.786092898906366599e+02
-2.574757475747575199e+02,5.790672559069714680e+02
-2.573757375737574193e+02,5.795257657903590598e+02
-2.572757275727573187e+02,5.799848204022127902e+02
-2.571757175717572181e+02,5.804444206056513167e+02
-2.570757075707571175e+02,5.809045672655029193e+02
-2.569756975697570169e+02,5.813652612483111852e+02
-2.568756875687569163e+02,5.818265034223363728e+02
-2.567756775677568157e+02,5.822882946575623464e+02
-2.566756675667567151e+02,5.827506358256982821e+02
-2.565756575657566145e+02,5.832135278001838969e+02
-2.564756475647565139e+02,5.836769714561941100e+02
-2.563756375637564133e+02,5.841409676706418850e+02
-2.562756275627563127e+02,5.846055173221828909e+02
-2.561756175617562121e+02,5.850706212912206183e+02
-2.560756075607561115e+02,5.855362804599088804e+02
-2.559755975597559825e+02,5.860024957121574971e+02
-2.558755875587558819e+02,5.864692679336351375e+02
-2.557755775577557813e+02,5.869365980117744357e+02
-2.556755675567556807e+02,5.874044868357765381e+02
-2.555755575557555801e+02,5.878729352966138322e+02
-2.554755475547554795e+02,5.883419442870360854e+02
-2.553755375537553789e+02,5.888115147015730599e+02
-2.552755275527552783e+02,5.892816474365392878e+02
-2.551755175517551777e+02,5.897523433900397549e+02
-2.550755075507550771e+02,5.902236034619713791e+02
-2.549754975497549765e+02,5.906954285540293768e+02
-2.548754875487548759e+02,5.911678195697122646e+02
-2.547754775477547753e+02,5.916407774143227698e+02
-2.546754675467547031e+02,5.921143029949763559e+02
-2.545754575457546025e+02,5.925883972206027011e+02
-2.544754475447545019e+02,5.930630610019508140e+02
-2.543754375437544013e+02,5.935382952515941497e+02
-2.542754275427543007e+02,5.940141008839341339e+02
-2.541754175417542001e+02,5.944904788152042556e+02
-2.540754075407540995e+02,5.949674299634760928e+02
-2.539753975397539989e+02,5.954449552486616994e+02
-2.538753875387538983e+02,5.959230555925197450e+02
-2.537753775377537977e+02,5.964017319186591521e+02
-2.536753675367536971e+02,5.968809851525423937e+02
-2.535753575357535965e+02,5.973608162214931099e+02
-2.534753475347534959e+02,5.978412260546973584e+02
-2.533753375337533953e+02,5.983222155832102089e+02
-2.532753275327532947e+02,5.988037857399590393e+02
-2.531753175317531941e+02,5.992859374597481974e+02
-2.530753075307530935e+02,5.997686716792649122e+02
-2.529752975297529929e+02,6.002519893370817954e+02
-2.528752875287528923e+02,6.007358913736624118e+02
-2.527752775277527917e+02,6.012203787313667362e+02
-2.526752675267526911e+02,6.017054523544534277e+02
-2.525752575257525905e+02,6.021911131890869910e+02
-2.524752475247524899e+02,6.026773621833409607e+02
-2.523752375237523893e+02,6.031642002872018793e+02
-2.522752275227522887e+02,6.036516284525763467e+02
-2.521752175217521881e+02,6.041396476332928387e+02
-2.520752075207520875e+02,6.046282587851083008e+02
-2.519751975197519869e+02,6.051174628657122412e+02
-2.518751875187518863e+02,6.056072608347312780e+02
-2.517751775177517857e+02,6.060976536537342554e+02
-2.516751675167516851e+02,6.065886422862357676e+02
-2.515751575157515845e+02,6.070802276977025258e+02
-2.514751475147514839e+02,6.075724108555576777e+02
-2.513751375137513833e+02,6.080651927291841048e+02
-2.512751275127512827e+02,6.085585742899316983e+02
-2.511751175117511821e+02,6.090525565111199739e+02
-2.510751075107510815e+02,6.095471403680435287e+02
-2.509750975097509809e+02,6.100423268379777255e+02
-2.508750875087508803e+02,6.105381169001822173e+02
-2.507750775077507797e+02,6.110345115359061765e+02
-2.506750675067506791e+02,6.115315117283943209e+02
-2.505750575057505785e+02,6.120291184628896417e+02
-2.504750475047504779e+02,6.125273327266402248e+02
-2.503750375037503773e+02,6.130261555089032299e+02
-2.502750275027502767e+02,6.135255878009492108e+02
-2.501750175017501761e+02,6.140256305960690497e+02
-2.500750075007500755e+02,6.145262848895765728e+02
-2.499749974997499748e+02,6.150275516788145751e+02
-2.498749874987499027e+02,6.155294319631606186e+02
-2.497749774977498021e+02,6.160319267440296471e+02
-2.496749674967497015e+02,6.165350370248821719e+02
-2.495749574957496009e+02,6.170387638112264312e+02
-2.494749474947495003e+02,6.175431081106244164e+02
-2.493749374937493997e+02,6.180480709326981241e+02
-2.492749274927492991e+02,6.185536532891325123e+02
-2.491749174917491985e+02,6.190598561936817532e+02
-2.490749074907490979e+02,6.195666806621744627e+02
-2.489748974897489973e+02,6.200741277125182478e+02
-2.488748874887488967e+02,6.205821983647052775e+02
-2.487748774877487961e+02,6.210908936408168302e+02
-2.486748674867486955e+02,6.216002145650289776e+02
-2.485748574857485949e+02,6.221101621636172467e+02
-2.484748474847484943e+02,6.226207374649623034e+02
-2.483748374837483937e+02,6.231319414995546140e+02
-2.482748274827482931e+02,6.236437753000005841e+02
-2.481748174817481924e+02,6.241562399010263107e+02
-2.480748074807480918e+02,6.246693363394844027e+02
-2.479747974797479912e+02,6.251830656543576197e+02
-2.478747874787478906e+02,6.256974288867651239e+02
-2.477747774777477900e+02,6.262124270799682790e+02
-2.476747674767476894e+02,6.267280612793741739e+02
-2.475747574757475888e+02,6.272443325325427850e+02
-2.474747474747474882e+02,6.277612418891912967e+02
-2.473747374737473876e+02,6.282787904011989895e+02
-2.472747274727472870e+02,6.287969791226140615e+02
-2.471747174717471864e+02,6.293158091096579483e+02
-2.470747074707470858e+02,6.298352814207303254e+02
-2.469746974697469852e+02,6.303553971164159293e+02
-2.468746874687468846e+02,6.308761572594883091e+02
-2.467746774677467840e+02,6.313975629149169890e+02
-2.466746674667466834e+02,6.319196151498715608e+02
-2.465746574657465828e+02,6.324423150337265724e+02
-2.464746474647464822e+02,6.329656636380696000e+02
-2.463746374637463816e+02,6.334896620367042033e+02
-2.462746274627462810e+02,6.340143113056562925e+02
-2.461746174617461804e+02,6.345396125231807218e+02
-2.460746074607460798e+02,6.350655667697644731e+02
-2.459745974597459792e+02,6.355921751281346133e+02
-2.458745874587458786e+02,6.361194386832621603e+02
-2.457745774577457780e+02,6.366473585223682221e+02
-2.456745674567456774e+02,6.371759357349307038e+02
-2.455745574557455768e+02,6.377051714126877187e+02
-2.454745474547454762e+02,6.382350666496449776e+02
-2.453745374537453756e+02,6.387656225420811325e+02
-2.452745274527452750e+02,6.392968401885522098e+02
-2.451745174517451744e+02,6.398287206898996828e+02
-2.450745074507451022e+02,6.403612651492536543e+02
-2.449744974497450016e+02,6.408944746720397916e+02
-2.448744874487449010e+02,6.414283503659858070e+02
-2.447744774477448004e+02,6.419628933411250955e+02
-2.446744674467446998e+02,6.424981047098050340e+02
-2.445744574457445992e+02,6.430339855866907328e+02
-2.444744474447444986e+02,6.435705370887711751e+02
-2.443744374437443980e+02,6.441077603353669474e+02
-2.442744274427442974e+02,6.446456564481329679e+02
-2.441744174417441968e+02,6.451842265510665584e+02
-2.440744074407440962e+02,6.457234717705134699e+02
-2.439743974397439956e+02,6.462633932351714066e+02
-2.438743874387438950e+02,6.468039920760991208e+02
-2.437743774377437944e+02,6.473452694267199377e+02
-2.436743674367436938e+02,6.478872264228280073e+02
-2.435743574357435932e+02,6.484298642025964909e+02
-2.434743474347434926e+02,6.489731839065796066e+02
-2.433743374337433920e+02,6.495171866777218384e+02
-2.432743274327432914e+02,6.500618736613636202e+02
-2.431743174317431908e+02,6.506072460052450879e+02
-2.430743074307430902e+02,6.511533048595151740e+02
-2.429742974297429896e+02,6.517000513767353596e+02
-2.428742874287428890e+02,6.522474867118862676e+02
-2.427742774277427884e+02,6.527956120223753942e+02
-2.426742674267426878e+02,6.533444284680402916e+02
-2.425742574257425872e+02,6.538939372111570947e+02
-2.424742474247424866e+02,6.544441394164462054e+02
-2.423742374237423860e+02,6.549950362510771811e+02
-2.422742274227422854e+02,6.555466288846771477e+02
-2.421742174217421848e+02,6.560989184893345509e+02
-2.420742074207420842e+02,6.566519062396065465e+02
-2.419741974197419836e+02,6.572055933125266165e+02
-2.418741874187418830e+02,6.577599808876078669e+02
-2.417741774177417824e+02,6.583150701468521220e+02
-2.416741674167416818e+02,6.588708622747543586e+02
-2.415741574157415812e+02,6.594273584583095271e+02
-2.414741474147414806e+02,6.599845598870194863e+02
-2.413741374137413800e+02,6.605424677528984603e+02
-2.412741274127412794e+02,6.611010832504799737e+02
-2.411741174117411788e+02,6.616604075768237863e+02
-2.410741074107410782e+02,6.622204419315205541e+02
-2.409740974097409776e+02,6.627811875167001290e+02
-2.408740874087408770e+02,6.633426455370367876e+02
-2.407740774077407764e+02,6.639048171997560530e+02
-2.406740674067406758e+02,6.644677037146418570e+02
-2.405740574057405752e+02,6.650313062940417694e+02
-2.404740474047404746e+02,6.655956261528742743e+02
-2.403740374037403740e+02,6.661606645086359322e+02
-2.402740274027402734e+02,6.667264225814062684e+02
-2.401740174017401728e+02,6.672929015938557313e+02
-2.400740074007400722e+02,6.678601027712519453e+02
-2.399739973997399716e+02,6.684280273414666453e+02
-2.398739873987398710e+02,6.689966765349811340e+02
-2.397739773977397704e+02,6.695660515848943533e+02
-2.396739673967396698e+02,6.701361537269285691e+02
-2.395739573957395692e+02,6.707069841994373292e+02
-2.394739473947394686e+02,6.712785442434100105e+02
-2.393739373937393680e+02,6.718508351024809144e+02
-2.392739273927392674e+02,6.724238580229343825e+02
-2.391739173917391668e+02,6.729976142537127544e+02
-2.390739073907390662e+02,6.735721050464223936e+02
-2.389738973897389656e+02,6.741473316553402810e+02
-2.388738873887388650e+02,6.747232953374218596e+02
-2.387738773877387644e+02,6.752999973523071731e+02
-2.386738673867386638e+02,6.758774389623280285e+02
-2.385738573857385632e+02,6.764556214325140218e+02
-2.384738473847384626e+02,6.770345460306012910e+02
-2.383738373837383620e+02,6.776142140270379741e+02
-2.382738273827382613e+02,6.781946266949913706e+02
-2.381738173817381607e+02,6.787757853103552179e+02
-2.380738073807380601e+02,6.793576911517569670e+02
-2.379737973797380164e+02,6.799403455005638079e+02
-2.378737873787379158e+02,6.805237496408916513e+02
-2.377737773777378152e+02,6.811079048596093344e+02
-2.376737673767377146e+02,6.816928124463485119e+02
-2.375737573757376140e+02,6.822784736935089995e+02
-2.374737473747375134e+02,6.828648898962670728e+02
-2.373737373737374128e+02,6.834520623525810379e+02
-2.372737273727373122e+02,6.840399923632000991e+02
-2.371737173717372116e+02,6.846286812316707255e+02
-2.370737073707371110e+02,6.852181302643442677e+02
-2.369736973697370104e+02,6.858083407703834382e+02
-2.368736873687369098e+02,6.863993140617704967e+02
-2.367736773677368092e+02,6.869910514533140713e+02
-2.366736673667367086e+02,6.875835542626563210e+02
-2.365736573657366080e+02,6.881768238102805526e+02
-2.364736473647365074e+02,6.887708614195184964e+02
-2.363736373637364068e+02,6.893656684165579236e+02
-2.362736273627363062e+02,6.899612461304495810e+02
-2.361736173617362056e+02,6.905575958931142395e+02
-2.360736073607361050e+02,6.911547190393521305e+02
-2.359735973597360044e+02,6.917526169068474928e+02
-2.358735873587359038e+02,6.923512908361783502e+02
-2.357735773577358032e+02,6.929507421708236734e+02
-2.356735673567357026e+02,6.935509722571694056e+02
-2.355735573557356020e+02,6.941519824445176710e+02
-2.354735473547355014e+02,6.947537740850937098e+02
-2.353735373537354008e+02,6.953563485340544048e+02
-2.352735273527353002e+02,6.959597071494927150e+02
-2.351735173517351996e+02,6.965638512924499537e+02
-2.350735073507350990e+02,6.971687823269203363e+02
-2.349734973497349984e+02,6.977745016198596204e+02
-2.348734873487348978e+02,6.983810105411922677e+02
-2.347734773477347971e+02,6.989883104638200848e+02
-2.346734673467346965e+02,6.995964027636292712e+02
-2.345734573457345959e+02,7.002052888194991738e+02
-2.344734473447344953e+02,7.008149700133079705e+02
-2.343734373437343947e+02,7.014254477299431301e+02
-2.342734273427342941e+02,7.020367233573076646e+02
-2.341734173417341935e+02,7.026487982863285424e+02
-2.340734073407340929e+02,7.032616739109640775e+02
-2.339733973397339923e+02,7.038753516282124565e+02
-2.338733873387338917e+02,7.044898328381198098e+02
-2.337733773377337911e+02,7.051051189437876019e+02
-2.336733673367336905e+02,7.057212113513808163e+02
-2.335733573357335899e+02,7.063381114701359138e+02
-2.334733473347334893e+02,7.069558207123694729e+02
-2.333733373337333887e+02,7.075743404934862610e+02
-2.332733273327332881e+02,7.081936722319854880e+02
-2.331733173317331875e+02,7.088138173494712646e+02
-2.330733073307330869e+02,7.094347772706601063e+02
-2.329732973297329863e+02,7.100565534233883227e+02
-2.328732873287328857e+02,7.106791472386213400e+02
-2.327732773277327851e+02,7.113025601504605220e+02
-2.326732673267326845e+02,7.119267935961528337e+02
-2.325732573257325839e+02,7.125518490160986858e+02
-2.324732473247324833e+02,7.131777278538596647e+02
-2.323732373237323827e+02,7.138044315561674011e+02
-2.322732273227322821e+02,7.144319615729317547e+02
-2.321732173217321815e+02,7.150603193572494547e+02
-2.320732073207320809e+02,7.156895063654122850e+02
-2.319731973197319803e+02,7.163195240569152702e+02
-2.318731873187318797e+02,7.169503738944657698e+02
-2.317731773177317791e+02,7.175820573439910959e+02
-2.316731673167316785e+02,7.182145758746484034e+02
-2.315731573157315779e+02,7.188479309588312844e+02
-2.314731473147314773e+02,7.194821240721798858e+02
-2.313731373137313767e+02,7.201171566935894361e+02
-2.312731273127312761e+02,7.207530303052175213e+02
-2.311731173117311755e+02,7.213897463924944304e+02
-2.310731073107310749e+02,7.220273064441303177e+02
-2.309730973097309743e+02,7.226657119521254344e+02
-2.308730873087308737e+02,7.233049644117775188e+02
-2.307730773077307731e+02,7.239450653216912315e+02
-2.306730673067306725e+02,7.245860161837864553e+02
-2.305730573057305719e+02,7.252278185033078444e+02
-2.304730473047304713e+02,7.258704737888328964e+02
-2.303730373037303707e+02,7.265139835522818430e+02
-2.302730273027302701e+02,7.271583493089243575e+02
-2.301730173017301695e+02,7.278035725773914919e+02
-2.300730073007300689e+02,7.284496548796821571e+02
-2.299729972997299683e+02,7.290965977411735821e+02
-2.298729872987298677e+02,7.297444026906290446e+02
-2.297729772977297671e+02,7.303930712602081030e+02
-2.296729672967296665e+02,7.310426049854751227e+02
-2.295729572957295659e+02,7.316930054054084849e+02
-2.294729472947294653e+02,7.323442740624086582e+02
-2.293729372937293647e+02,7.329964125023097949e+02
-2.292729272927292641e+02,7.336494222743857563e+02
-2.291729172917291635e+02,7.343033049313623906e+02
-2.290729072907290629e+02,7.349580620294241271e+02
-2.289728972897289623e+02,7.356136951282250038e+02
-2.288728872887288617e+02,7.362702057908974211e+02
-2.287728772877287611e+02,7.369275955840608958e+02
-2.286728672867286605e+02,7.375858660778320655e+02
-2.285728572857285599e+02,7.382450188458338971e+02
-2.284728472847285161e+02,7.389050554652048959e+02
-2.283728372837284155e+02,7.395659775166097916e+02
-2.282728272827283149e+02,7.402277865842460187e+02
-2.281728172817282143e+02,7.408904842558562223e+02
-2.280728072807281137e+02,7.415540721227367840e+02
-2.279727972797280131e+02,7.422185517797469174e+02
-2.278727872787279125e+02,7.428839248253181040e+02
-2.277727772777278119e+02,7.435501928614645522e+02
-2.276727672767277113e+02,7.442173574937929743e+02
-2.275727572757276107e+02,7.448854203315105451e+02
-2.274727472747275101e+02,7.455543829874368384e+02
-2.273727372737274095e+02,7.462242470780115582e+02
-2.272727272727273089e+02,7.468950142233059069e+02
-2.271727172717272083e+02,7.475666860470313395e+02
-2.270727072707271077e+02,7.482392641765502503e+02
-2.269726972697270071e+02,7.489127502428842718e+02
-2.268726872687269065e+02,7.495871458807262115e+02
-2.267726772677268059e+02,7.502624527284482383e+02
-2.266726672667267053e+02,7.509386724281131364e+02
-2.265726572657266047e+02,7.516158066254830601e+02
-2.264726472647265041e+02,7.522938569700304470e+02
-2.263726372637264035e+02,7.529728251149477956e+02
-2.262726272627263029e+02,7.536527127171580105e+02
-2.261726172617262023e+02,7.543335214373232702e+02
-2.260726072607261017e+02,7.550152529398571914e+02
-2.259725972597260011e+02,7.556979088929329009e+02
-2.258725872587259005e+02,7.563814909684951999e+02
-2.257725772577257999e+02,7.570660008422689771e+02
-2.256725672567256993e+02,7.577514401937709181e+02
-2.255725572557255987e+02,7.584378107063186008e+02
-2.254725472547254981e+02,7.591251140670423183e+02
-2.253725372537253975e+02,7.598133519668933786e+02
-2.252725272527252969e+02,7.605025261006564961e+02
-2.251725172517251963e+02,7.611926381669593411e+02
-2.250725072507250957e+02,7.618836898682829997e+02
-2.249724972497249951e+02,7.625756829109719774e+02
-2.248724872487248945e+02,7.632686190052460233e+02
-2.247724772477247939e+02,7.639624998652094519e+02
-2.246724672467246933e+02,7.646573272088623980e+02
-2.245724572457245927e+02,7.653531027581112767e+02
-2.244724472447244921e+02,7.660498282387791278e+02
-2.243724372437243915e+02,7.667475053806169853e+02
-2.242724272427242909e+02,7.674461359173139954e+02
-2.241724172417241903e+02,7.681457215865090120e+02
-2.240724072407240897e+02,7.688462641297998061e+02
-2.239723972397239891e+02,7.695477652927552299e+02
-2.238723872387238885e+02,7.702502268249264716e+02
-2.237723772377237879e+02,7.709536504798564920e+02
-2.236723672367236873e+02,7.716580380150919609e+02
-2.235723572357235867e+02,7.723633911921933759e+02
-2.234723472347234861e+02,7.730697117767475675e+02
-2.233723372337233855e+02,7.737770015383777036e+02
-2.232723272327232849e+02,7.744852622507536353e+02
-2.231723172317231842e+02,7.751944956916048568e+02
-2.230723072307230836e+02,7.759047036427302828e+02
-2.229722972297229830e+02,7.766158878900097307e+02
-2.228722872287228824e+02,7.773280502234154028e+02
-2.227722772277227818e+02,7.780411924370226870e+02
-2.226722672267226812e+02,7.787553163290223210e+02
-2.225722572257225806e+02,7.794704237017305104e+02
-2.224722472247224800e+02,7.801865163616008658e+02
-2.223722372237223794e+02,7.809035961192362265e+02
-2.222722272227222788e+02,7.816216647893999152e+02
-2.221722172217221782e+02,7.823407241910265384e+02
-2.220722072207220776e+02,7.830607761472342645e+02
-2.219721972197219770e+02,7.837818224853356242e+02
-2.218721872187218764e+02,7.845038650368502431e+02
-2.217721772177217758e+02,7.852269056375153014e+02
-2.216721672167216752e+02,7.859509461272982662e+02
-2.215721572157215746e+02,7.866759883504066693e+02
-2.214721472147214740e+02,7.874020341553025446e+02
-2.213721372137213734e+02,7.881290853947123196e+02
-2.212721272127212728e+02,7.888571439256394342e+02
-2.211721172117211722e+02,7.895862116093750274e+02
-2.210721072107210716e+02,7.903162903115114659e+02
-2.209720972097209710e+02,7.910473819019533721e+02
-2.208720872087208704e+02,7.917794882549297881e+02
-2.207720772077207698e+02,7.925126112490056585e+02
-2.206720672067206692e+02,7.932467527670949039e+02
-2.205720572057205686e+02,7.939819146964711081e+02
-2.204720472047204680e+02,7.947180989287816146e+02
-2.203720372037203674e+02,7.954553073600574180e+02
-2.202720272027202668e+02,7.961935418907269195e+02
-2.201720172017201662e+02,7.969328044256278645e+02
-2.200720072007200656e+02,7.976730968740196204e+02
-2.199719971997199650e+02,7.984144211495944319e+02
-2.198719871987198644e+02,7.991567791704915180e+02
-2.197719771977197638e+02,7.999001728593087819e+02
-2.196719671967196632e+02,8.006446041431146341e+02
-2.195719571957195626e+02,8.013900749534609531e+02
-2.194719471947194620e+02,8.021365872263958181e+02
-2.193719371937193614e+02,8.028841429024757872e+02
-2.192719271927192608e+02,8.036327439267785167e+02
-2.191719171917191602e+02,8.043823922489159486e+02
-2.190719071907190596e+02,8.051330898230457933e+02
-2.189718971897189590e+02,8.058848386078852855e+02
-2.188718871887189152e+02,8.066376405667234621e+02
-2.187718771877188146e+02,8.073914976674349191e+02
-2.186718671867187140e+02,8.081464118824910656e+02
-2.185718571857186134e+02,8.089023851889741081e+02
-2.184718471847185128e+02,8.096594195685897830e+02
-2.183718371837184122e+02,8.104175170076802033e+02
-2.182718271827183116e+02,8.111766794972369325e+02
-2.181718171817182110e+02,8.119369090329138317e+02
-2.180718071807181104e+02,8.126982076150411558e+02
-2.179717971797180098e+02,8.134605772486376054e+02
-2.178717871787179092e+02,8.142240199434230590e+02
-2.177717771777178086e+02,8.149885377138339209e+02
-2.176717671767177080e+02,8.157541325790342626e+02
-2.175717571757176074e+02,8.165208065629306020e+02
-2.174717471747175068e+02,8.172885616941837270e+02
-2.173717371737174062e+02,8.180574000062235882e+02
-2.172717271727173056e+02,8.188273235372626004e+02
-2.171717171717172050e+02,8.195983343303081483e+02
-2.170717071707171044e+02,8.203704344331765697e+02
-2.169716971697170038e+02,8.211436258985075938e+02
-2.168716871687169032e+02,8.219179107837765059e+02
-2.167716771677168026e+02,8.226932911513096087e+02
-2.166716671667167020e+02,8.234697690682955908e+02
-2.165716571657166014e+02,8.242473466068014432e+02
-2.164716471647165008e+02,8.250260258437859875e+02
-2.163716371637164002e+02,8.258058088611115863e+02
-2.162716271627162996e+02,8.265866977455616507e+02
-2.161716171617161990e+02,8.273686945888509854e+02
-2.160716071607160984e+02,8.281518014876421603e+02
-2.159715971597159978e+02,8.289360205435589251e+02
-2.158715871587158972e+02,8.297213538632000791e+02
-2.157715771577157966e+02,8.305078035581531140e+02
-2.156715671567156960e+02,8.312953717450100157e+02
-2.155715571557155954e+02,8.320840605453797707e+02
-2.154715471547154948e+02,8.328738720859040541e+02
-2.153715371537153942e+02,8.336648084982695082e+02
-2.152715271527152936e+02,8.344568719192246817e+02
-2.151715171517151930e+02,8.352500644905929903e+02
-2.150715071507150924e+02,8.360443883592873817e+02
-2.149714971497149918e+02,8.368398456773245471e+02
-2.148714871487148912e+02,8.376364386018402683e+02
-2.147714771477147906e+02,8.384341692951034020e+02
-2.146714671467146900e+02,8.392330399245314538e+02
-2.145714571457145894e+02,8.400330526627027439e+02
-2.144714471447144888e+02,8.408342096873756191e+02
-2.143714371437143882e+02,8.416365131814978895e+02
-2.142714271427142876e+02,8.424399653332266098e+02
-2.141714171417141870e+02,8.432445683359397890e+02
-2.140714071407140864e+02,8.440503243882525339e+02
-2.139713971397139858e+02,8.448572356940322834e+02
-2.138713871387138852e+02,8.456653044624132463e+02
-2.137713771377137846e+02,8.464745329078109535e+02
-2.136713671367136840e+02,8.472849232499398795e+02
-2.135713571357135834e+02,8.480964777138259478e+02
-2.134713471347134828e+02,8.489091985298230156e+02
-2.133713371337133822e+02,8.497230879336278804e+02
-2.132713271327132816e+02,8.505381481662958549e+02
-2.131713171317131810e+02,8.513543814742563427e+02
-2.130713071307130804e+02,8.521717901093278442e+02
-2.129712971297129798e+02,8.529903763287339871e+02
-2.128712871287128792e+02,8.538101423951185325e+02
-2.127712771277127786e+02,8.546310905765611778e+02
-2.126712671267126780e+02,8.554532231465937002e+02
-2.125712571257125774e+02,8.562765423842154178e+02
-2.124712471247124768e+02,8.571010505739081964e+02
-2.123712371237123762e+02,8.579267500056536164e+02
-2.122712271227122756e+02,8.587536429749477520e+02
-2.121712171217121750e+02,8.595817317828182240e+02
-2.120712071207120744e+02,8.604110187358387520e+02
-2.119711971197119738e+02,8.612415061461467758e+02
-2.118711871187118732e+02,8.620731963314582345e+02
-2.117711771177117726e+02,8.629060916150846197e+02
-2.116711671167116720e+02,8.637401943259484369e+02
-2.115711571157115714e+02,8.645755067986005997e+02
-2.114711471147114707e+02,8.654120313732348677e+02
-2.113711371137113701e+02,8.662497703957069461e+02
-2.112711271127112695e+02,8.670887262175479009e+02
-2.111711171117111689e+02,8.679289011959830304e+02
-2.110711071107110683e+02,8.687702976939474411e+02
-2.109710971097109677e+02,8.696129180801018492e+02
-2.108710871087108671e+02,8.704567647288517946e+02
-2.107710771077107665e+02,8.713018400203607143e+02
-2.106710671067106659e+02,8.721481463405700651e+02
-2.105710571057105653e+02,8.729956860812143304e+02
-2.104710471047104647e+02,8.738444616398379594e+02
-2.103710371037103641e+02,8.746944754198127612e+02
-2.102710271027102635e+02,8.755457298303554126e+02
-2.101710171017101629e+02,8.763982272865436016e+02
-2.100710071007100623e+02,8.772519702093335354e+02
-2.099709970997099617e+02,8.781069610255764246e+02
-2.098709870987098611e+02,8.789632021680371281e+02
-2.097709770977097605e+02,8.798206960754102965e+02
-2.096709670967096599e+02,8.806794451923385623e+02
-2.095709570957095593e+02,8.815394519694287965e+02
-2.094709470947094587e+02,8.824007188632702992e+02
-2.093709370937094150e+02,8.832632483364520795e+02
-2.092709270927093144e+02,8.841270428575829783e+02
-2.091709170917092138e+02,8.849921049013033780e+02
-2.090709070907091132e+02,8.858584369483089631e+02
-2.089708970897090126e+02,8.867260414853651582e+02
-2.088708870887089120e+02,8.875949210053265688e+02
-2.087708770877088114e+02,8.884650780071530107e+02
-2.086708670867087108e+02,8.893365149959297469e+02
-2.085708570857086102e+02,8.902092344828837440e+02
-2.084708470847085096e+02,8.910832389854029998e+02
-2.083708370837084090e+02,8.919585310270527998e+02
-2.082708270827083084e+02,8.928351131375968635e+02
-2.081708170817082078e+02,8.937129878530126916e+02
-2.080708070807081072e+02,8.945921577155116893e+02
-2.079707970797080065e+02,8.954726252735566732e+02
-2.078707870787079059e+02,8.963543930818809713e+02
-2.077707770777078053e+02,8.972374637015068402e+02
-2.076707670767077047e+02,8.981218396997634272e+02
-2.075707570757076041e+02,8.990075236503054157e+02
-2.074707470747075035e+02,8.998945181331330332e+02
-2.073707370737074029e+02,9.007828257346095597e+02
-2.072707270727073023e+02,9.016724490474806544e+02
-2.071707170717072017e+02,9.025633906708933409e+02
-2.070707070707071011e+02,9.034556532104135158e+02
-2.069706970697070005e+02,9.043492392780480031e+02
-2.068706870687068999e+02,9.052441514922608121e+02
-2.067706770677067993e+02,9.061403924779943964e+02
-2.066706670667066987e+02,9.070379648666863659e+02
-2.065706570657065981e+02,9.079368712962916561e+02
-2.064706470647064975e+02,9.088371144113001492e+02
-2.063706370637063969e+02,9.097386968627565693e+02
-2.062706270627062963e+02,9.106416213082799231e+02
-2.061706170617061957e+02,9.115458904120822581e+02
-2.060706070607060951e+02,9.124515068449903765e+02
-2.059705970597059945e+02,9.133584732844642531e+02
-2.058705870587058939e+02,9.142667924146156793e+02
-2.057705770577057933e+02,9.151764669262302050e+02
-2.056705670567056927e+02,9.160874995167856696e+02
-2.055705570557055921e+02,9.169998928904736886e+02
-2.054705470547054915e+02,9.179136497582170477e+02
-2.053705370537053909e+02,9.188287728376922132e+02
-2.052705270527052903e+02,9.197452648533492265e+02
-2.051705170517051897e+02,9.206631285364310315e+02
-2.050705070507050891e+02,9.215823666249933694e+02
-2.049704970497049885e+02,9.225029818639272889e+02
-2.048704870487048879e+02,9.234249770049785866e+02
-2.047704770477047873e+02,9.243483548067671336e+02
-2.046704670467046867e+02,9.252731180348093858e+02
-2.045704570457045861e+02,9.261992694615372557e+02
-2.044704470447044855e+02,9.271268118663208497e+02
-2.043704370437043849e+02,9.280557480354880227e+02
-2.042704270427042843e+02,9.289860807623454093e+02
-2.041704170417041837e+02,9.299178128471988884e+02
-2.040704070407040831e+02,9.308509470973766611e+02
-2.039703970397039825e+02,9.317854863272483499e+02
-2.038703870387038819e+02,9.327214333582468271e+02
-2.037703770377037813e+02,9.336587910188892465e+02
-2.036703670367036807e+02,9.345975621447994399e+02
-2.035703570357035801e+02,9.355377495787283806e+02
-2.034703470347034795e+02,9.364793561705756701e+02
-2.033703370337033789e+02,9.374223847774114802e+02
-2.032703270327032783e+02,9.383668382634975842e+02
-2.031703170317031777e+02,9.393127195003104362e+02
-2.030703070307030771e+02,9.402600313665622025e+02
-2.029702970297029765e+02,9.412087767482215668e+02
-2.028702870287028759e+02,9.421589585385373766e+02
-2.027702770277027753e+02,9.431105796380602442e+02
-2.026702670267026747e+02,9.440636429546642603e+02
-2.025702570257025741e+02,9.450181514035687087e+02
-2.024702470247024735e+02,9.459741079073618266e+02
-2.023702370237023729e+02,9.469315153960225189e+02
-2.022702270227022723e+02,9.478903768069415037e+02
-2.021702170217021717e+02,9.488506950849462100e+02
-2.020702070207020711e+02,9.498124731823206730e+02
-2.019701970197019705e+02,9.507757140588308857e+02
-2.018701870187018699e+02,9.517404206817456043e+02
-2.017701770177017693e+02,9.527065960258609039e+02
-2.016701670167016687e+02,9.536742430735198468e+02
-2.015701570157015681e+02,9.546433648146399946e+02
-2.014701470147014675e+02,9.556139642467330759e+02
-2.013701370137013669e+02,9.565860443749299975e+02
-2.012701270127012663e+02,9.575596082120016490e+02
-2.011701170117011657e+02,9.585346587783857331e+02
-2.010701070107010651e+02,9.595111991022074562e+02
-2.009700970097009645e+02,9.604892322193045402e+02
-2.008700870087008639e+02,9.614687611732492769e+02
-2.007700770077007633e+02,9.624497890153738808e+02
-2.006700670067006627e+02,9.634323188047933400e+02
-2.005700570057005621e+02,9.644163536084291763e+02
-2.004700470047004615e+02,9.654018965010330930e+02
-2.003700370037003609e+02,9.663889505652126672e+02
-2.002700270027002603e+02,9.673775188914527234e+02
-2.001700170017001597e+02,9.683676045781421635e+02
-2.000700070007000591e+02,9.693592107315959083e+02
-1.999699969996999585e+02,9.703523404660813867e+02
-1.998699869986999147e+02,9.713469969038408180e+02
-1.997699769976998141e+02,9.723431831751192931e+02
-1.996699669966997135e+02,9.733409024181836458e+02
-1.995699569956996129e+02,9.743401577793529214e+02
-1.994699469946995123e+02,9.753409524130189538e+02
-1.993699369936994117e+02,9.763432894816747876e+02
-1.992699269926993111e+02,9.773471721559365051e+02
-1.991699169916992105e+02,9.783526036145696025e+02
-1.990699069906991099e+02,9.793595870445150240e+02
-1.989698969896990093e+02,9.803681256409130356e+02
-1.988698869886989087e+02,9.813782226071284640e+02
-1.987698769876988081e+02,9.823898811547777541e+02
-1.986698669866987075e+02,9.834031045037523882e+02
-1.985698569856986069e+02,9.844178958822461709e+02
-1.984698469846985063e+02,9.854342585267804679e+02
-1.983698369836984057e+02,9.864521956822288757e+02
-1.982698269826983051e+02,9.874717106018441655e+02
-1.981698169816982045e+02,9.884928065472852268e+02
-1.980698069806981039e+02,9.895154867886404872e+02
-1.979697969796980033e+02,9.905397546044562205e+02
-1.978697869786979027e+02,9.915656132817622392e+02
-1.977697769776978021e+02,9.925930661160983846e+02
-1.976697669766977015e+02,9.936221164115402189e+02
-1.975697569756976009e+02,9.946527674807261974e+02
-1.974697469746975003e+02,9.956850226448842704e+02
-1.973697369736973997e+02,9.967188852338590550e+02
-1.972697269726972991e+02,9.977543585861376414e+02
-1.971697169716971985e+02,9.987914460488768782e+02
-1.970697069706970979e+02,9.998301509779306571e+02
-1.969696969696969973e+02,1.000870476737877311e+03
-1.968696869686968967e+02,1.001912426702046332e+03
-1.967696769676967961e+02,1.002956004252545881e+03
-1.966696669666966955e+02,1.004001212780289734e+03
-1.965696569656965949e+02,1.005048055685025474e+03
-1.964696469646964943e+02,1.006096536375362689e+03
-1.963696369636963937e+02,1.007146658268798546e+03
-1.962696269626962930e+02,1.008198424791747698e+03
-1.961696169616961924e+02,1.009251839379569788e+03
-1.960696069606960918e+02,1.010306905476595944e+03
-1.959695969596959912e+02,1.011363626536159472e+03
-1.958695869586958906e+02,1.012422006020621779e+03
-1.957695769576957900e+02,1.013482047401402156e+03
-1.956695669566956894e+02,1.014543754159005744e+03
-1.955695569556955888e+02,1.015607129783052414e+03
-1.954695469546954882e+02,1.016672177772303826e+03
-1.953695369536953876e+02,1.017738901634694571e+03
-1.952695269526952870e+02,1.018807304887359578e+03
-1.951695169516951864e+02,1.019877391056664123e+03
-1.950695069506950858e+02,1.020949163678230207e+03
-1.949694969496949852e+02,1.022022626296969520e+03
-1.948694869486948846e+02,1.023097782467110505e+03
-1.947694769476947840e+02,1.024174635752227914e+03
-1.946694669466946834e+02,1.025253189725272250e+03
-1.945694569456945828e+02,1.026333447968600694e+03
-1.944694469446944822e+02,1.027415414074005184e+03
-1.943694369436943816e+02,1.028499091642742769e+03
-1.942694269426942810e+02,1.029584484285565850e+03
-1.941694169416941804e+02,1.030671595622752193e+03
-1.940694069406940798e+02,1.031760429284134261e+03
-1.939693969396939792e+02,1.032850988909131502e+03
-1.938693869386938786e+02,1.033943278146778084e+03
-1.937693769376937780e+02,1.035037300655755416e+03
-1.936693669366936774e+02,1.036133060104421929e+03
-1.935693569356935768e+02,1.037230560170843773e+03
-1.934693469346934762e+02,1.038329804542826423e+03
-1.933693369336933756e+02,1.039430796917944008e+03
-1.932693269326932750e+02,1.040533541003572282e+03
-1.931693169316931744e+02,1.041638040516918636e+03
-1.930693069306930738e+02,1.042744299185053706e+03
-1.929692969296929732e+02,1.043852320744941835e+03
-1.928692869286928726e+02,1.044962108943475641e+03
-1.927692769276927720e+02,1.046073667537503297e+03
-1.926692669266926714e+02,1.047187000293864457e+03
-1.925692569256925708e+02,1.048302110989418679e+03
-1.924692469246924702e+02,1.049419003411079984e+03
-1.923692369236923696e+02,1.050537681355847781e+03
-1.922692269226922690e+02,1.051658148630839378e+03
-1.921692169216921684e+02,1.052780409053322046e+03
-1.920692069206920678e+02,1.053904466450745076e+03
-1.919691969196919672e+02,1.055030324660774795e+03
-1.918691869186918666e+02,1.056157987531324807e+03
-1.917691769176917660e+02,1.057287458920588051e+03
-1.916691669166916654e+02,1.058418742697073640e+03
-1.915691569156915648e+02,1.059551842739636413e+03
-1.914691469146914642e+02,1.060686762937511730e+03
-1.913691369136913636e+02,1.061823507190347982e+03
-1.912691269126912630e+02,1.062962079408240925e+03
-1.911691169116911624e+02,1.064102483511767105e+03
-1.910691069106910618e+02,1.065244723432016599e+03
-1.909690969096909612e+02,1.066388803110628487e+03
-1.908690869086908606e+02,1.067534726499822909e+03
-1.907690769076907600e+02,1.068682497562437675e+03
-1.906690669066906594e+02,1.069832120271959639e+03
-1.905690569056905588e+02,1.070983598612561991e+03
-1.904690469046904582e+02,1.072136936579134954e+03
-1.903690369036904144e+02,1.073292138177324205e+03
-1.902690269026903138e+02,1.074449207423565213e+03
-1.901690169016902132e+02,1.075608148345114387e+03
-1.900690069006901126e+02,1.076768964980088640e+03
-1.899689968996900120e+02,1.077931661377497448e+03
-1.898689868986899114e+02,1.079096241597279914e+03
-1.897689768976898108e+02,1.080262709710339550e+03
-1.896689668966897102e+02,1.081431069798579074e+03
-1.895689568956896096e+02,1.082601325954937465e+03
-1.894689468946895090e+02,1.083773482283425210e+03
-1.893689368936894084e+02,1.084947542899159998e+03
-1.892689268926893078e+02,1.086123511928402877e+03
-1.891689168916892072e+02,1.087301393508594174e+03
-1.890689068906891066e+02,1.088481191788390788e+03
-1.889688968896890060e+02,1.089662910927703479e+03
-1.888688868886889054e+02,1.090846555097728697e+03
-1.887688768876888048e+02,1.092032128480992242e+03
-1.886688668866887042e+02,1.093219635271380866e+03
-1.885688568856886036e+02,1.094409079674182522e+03
-1.884688468846885030e+02,1.095600465906120689e+03
-1.883688368836884024e+02,1.096793798195394629e+03
-1.882688268826883018e+02,1.097989080781715302e+03
-1.881688168816882012e+02,1.099186317916343341e+03
-1.880688068806881006e+02,1.100385513862125663e+03
-1.879687968796880000e+02,1.101586672893535933e+03
-1.878687868786878994e+02,1.102789799296709589e+03
-1.877687768776877988e+02,1.103994897369485216e+03
-1.876687668766876982e+02,1.105201971421439566e+03
-1.875687568756875976e+02,1.106411025773928941e+03
-1.874687468746874970e+02,1.107622064760126023e+03
-1.873687368736873964e+02,1.108835092725059894e+03
-1.872687268726872958e+02,1.110050114025654011e+03
-1.871687168716871952e+02,1.111267133030764626e+03
-1.870687068706870946e+02,1.112486154121222853e+03
-1.869686968696869940e+02,1.113707181689871049e+03
-1.868686868686868934e+02,1.114930220141603741e+03
-1.867686768676867928e+02,1.116155273893406729e+03
-1.866686668666866922e+02,1.117382347374398250e+03
-1.865686568656865916e+02,1.118611445025867397e+03
-1.864686468646864910e+02,1.119842571301315274e+03
-1.863686368636863904e+02,1.121075730666494337e+03
-1.862686268626862898e+02,1.122310927599449769e+03
-1.861686168616861892e+02,1.123548166590559958e+03
-1.860686068606860886e+02,1.124787452142576967e+03
-1.859685968596859880e+02,1.126028788770667688e+03
-1.858685868586858874e+02,1.127272181002454090e+03
-1.857685768576857868e+02,1.128517633378056416e+03
-1.856685668566856862e+02,1.129765150450132523e+03
-1.855685568556855856e+02,1.131014736783920398e+03
-1.854685468546854850e+02,1.132266396957279767e+03
-1.853685368536853844e+02,1.133520135560734843e+03
-1.852685268526852838e+02,1.134775957197514572e+03
-1.851685168516851832e+02,1.136033866483595830e+03
-1.850685068506850826e+02,1.137293868047745946e+03
-1.849684968496849820e+02,1.138555966531566128e+03
-1.848684868486848814e+02,1.139820166589531254e+03
-1.847684768476847808e+02,1.141086472889035804e+03
-1.846684668466846801e+02,1.142354890110435463e+03
-1.845684568456845795e+02,1.143625422947090328e+03
-1.844684468446844789e+02,1.144898076105409245e+03
-1.843684368436843783e+02,1.146172854304892098e+03
-1.842684268426842777e+02,1.147449762278173921e+03
-1.841684168416841771e+02,1.148728804771069008e+03
-1.840684068406840765e+02,1.150009986542615252e+03
-1.839683968396839759e+02,1.151293312365118481e+03
-1.838683868386838753e+02,1.152578787024193844e+03
-1.837683768376837747e+02,1.153866415318816280e+03
-1.836683668366836741e+02,1.155156202061359636e+03
-1.835683568356835735e+02,1.156448152077645091e+03
-1.834683468346834729e+02,1.157742270206984358e+03
-1.833683368336833723e+02,1.159038561302225389e+03
-1.832683268326832717e+02,1.160337030229798529e+03
-1.831683168316831711e+02,1.161637681869762218e+03
-1.830683068306830705e+02,1.162940521115846650e+03
-1.829682968296829699e+02,1.164245552875503563e+03
-1.828682868286828693e+02,1.165552782069948080e+03
-1.827682768276827687e+02,1.166862213634208501e+03
-1.826682668266826681e+02,1.168173852517170644e+03
-1.825682568256825675e+02,1.169487703681626044e+03
-1.824682468246824669e+02,1.170803772104318568e+03
-1.823682368236823663e+02,1.172122062775991026e+03
-1.822682268226822657e+02,1.173442580701431325e+03
-1.821682168216821651e+02,1.174765330899522269e+03
-1.820682068206820645e+02,1.176090318403289075e+03
-1.819681968196819639e+02,1.177417548259944397e+03
-1.818681868186818633e+02,1.178747025530939254e+03
-1.817681768176817627e+02,1.180078755292009873e+03
-1.816681668166816621e+02,1.181412742633226117e+03
-1.815681568156815615e+02,1.182748992659041278e+03
-1.814681468146814609e+02,1.184087510488339603e+03
-1.813681368136813603e+02,1.185428301254484495e+03
-1.812681268126812597e+02,1.186771370105370352e+03
-1.811681168116811591e+02,1.188116722203469408e+03
-1.810681068106810585e+02,1.189464362725883120e+03
-1.809680968096809579e+02,1.190814296864390144e+03
-1.808680868086808573e+02,1.192166529825497037e+03
-1.807680768076808135e+02,1.193521066830489190e+03
-1.806680668066807129e+02,1.194877913115481761e+03
-1.805680568056806123e+02,1.196237073931466739e+03
-1.804680468046805117e+02,1.197598554544367289e+03
-1.803680368036804111e+02,1.198962360235087544e+03
-1.802680268026803105e+02,1.200328496299563085e+03
-1.801680168016802099e+02,1.201696968048812550e+03
-1.800680068006801093e+02,1.203067780808990392e+03
-1.799679967996800087e+02,1.204440939921437575e+03
-1.798679867986799081e+02,1.205816450742734105e+03
-1.797679767976798075e+02,1.207194318644749274e+03
-1.796679667966797069e+02,1.208574549014696686e+03
-1.795679567956796063e+02,1.209957147255186555e+03
-1.794679467946795057e+02,1.211342118784276636e+03
-1.793679367936794051e+02,1.212729469035526790e+03
-1.792679267926793045e+02,1.214119203458051743e+03
-1.791679167916792039e+02,1.215511327516575420e+03
-1.790679067906791033e+02,1.216905846691482793e+03
-1.789678967896790027e+02,1.218302766478874901e+03
-1.788678867886789021e+02,1.219702092390623193e+03
-1.787678767876788015e+02,1.221103829954424327e+03
-1.786678667866787009e+02,1.222507984713851329e+03
-1.785678567856786003e+02,1.223914562228413843e+03
-1.784678467846784997e+02,1.225323568073608158e+03
-1.783678367836783991e+02,1.226735007840975186e+03
-1.782678267826782985e+02,1.228148887138155260e+03
-1.781678167816781979e+02,1.229565211588943612e+03
-1.780678067806780973e+02,1.230983986833344943e+03
-1.779677967796779967e+02,1.232405218527632542e+03
-1.778677867786778961e+02,1.233828912344401942e+03
-1.777677767776777955e+02,1.235255073972629589e+03
-1.776677667766776949e+02,1.236683709117726039e+03
-1.775677567756775943e+02,1.238114823501597130e+03
-1.774677467746774937e+02,1.239548422862698999e+03
-1.773677367736773931e+02,1.240984512956097205e+03
-1.772677267726772925e+02,1.242423099553520615e+03
-1.771677167716771919e+02,1.243864188443423927e+03
-1.770677067706770913e+02,1.245307785431043158e+03
-1.769676967696769907e+02,1.246753896338455888e+03
-1.768676867686768901e+02,1.248202527004635840e+03
-1.767676767676767895e+02,1.249653683285518355e+03
-1.766676667666766889e+02,1.251107371054052692e+03
-1.765676567656765883e+02,1.252563596200266829e+03
-1.764676467646764877e+02,1.254022364631322489e+03
-1.763676367636763871e+02,1.255483682271579937e+03
-1.762676267626762865e+02,1.256947555062652782e+03
-1.761676167616761859e+02,1.258413988963473230e+03
-1.760676067606760853e+02,1.259882989950348019e+03
-1.759675967596759847e+02,1.261354564017023904e+03
-1.758675867586758841e+02,1.262828717174744497e+03
-1.757675767576757835e+02,1.264305455452314618e+03
-1.756675667566756829e+02,1.265784784896160090e+03
-1.755675567556755823e+02,1.267266711570390726e+03
-1.754675467546754817e+02,1.268751241556861487e+03
-1.753675367536753811e+02,1.270238380955235698e+03
-1.752675267526752805e+02,1.271728135883046889e+03
-1.751675167516751799e+02,1.273220512475761780e+03
-1.750675067506750793e+02,1.274715516886843716e+03
-1.749674967496749787e+02,1.276213155287815653e+03
-1.748674867486748781e+02,1.277713433868325183e+03
-1.747674767476747775e+02,1.279216358836205927e+03
-1.746674667466746769e+02,1.280721936417542111e+03
-1.745674567456745763e+02,1.282230172856735862e+03
-1.744674467446744757e+02,1.283741074416569745e+03
-1.743674367436743751e+02,1.285254647378269738e+03
-1.742674267426742745e+02,1.286770898041574583e+03
-1.741674167416741739e+02,1.288289832724798998e+03
-1.740674067406740733e+02,1.289811457764899160e+03
-1.739673967396739727e+02,1.291335779517538413e+03
-1.738673867386738721e+02,1.292862804357156165e+03
-1.737673767376737715e+02,1.294392538677031780e+03
-1.736673667366736709e+02,1.295924988889351880e+03
-1.735673567356735703e+02,1.297460161425279011e+03
-1.734673467346734697e+02,1.298998062735016674e+03
-1.733673367336733691e+02,1.300538699287879126e+03
-1.732673267326732685e+02,1.302082077572358230e+03
-1.731673167316731679e+02,1.303628204096192576e+03
-1.730673067306730672e+02,1.305177085386434328e+03
-1.729672967296729666e+02,1.306728727989519712e+03
-1.728672867286728660e+02,1.308283138471337224e+03
-1.727672767276727654e+02,1.309840323417298805e+03
-1.726672667266726648e+02,1.311400289432404406e+03
-1.725672567256725642e+02,1.312963043141319304e+03
-1.724672467246724636e+02,1.314528591188438895e+03
-1.723672367236723630e+02,1.316096940237961462e+03
-1.722672267226722624e+02,1.317668096973957518e+03
-1.721672167216721618e+02,1.319242068100443248e+03
-1.720672067206720612e+02,1.320818860341450090e+03
-1.719671967196719606e+02,1.322398480441097263e+03
-1.718671867186718600e+02,1.323980935163662707e+03
-1.717671767176717594e+02,1.325566231293657211e+03
-1.716671667166716588e+02,1.327154375635895576e+03
-1.715671567156715582e+02,1.328745375015570744e+03
-1.714671467146714576e+02,1.330339236278325416e+03
-1.713671367136713570e+02,1.331935966290327315e+03
-1.712671267126713133e+02,1.333535571938341263e+03
-1.711671167116712127e+02,1.335138060129807855e+03
-1.710671067106711121e+02,1.336743437792909845e+03
-1.709670967096710115e+02,1.338351711876654463e+03
-1.708670867086709109e+02,1.339962889350945034e+03
-1.707670767076708103e+02,1.341576977206656920e+03
-1.706670667066707097e+02,1.343193982455713694e+03
-1.705670567056706091e+02,1.344813912131162624e+03
-1.704670467046705085e+02,1.346436773287251071e+03
-1.703670367036704079e+02,1.348062572999504937e+03
-1.702670267026703073e+02,1.349691318364802328e+03
-1.701670167016702067e+02,1.351323016501454049e+03
-1.700670067006701061e+02,1.352957674549280000e+03
-1.699669966996700055e+02,1.354595299669686938e+03
-1.698669866986699049e+02,1.356235899045748283e+03
-1.697669766976698043e+02,1.357879479882279611e+03
-1.696669666966697037e+02,1.359526049405921185e+03
-1.695669566956696031e+02,1.361175614865216403e+03
-1.694669466946695024e+02,1.362828183530689785e+03
-1.693669366936694018e+02,1.364483762694927691e+03
-1.692669266926693012e+02,1.366142359672660632e+03
-1.691669166916692006e+02,1.367803981800842166e+03
-1.690669066906691000e+02,1.369468636438730073e+03
-1.689668966896689994e+02,1.371136330967967297e+03
-1.688668866886688988e+02,1.372807072792664940e+03
-1.687668766876687982e+02,1.374480869339484343e+03
-1.686668666866686976e+02,1.376157728057718259e+03
-1.685668566856685970e+02,1.377837656419373843e+03
-1.684668466846684964e+02,1.379520661919256781e+03
-1.683668366836683958e+02,1.381206752075054965e+03
-1.682668266826682952e+02,1.382895934427420798e+03
-1.681668166816681946e+02,1.384588216540056010e+03
-1.680668066806680940e+02,1.386283605999797146e+03
-1.679667966796679934e+02,1.387982110416699925e+03
-1.678667866786678928e+02,1.389683737424124502e+03
-1.677667766776677922e+02,1.391388494678820280e+03
-1.676667666766676916e+02,1.393096389861013677e+03
-1.675667566756675910e+02,1.394807430674493162e+03
-1.674667466746674904e+02,1.396521624846696568e+03
-1.673667366736673898e+02,1.398238980128798175e+03
-1.672667266726672892e+02,1.399959504295795796e+03
-1.671667166716671886e+02,1.401683205146599903e+03
-1.670667066706670880e+02,1.403410090504120717e+03
-1.669666966696669874e+02,1.405140168215357562e+03
-1.668666866686668868e+02,1.406873446151486633e+03
-1.667666766676667862e+02,1.408609932207952170e+03
-1.666666666666666856e+02,1.410349634304555366e+03
-1.665666566656665850e+02,1.412092560385545767e+03
-1.664666466646664844e+02,1.413838718419707220e+03
-1.663666366636663838e+02,1.415588116400455874e+03
-1.662666266626662832e+02,1.417340762345927487e+03
-1.661666166616661826e+02,1.419096664299069062e+03
-1.660666066606660820e+02,1.420855830327731383e+03
-1.659665966596659814e+02,1.422618268524763153e+03
-1.658665866586658808e+02,1.424383987008101712e+03
-1.657665766576657802e+02,1.426152993920868312e+03
-1.656665666566656796e+02,1.427925297431459740e+03
-1.655665566556655790e+02,1.429700905733645413e+03
-1.654665466546654784e+02,1.431479827046658556e+03
-1.653665366536653778e+02,1.433262069615294877e+03
-1.652665266526652772e+02,1.435047641710003973e+03
-1.651665166516651766e+02,1.436836551626989376e+03
-1.650665066506650760e+02,1.438628807688301549e+03
-1.649664966496649754e+02,1.440424418241936337e+03
-1.648664866486648748e+02,1.442223391661930236e+03
-1.647664766476647742e+02,1.444025736348460441e+03
-1.646664666466646736e+02,1.445831460727941021e+03
-1.645664566456645730e+02,1.447640573253122511e+03
-1.644664466446644724e+02,1.449453082403188318e+03
-1.643664366436643718e+02,1.451268996683856130e+03
-1.642664266426642712e+02,1.453088324627477732e+03
-1.641664166416641706e+02,1.454911074793138368e+03
-1.640664066406640700e+02,1.456737255766757244e+03
-1.639663966396639694e+02,1.458566876161187565e+03
-1.638663866386638688e+02,1.460399944616320681e+03
-1.637663766376637682e+02,1.462236469799184761e+03
-1.636663666366636676e+02,1.464076460404050749e+03
-1.635663566356635670e+02,1.465919925152530595e+03
-1.634663466346634664e+02,1.467766872793683888e+03
-1.633663366336633658e+02,1.469617312104121083e+03
-1.632663266326632652e+02,1.471471251888107417e+03
-1.631663166316631646e+02,1.473328700977665221e+03
-1.630663066306630640e+02,1.475189668232683971e+03
-1.629662966296629634e+02,1.477054162541020332e+03
-1.628662866286628628e+02,1.478922192818608437e+03
-1.627662766276627622e+02,1.480793768009562882e+03
-1.626662666266626616e+02,1.482668897086288325e+03
-1.625662566256625610e+02,1.484547589049586577e+03
-1.624662466246624604e+02,1.486429852928762102e+03
-1.623662366236623598e+02,1.488315697781734116e+03
-1.622662266226622592e+02,1.490205132695140946e+03
-1.621662166216621586e+02,1.492098166784453952e+03
-1.620662066206620580e+02,1.493994809194084155e+03
-1.619661966196619574e+02,1.495895069097494570e+03
-1.618661866186618568e+02,1.497798955697308202e+03
-1.617661766176618130e+02,1.499706478225421506e+03
-1.616661666166617124e+02,1.501617645943119442e+03
-1.615661566156616118e+02,1.503532468141178470e+03
-1.614661466146615112e+02,1.505450954139988426e+03
-1.613661366136614106e+02,1.507373113289661660e+03
-1.612661266126613100e+02,1.509298954970146269e+03
-1.611661166116612094e+02,1.511228488591343876e+03
-1.610661066106611088e+02,1.513161723593219449e+03
-1.609660966096610082e+02,1.515098669445921132e+03
-1.608660866086609076e+02,1.517039335649894383e+03
-1.607660766076608070e+02,1.518983731735997480e+03
-1.606660666066607064e+02,1.520931867265618848e+03
-1.605660566056606058e+02,1.522883751830795291e+03
-1.604660466046605052e+02,1.524839395054329316e+03
-1.603660366036604046e+02,1.526798806589908281e+03
-1.602660266026603040e+02,1.528761996122220125e+03
-1.601660166016602034e+02,1.530728973367078424e+03
-1.600660066006601028e+02,1.532699748071538579e+03
-1.599659965996600022e+02,1.534674330014019006e+03
-1.598659865986599016e+02,1.536652729004422326e+03
-1.597659765976598010e+02,1.538634954884258150e+03
-1.596659665966597004e+02,1.540621017526764035e+03
-1.595659565956595998e+02,1.542610926837029183e+03
-1.594659465946594992e+02,1.544604692752116534e+03
-1.593659365936593986e+02,1.546602325241188510e+03
-1.592659265926592980e+02,1.548603834305628880e+03
-1.591659165916591974e+02,1.550609229979171914e+03
-1.590659065906590968e+02,1.552618522328022664e+03
-1.589658965896589962e+02,1.554631721450987243e+03
-1.588658865886588956e+02,1.556648837479598114e+03
-1.587658765876587950e+02,1.558669880578241873e+03
-1.586658665866586944e+02,1.560694860944285665e+03
-1.585658565856585938e+02,1.562723788808207246e+03
-1.584658465846584932e+02,1.564756674433723902e+03
-1.583658365836583926e+02,1.566793528117921369e+03
-1.582658265826582920e+02,1.568834360191384349e+03
-1.581658165816581914e+02,1.570879181018326335e+03
-1.580658065806580908e+02,1.572928000996723540e+03
-1.579657965796579902e+02,1.574980830558445405e+03
-1.578657865786578895e+02,1.577037680169386931e+03
-1.577657765776577889e+02,1.579098560329600559e+03
-1.576657665766576883e+02,1.581163481573433955e+03
-1.575657565756575877e+02,1.583232454469661434e+03
-1.574657465746574871e+02,1.585305489621619927e+03
-1.573657365736573865e+02,1.587382597667343362e+03
-1.572657265726572859e+02,1.589463789279700450e+03
-1.571657165716571853e+02,1.591549075166532020e+03
-1.570657065706570847e+02,1.593638466070787672e+03
-1.569656965696569841e+02,1.595731972770662878e+03
-1.568656865686568835e+02,1.597829606079739733e+03
-1.567656765676567829e+02,1.599931376847126330e+03
-1.566656665666566823e+02,1.602037295957595688e+03
-1.565656565656565817e+02,1.604147374331726041e+03
-1.564656465646564811e+02,1.606261622926044311e+03
-1.563656365636563805e+02,1.608380052733167304e+03
-1.562656265626562799e+02,1.610502674781942460e+03
-1.561656165616561793e+02,1.612629500137594732e+03
-1.560656065606560787e+02,1.614760539901867105e+03
-1.559655965596559781e+02,1.616895805213167705e+03
-1.558655865586558775e+02,1.619035307246715320e+03
-1.557655765576557769e+02,1.621179057214683098e+03
-1.556655665566556763e+02,1.623327066366346344e+03
-1.555655565556555757e+02,1.625479345988231444e+03
-1.554655465546554751e+02,1.627635907404262298e+03
-1.553655365536553745e+02,1.629796761975909703e+03
-1.552655265526552739e+02,1.631961921102337783e+03
-1.551655165516551733e+02,1.634131396220560418e+03
-1.550655065506550727e+02,1.636305198805586997e+03
-1.549654965496549721e+02,1.638483340370576798e+03
-1.548654865486548715e+02,1.640665832466986330e+03
-1.547654765476547709e+02,1.642852686684730088e+03
-1.546654665466546703e+02,1.645043914652327203e+03
-1.545654565456545697e+02,1.647239528037060609e+03
-1.544654465446544691e+02,1.649439538545127562e+03
-1.543654365436543685e+02,1.651643957921800620e+03
-1.542654265426542679e+02,1.653852797951579532e+03
-1.541654165416541673e+02,1.656066070458352215e+03
-1.540654065406540667e+02,1.658283787305550049e+03
-1.539653965396539661e+02,1.660505960396307728e+03
-1.538653865386538655e+02,1.662732601673623776e+03
-1.537653765376537649e+02,1.664963723120519944e+03
-1.536653665366536643e+02,1.667199336760199458e+03
-1.535653565356535637e+02,1.669439454656214139e+03
-1.534653465346534631e+02,1.671684088912623110e+03
-1.533653365336533625e+02,1.673933251674157646e+03
-1.532653265326532619e+02,1.676186955126383509e+03
-1.531653165316531613e+02,1.678445211495867852e+03
-1.530653065306530607e+02,1.680708033050343602e+03
-1.529652965296529601e+02,1.682975432098876809e+03
-1.528652865286528595e+02,1.685247420992032858e+03
-1.527652765276527589e+02,1.687524012122043587e+03
-1.526652665266526583e+02,1.689805217922978954e+03
-1.525652565256525577e+02,1.692091050870913477e+03
-1.524652465246524571e+02,1.694381523484099716e+03
-1.523652365236523565e+02,1.696676648323134486e+03
-1.522652265226523127e+02,1.698976437991134162e+03
-1.521652165216522121e+02,1.701280905133913620e+03
-1.520652065206521115e+02,1.703590062440146539e+03
-1.519651965196520109e+02,1.705903922641547297e+03
-1.518651865186519103e+02,1.708222498513048777e+03
-1.517651765176518097e+02,1.710545802872973127e+03
-1.516651665166517091e+02,1.712873848583211839e+03
-1.515651565156516085e+02,1.715206648549401962e+03
-1.514651465146515079e+02,1.717544215721105502e+03
-1.513651365136514073e+02,1.719886563091988592e+03
-1.512651265126513067e+02,1.722233703700002479e+03
-1.511651165116512061e+02,1.724585650627564064e+03
-1.510651065106511055e+02,1.726942417001735521e+03
-1.509650965096510049e+02,1.729304015994413248e+03
-1.508650865086509043e+02,1.731670460822506584e+03
-1.507650765076508037e+02,1.734041764748122887e+03
-1.506650665066507031e+02,1.736417941078755575e+03
-1.505650565056506025e+02,1.738799003167468982e+03
-1.504650465046505019e+02,1.741184964413085481e+03
-1.503650365036504013e+02,1.743575838260373757e+03
-1.502650265026503007e+02,1.745971638200238658e+03
-1.501650165016502001e+02,1.748372377769911509e+03
-1.500650065006500995e+02,1.750778070553138605e+03
-1.499649964996499989e+02,1.753188730180376751e+03
-1.498649864986498983e+02,1.755604370328982668e+03
-1.497649764976497977e+02,1.758025004723409438e+03
-1.496649664966496971e+02,1.760450647135398413e+03
-1.495649564956495965e+02,1.762881311384179526e+03
-1.494649464946494959e+02,1.765317011336659789e+03
-1.493649364936493953e+02,1.767757760907630200e+03
-1.492649264926492947e+02,1.770203574059956736e+03
-1.491649164916491941e+02,1.772654464804785221e+03
-1.490649064906490935e+02,1.775110447201734814e+03
-1.489648964896489929e+02,1.777571535359108339e+03
-1.488648864886488923e+02,1.780037743434086906e+03
-1.487648764876487917e+02,1.782509085632939332e+03
-1.486648664866486911e+02,1.784985576211219268e+03
-1.485648564856485905e+02,1.787467229473977341e+03
-1.484648464846484899e+02,1.789954059775963742e+03
-1.483648364836483893e+02,1.792446081521837641e+03
-1.482648264826482887e+02,1.794943309166371364e+03
-1.481648164816481881e+02,1.797445757214665264e+03
-1.480648064806480875e+02,1.799953440222354402e+03
-1.479647964796479869e+02,1.802466372795820917e+03
-1.478647864786478863e+02,1.804984569592404796e+03
-1.477647764776477857e+02,1.807508045320621477e+03
-1.476647664766476851e+02,1.810036814740372165e+03
-1.475647564756475845e+02,1.812570892663161430e+03
-1.474647464746474839e+02,1.815110293952311395e+03
-1.473647364736473833e+02,1.817655033523182965e+03
-1.472647264726472827e+02,1.820205126343392521e+03
-1.471647164716471821e+02,1.822760587433032015e+03
-1.470647064706470815e+02,1.825321431864888609e+03
-1.469646964696469809e+02,1.827887674764666599e+03
-1.468646864686468803e+02,1.830459331311214100e+03
-1.467646764676467797e+02,1.833036416736743377e+03
-1.466646664666466791e+02,1.835618946327058438e+03
-1.465646564656465785e+02,1.838206935421776279e+03
-1.464646464646464779e+02,1.840800399414562207e+03
-1.463646364636463773e+02,1.843399353753352443e+03
-1.462646264626462767e+02,1.846003813940588088e+03
-1.461646164616461760e+02,1.848613795533438406e+03
-1.460646064606460754e+02,1.851229314144042974e+03
-1.459645964596459748e+02,1.853850385439738375e+03
-1.458645864586458742e+02,1.856477025143293758e+03
-1.457645764576457736e+02,1.859109249033145261e+03
-1.456645664566456730e+02,1.861747072943635203e+03
-1.455645564556455724e+02,1.864390512765248332e+03
-1.454645464546454718e+02,1.867039584444851016e+03
-1.453645364536453712e+02,1.869694303985929309e+03
-1.452645264526452706e+02,1.872354687448834511e+03
-1.451645164516451700e+02,1.875020750951021455e+03
-1.450645064506450694e+02,1.877692510667296574e+03
-1.449644964496449688e+02,1.880369982830057552e+03
-1.448644864486448682e+02,1.883053183729543889e+03
-1.447644764476447676e+02,1.885742129714083603e+03
-1.446644664466446670e+02,1.888436837190339247e+03
-1.445644564456445664e+02,1.891137322623561886e+03
-1.444644464446444658e+02,1.893843602537837114e+03
-1.443644364436443652e+02,1.896555693516341535e+03
-1.442644264426442646e+02,1.899273612201596961e+03
-1.441644164416441640e+02,1.901997375295720758e+03
-1.440644064406440634e+02,1.904726999560684817e+03
-1.439643964396439628e+02,1.907462501818574765e+03
-1.438643864386438622e+02,1.910203898951846895e+03
-1.437643764376437616e+02,1.912951207903587601e+03
-1.436643664366436610e+02,1.915704445677774402e+03
-1.435643564356435604e+02,1.918463629339541285e+03
-1.434643464346434598e+02,1.921228776015441099e+03
-1.433643364336433592e+02,1.923999902893710441e+03
-1.432643264326432586e+02,1.926777027224536596e+03
-1.431643164316431580e+02,1.929560166320326289e+03
-1.430643064306430574e+02,1.932349337555973989e+03
-1.429642964296429568e+02,1.935144558369134757e+03
-1.428642864286428562e+02,1.937945846260492772e+03
-1.427642764276427556e+02,1.940753218794038048e+03
-1.426642664266427118e+02,1.943566693597339736e+03
-1.425642564256426112e+02,1.946386288361826018e+03
-1.424642464246425106e+02,1.949212020843053324e+03
-1.423642364236424100e+02,1.952043908860993952e+03
-1.422642264226423094e+02,1.954881970300312105e+03
-1.421642164216422088e+02,1.957726223110649244e+03
-1.420642064206421082e+02,1.960576685306901481e+03
-1.419641964196420076e+02,1.963433374969510851e+03
-1.418641864186419070e+02,1.966296310244747929e+03
-1.417641764176418064e+02,1.969165509345001283e+03
-1.416641664166417058e+02,1.972040990549063736e+03
-1.415641564156416052e+02,1.974922772202427041e+03
-1.414641464146415046e+02,1.977810872717572011e+03
-1.413641364136414040e+02,1.980705310574261830e+03
-1.412641264126413034e+02,1.983606104319836049e+03
-1.411641164116412028e+02,1.986513272569510946e+03
-1.410641064106411022e+02,1.989426834006674881e+03
-1.409640964096410016e+02,1.992346807383188661e+03
-1.408640864086409010e+02,1.995273211519685447e+03
-1.407640764076408004e+02,1.998206065305875654e+03
-1.406640664066406998e+02,2.001145387700850733e+03
-1.405640564056405992e+02,2.004091197733388071e+03
-1.404640464046404986e+02,2.007043514502260450e+03
-1.403640364036403980e+02,2.010002357176541864e+03
-1.402640264026402974e+02,2.012967744995921294e+03
-1.401640164016401968e+02,2.015939697271013301e+03
-1.400640064006400962e+02,2.018918233383674078e+03
-1.399639963996399956e+02,2.021903372787310900e+03
-1.398639863986398950e+02,2.024895135007207045e+03
-1.397639763976397944e+02,2.027893539640836480e+03
-1.396639663966396938e+02,2.030898606358185589e+03
-1.395639563956395932e+02,2.033910354902071049e+03
-1.394639463946394926e+02,2.036928805088470199e+03
-1.393639363936393920e+02,2.039953976806841865e+03
-1.392639263926392914e+02,2.042985890020456281e+03
-1.391639163916391908e+02,2.046024564766719550e+03
-1.390639063906390902e+02,2.049070021157509927e+03
-1.389638963896389896e+02,2.052122279379504107e+03
-1.388638863886388890e+02,2.055181359694517141e+03
-1.387638763876387884e+02,2.058247282439834180e+03
-1.386638663866386878e+02,2.061320068028546757e+03
-1.385638563856385872e+02,2.064399736949897488e+03
-1.384638463846384866e+02,2.067486309769615218e+03
-1.383638363836383860e+02,2.070579807130262907e+03
-1.382638263826382854e+02,2.073680249751575957e+03
-1.381638163816381848e+02,2.076787658430814190e+03
-1.380638063806380842e+02,2.079902054043109274e+03
-1.379637963796379836e+02,2.083023457541810785e+03
-1.378637863786378830e+02,2.086151889958841821e+03
-1.377637763776377824e+02,2.089287372405050974e+03
-1.376637663766376818e+02,2.092429926070570218e+03
-1.375637563756375812e+02,2.095579572225169159e+03
-1.374637463746374806e+02,2.098736332218614734e+03
-1.373637363736373800e+02,2.101900227481035017e+03
-1.372637263726372794e+02,2.105071279523279827e+03
-1.371637163716371788e+02,2.108249509937287712e+03
-1.370637063706370782e+02,2.111434940396449292e+03
-1.369636963696369776e+02,2.114627592655979242e+03
-1.368636863686368770e+02,2.117827488553287822e+03
-1.367636763676367764e+02,2.121034650008351491e+03
-1.366636663666366758e+02,2.124249099024087172e+03
-1.365636563656365752e+02,2.127470857686730596e+03
-1.364636463646364746e+02,2.130699948166215108e+03
-1.363636363636363740e+02,2.133936392716553655e+03
-1.362636263626362734e+02,2.137180213676214862e+03
-1.361636163616361728e+02,2.140431433468516843e+03
-1.360636063606360722e+02,2.143690074602008735e+03
-1.359635963596359716e+02,2.146956159670859506e+03
-1.358635863586358710e+02,2.150229711355252221e+03
-1.357635763576357704e+02,2.153510752421772395e+03
-1.356635663566356698e+02,2.156799305723807720e+03
-1.355635563556355692e+02,2.160095394201943236e+03
-1.354635463546354686e+02,2.163399040884361511e+03
-1.353635363536353680e+02,2.166710268887239636e+03
-1.352635263526352674e+02,2.170029101415160767e+03
-1.351635163516351668e+02,2.173355561761513854e+03
-1.350635063506350662e+02,2.176689673308906549e+03
-1.349634963496349656e+02,2.180031459529565382e+03
-1.348634863486348650e+02,2.183380943985762769e+03
-1.347634763476347644e+02,2.186738150330220378e+03
-1.346634663466346638e+02,2.190103102306531582e+03
-1.345634563456345631e+02,2.193475823749575284e+03
-1.344634463446344625e+02,2.196856338585942922e+03
-1.343634363436343619e+02,2.200244670834359113e+03
-1.342634263426342613e+02,2.203640844606110022e+03
-1.341634163416341607e+02,2.207044884105464917e+03
-1.340634063406340601e+02,2.210456813630114993e+03
-1.339633963396339595e+02,2.213876657571600845e+03
-1.338633863386338589e+02,2.217304440415751287e+03
-1.337633763376337583e+02,2.220740186743114464e+03
-1.336633663366336577e+02,2.224183921229406224e+03
-1.335633563356335571e+02,2.227635668645947135e+03
-1.334633463346334565e+02,2.231095453860106318e+03
-1.333633363336333559e+02,2.234563301835753919e+03
-1.332633263326332553e+02,2.238039237633702214e+03
-1.331633163316332116e+02,2.241523286412163998e+03
-1.330633063306331110e+02,2.245015473427211418e+03
-1.329632963296330104e+02,2.248515824033217996e+03
-1.328632863286329098e+02,2.252024363683331558e+03
-1.327632763276328092e+02,2.255541117929929442e+03
-1.326632663266327086e+02,2.259066112425084611e+03
-1.325632563256326080e+02,2.262599372921035410e+03
-1.324632463246325074e+02,2.266140925270648495e+03
-1.323632363236324068e+02,2.269690795427897228e+03
-1.322632263226323062e+02,2.273249009448332799e+03
-1.321632163216322056e+02,2.276815593489563980e+03
-1.320632063206321050e+02,2.280390573811731883e+03
-1.319631963196320044e+02,2.283973976777999269e+03
-1.318631863186319038e+02,2.287565828855031668e+03
-1.317631763176318032e+02,2.291166156613485327e+03
-1.316631663166317026e+02,2.294774986728496060e+03
-1.315631563156316020e+02,2.298392345980177197e+03
-1.314631463146315014e+02,2.302018261254113440e+03
-1.313631363136314008e+02,2.305652759541857904e+03
-1.312631263126313002e+02,2.309295867941432334e+03
-1.311631163116311996e+02,2.312947613657835063e+03
-1.310631063106310989e+02,2.316608024003547598e+03
-1.309630963096309983e+02,2.320277126399042572e+03
-1.308630863086308977e+02,2.323954948373293973e+03
-1.307630763076307971e+02,2.327641517564296464e+03
-1.306630663066306965e+02,2.331336861719582885e+03
-1.305630563056305959e+02,2.335041008696747213e+03
-1.304630463046304953e+02,2.338753986463961155e+03
-1.303630363036303947e+02,2.342475823100509842e+03
-1.302630263026302941e+02,2.346206546797317515e+03
-1.301630163016301935e+02,2.349946185857480941e+03
-1.300630063006300929e+02,2.353694768696802839e+03
-1.299629962996299923e+02,2.357452323844335751e+03
-1.298629862986298917e+02,2.361218879942920012e+03
-1.297629762976297911e+02,2.364994465749727624e+03
-1.296629662966296905e+02,2.368779110136814779e+03
-1.295629562956295899e+02,2.372572842091667098e+03
-1.294629462946294893e+02,2.376375690717758516e+03
-1.293629362936293887e+02,2.380187685235105164e+03
-1.292629262926292881e+02,2.384008854980828346e+03
-1.291629162916291875e+02,2.387839229409712061e+03
-1.290629062906290869e+02,2.391678838094777802e+03
-1.289628962896289863e+02,2.395527710727849353e+03
-1.288628862886288857e+02,2.399385877120126224e+03
-1.287628762876287851e+02,2.403253367202756181e+03
-1.286628662866286845e+02,2.407130211027423684e+03
-1.285628562856285839e+02,2.411016438766924239e+03
-1.284628462846284833e+02,2.414912080715755565e+03
-1.283628362836283827e+02,2.418817167290701036e+03
-1.282628262826282821e+02,2.422731729031429495e+03
-1.281628162816281815e+02,2.426655796601084148e+03
-1.280628062806280809e+02,2.430589400786888746e+03
-1.279627962796279803e+02,2.434532572500741935e+03
-1.278627862786278797e+02,2.438485342779832536e+03
-1.277627762776277791e+02,2.442447742787241168e+03
-1.276627662766276785e+02,2.446419803812559167e+03
-1.275627562756275779e+02,2.450401557272499304e+03
-1.274627462746274773e+02,2.454393034711522432e+03
-1.273627362736273767e+02,2.458394267802455033e+03
-1.272627262726272761e+02,2.462405288347120404e+03
-1.271627162716271755e+02,2.466426128276968484e+03
-1.270627062706270749e+02,2.470456819653703860e+03
-1.269626962696269743e+02,2.474497394669935147e+03
-1.268626862686268737e+02,2.478547885649808450e+03
-1.267626762676267731e+02,2.482608325049653558e+03
-1.266626662666266725e+02,2.486678745458631511e+03
-1.265626562656265719e+02,2.490759179599393519e+03
-1.264626462646264713e+02,2.494849660328730806e+03
-1.263626362636263707e+02,2.498950220638239443e+03
-1.262626262626262701e+02,2.503060893654976553e+03
-1.261626162616261695e+02,2.507181712642137427e+03
-1.260626062606260689e+02,2.511312710999720821e+03
-1.259625962596259683e+02,2.515453922265209258e+03
-1.258625862586258677e+02,2.519605380114241598e+03
-1.257625762576257671e+02,2.523767118361300163e+03
-1.256625662566256665e+02,2.527939170960400133e+03
-1.255625562556255659e+02,2.532121572005778489e+03
-1.254625462546254653e+02,2.536314355732585227e+03
-1.253625362536253647e+02,2.540517556517589128e+03
-1.252625262526252641e+02,2.544731208879878068e+03
-1.251625162516251635e+02,2.548955347481565241e+03
-1.250625062506250629e+02,2.553190007128499019e+03
-1.249624962496249623e+02,2.557435222770986002e+03
-1.248624862486248617e+02,2.561691029504502239e+03
-1.247624762476247611e+02,2.565957462570419011e+03
-1.246624662466246605e+02,2.570234557356735877e+03
-1.245624562456245599e+02,2.574522349398805090e+03
-1.244624462446244593e+02,2.578820874380075111e+03
-1.243624362436243587e+02,2.583130168132827293e+03
-1.242624262426242581e+02,2.587450266638924404e+03
-1.241624162416241575e+02,2.591781206030554586e+03
-1.240624062406240569e+02,2.596123022590990331e+03
-1.239623962396239563e+02,2.600475752755346093e+03
-1.238623862386238557e+02,2.604839433111342260e+03
-1.237623762376237551e+02,2.609214100400062307e+03
-1.236623662366237113e+02,2.613599791516736786e+03
-1.235623562356236107e+02,2.617996543511521395e+03
-1.234623462346235101e+02,2.622404393590265499e+03
-1.233623362336234095e+02,2.626823379115301577e+03
-1.232623262326233089e+02,2.631253537606241480e+03
-1.231623162316232083e+02,2.635694906740766783e+03
-1.230623062306231077e+02,2.640147524355427322e+03
-1.229622962296230071e+02,2.644611428446444734e+03
-1.228622862286229065e+02,2.649086657170526450e+03
-1.227622762276228059e+02,2.653573248845673334e+03
-1.226622662266227053e+02,2.658071241952003675e+03
-1.225622562256226047e+02,2.662580675132566739e+03
-1.224622462246225041e+02,2.667101587194184049e+03
-1.223622362236224035e+02,2.671634017108273838e+03
-1.222622262226223029e+02,2.676178004011692337e+03
-1.221622162216222023e+02,2.680733587207572327e+03
-1.220622062206221017e+02,2.685300806166178063e+03
-1.219621962196220011e+02,2.689879700525753378e+03
-1.218621862186219005e+02,2.694470310093382068e+03
-1.217621762176217999e+02,2.699072674845846905e+03
-1.216621662166216993e+02,2.703686834930507302e+03
-1.215621562156215987e+02,2.708312830666160608e+03
-1.214621462146214981e+02,2.712950702543933403e+03
-1.213621362136213975e+02,2.717600491228154169e+03
-1.212621262126212969e+02,2.722262237557251410e+03
-1.211621162116211963e+02,2.726935982544644048e+03
-1.210621062106210957e+02,2.731621767379642279e+03
-1.209620962096209951e+02,2.736319633428355701e+03
-1.208620862086208945e+02,2.741029622234594626e+03
-1.207620762076207939e+02,2.745751775520801402e+03
-1.206620662066206933e+02,2.750486135188960816e+03
-1.205620562056205927e+02,2.755232743321530961e+03
-1.204620462046204921e+02,2.759991642182376381e+03
-1.203620362036203915e+02,2.764762874217706667e+03
-1.202620262026202909e+02,2.769546482057024150e+03
-1.201620162016201903e+02,2.774342508514066139e+03
-1.200620062006200897e+02,2.779150996587768987e+03
-1.199619961996199891e+02,2.783971989463222599e+03
-1.198619861986198885e+02,2.788805530512644964e+03
-1.197619761976197879e+02,2.793651663296348488e+03
-1.196619661966196873e+02,2.798510431563725888e+03
-1.195619561956195867e+02,2.803381879254226078e+03
-1.194619461946194861e+02,2.808266050498356435e+03
-1.193619361936193854e+02,2.813162989618671872e+03
-1.192619261926192848e+02,2.818072741130783015e+03
-1.191619161916191842e+02,2.822995349744359373e+03
-1.190619061906190836e+02,2.827930860364153887e+03
-1.189618961896189830e+02,2.832879318091014284e+03
-1.188618861886188824e+02,2.837840768222919451e+03
-1.187618761876187818e+02,2.842815256256008979e+03
-1.186618661866186812e+02,2.847802827885627266e+03
-1.185618561856185806e+02,2.852803529007364432e+03
-1.184618461846184800e+02,2.857817405718116333e+03
-1.183618361836183794e+02,2.862844504317141855e+03
-1.182618261826182788e+02,2.867884871307127469e+03
-1.181618161816181782e+02,2.872938553395263625e+03
-1.180618061806180776e+02,2.878005597494319773e+03
-1.179617961796179770e+02,2.883086050723735752e+03
-1.178617861786178764e+02,2.888179960410710464e+03
-1.177617761776177758e+02,2.893287374091302809e+03
-1.176617661766176752e+02,2.898408339511539907e+03
-1.175617561756175746e+02,2.903542904628525321e+03
-1.174617461746174740e+02,2.908691117611564096e+03
-1.173617361736173734e+02,2.913853026843290536e+03
-1.172617261726172728e+02,2.919028680920795978e+03
-1.171617161716171722e+02,2.924218128656777026e+03
-1.170617061706170716e+02,2.929421419080677424e+03
-1.169616961696169710e+02,2.934638601439849481e+03
-1.168616861686168704e+02,2.939869725200710491e+03
-1.167616761676167698e+02,2.945114840049917802e+03
-1.166616661666166692e+02,2.950373995895542066e+03
-1.165616561656165686e+02,2.955647242868251851e+03
-1.164616461646164680e+02,2.960934631322506903e+03
-1.163616361636163674e+02,2.966236211837760948e+03
-1.162616261626162668e+02,2.971552035219656318e+03
-1.161616161616161662e+02,2.976882152501253586e+03
-1.160616061606160656e+02,2.982226614944242101e+03
-1.159615961596159650e+02,2.987585474040174176e+03
-1.158615861586158644e+02,2.992958781511701090e+03
-1.157615761576157638e+02,2.998346589313818185e+03
-1.156615661566156632e+02,3.003748949635120880e+03
-1.155615561556155626e+02,3.009165914899055224e+03
-1.154615461546154620e+02,3.014597537765201650e+03
-1.153615361536153614e+02,3.020043871130538719e+03
-1.152615261526152608e+02,3.025504968130735961e+03
-1.151615161516151602e+02,3.030980882141438997e+03
-1.150615061506150596e+02,3.036471666779580573e+03
-1.149614961496149590e+02,3.041977375904678865e+03
-1.148614861486148584e+02,3.047498063620164885e+03
-1.147614761476147578e+02,3.053033784274698519e+03
-1.146614661466146572e+02,3.058584592463514582e+03
-1.145614561456145566e+02,3.064150543029751134e+03
-1.144614461446144560e+02,3.069731691065815539e+03
-1.143614361436143554e+02,3.075328091914730976e+03
-1.142614261426142548e+02,3.080939801171517047e+03
-1.141614161416142110e+02,3.086566874684554023e+03
-1.140614061406141104e+02,3.092209368556987556e+03
-1.139613961396140098e+02,3.097867339148100655e+03
-1.138613861386139092e+02,3.103540843074734767e+03
-1.137613761376138086e+02,3.109229937212693585e+03
-1.136613661366137080e+02,3.114934678698170956e+03
-1.135613561356136074e+02,3.120655124929173326e+03
-1.134613461346135068e+02,3.126391333566971753e+03
-1.133613361336134062e+02,3.132143362537539815e+03
-1.132613261326133056e+02,3.137911270033020173e+03
-1.131613161316132050e+02,3.143695114513187036e+03
-1.130613061306131044e+02,3.149494954706926819e+03
-1.129612961296130038e+02,3.155310849613724258e+03
-1.128612861286129032e+02,3.161142858505159893e+03
-1.127612761276128026e+02,3.166991040926413916e+03
-1.126612661266127020e+02,3.172855456697787304e+03
-1.125612561256126014e+02,3.178736165916217942e+03
-1.124612461246125008e+02,3.184633228956826315e+03
-1.123612361236124002e+02,3.190546706474458006e+03
-1.122612261226122996e+02,3.196476659405233931e+03
-1.121612161216121990e+02,3.202423148968126497e+03
-1.120612061206120984e+02,3.208386236666522109e+03
-1.119611961196119978e+02,3.214365984289822336e+03
-1.118611861186118972e+02,3.220362453915024616e+03
-1.117611761176117966e+02,3.226375707908344793e+03
-1.116611661166116960e+02,3.232405808926821464e+03
-1.115611561156115954e+02,3.238452819919951253e+03
-1.114611461146114948e+02,3.244516804131322715e+03
-1.113611361136113942e+02,3.250597825100272530e+03
-1.112611261126112936e+02,3.256695946663535778e+03
-1.111611161116111930e+02,3.262811232956926688e+03
-1.110611061106110924e+02,3.268943748417012102e+03
-1.109610961096109918e+02,3.275093557782809512e+03
-1.108610861086108912e+02,3.281260726097489623e+03
-1.107610761076107906e+02,3.287445318710092124e+03
-1.106610661066106900e+02,3.293647401277248719e+03
-1.105610561056105894e+02,3.299867039764927995e+03
-1.104610461046104888e+02,3.306104300450175742e+03
-1.103610361036103882e+02,3.312359249922885283e+03
-1.102610261026102876e+02,3.318631955087562801e+03
-1.101610161016101870e+02,3.324922483165113135e+03
-1.100610061006100864e+02,3.331230901694636486e+03
-1.099609960996099858e+02,3.337557278535240130e+03
-1.098609860986098852e+02,3.343901681867851494e+03
-1.097609760976097846e+02,3.350264180197054429e+03
-1.096609660966096840e+02,3.356644842352930937e+03
-1.095609560956095834e+02,3.363043737492919263e+03
-1.094609460946094828e+02,3.369460935103684278e+03
-1.093609360936093822e+02,3.375896505002992399e+03
-1.092609260926092816e+02,3.382350517341616523e+03
-1.091609160916091810e+02,3.388823042605226874e+03
-1.090609060906090804e+02,3.395314151616325944e+03
-1.089608960896089798e+02,3.401823915536169352e+03
-1.088608860886088792e+02,3.408352405866715799e+03
-1.087608760876087786e+02,3.414899694452584299e+03
-1.086608660866086780e+02,3.421465853483024148e+03
-1.085608560856085774e+02,3.428050955493898527e+03
-1.084608460846084768e+02,3.434655073369687670e+03
-1.083608360836083762e+02,3.441278280345489748e+03
-1.082608260826082756e+02,3.447920650009058591e+03
-1.081608160816081750e+02,3.454582256302825954e+03
-1.080608060806080744e+02,3.461263173525971524e+03
-1.079607960796079738e+02,3.467963476336470649e+03
-1.078607860786078732e+02,3.474683239753191174e+03
-1.077607760776077725e+02,3.481422539157973461e+03
-1.076607660766076719e+02,3.488181450297744959e+03
-1.075607560756075713e+02,3.494960049286643425e+03
-1.074607460746074707e+02,3.501758412608151957e+03
-1.073607360736073701e+02,3.508576617117246769e+03
-1.072607260726072695e+02,3.515414740042571793e+03
-1.071607160716071689e+02,3.522272858988609187e+03
-1.070607060706070683e+02,3.529151051937879402e+03
-1.069606960696069677e+02,3.536049397253157167e+03
-1.068606860686068671e+02,3.542967973679684746e+03
-1.067606760676067665e+02,3.549906860347424754e+03
-1.066606660666066659e+02,3.556866136773305243e+03
-1.065606560656065653e+02,3.563845882863501629e+03
-1.064606460646064647e+02,3.570846178915716337e+03
-1.063606360636063641e+02,3.577867105621484370e+03
-1.062606260626062635e+02,3.584908744068491160e+03
-1.061606160616061629e+02,3.591971175742906325e+03
-1.060606060606060623e+02,3.599054482531736085e+03
-1.059605960596059617e+02,3.606158746725189303e+03
-1.058605860586058611e+02,3.613284051019055823e+03
-1.057605760576057605e+02,3.620430478517117990e+03
-1.056605660566056599e+02,3.627598112733547168e+03
-1.055605560556055593e+02,3.634787037595358015e+03
-1.054605460546054587e+02,3.641997337444842287e+03
-1.053605360536053581e+02,3.649229097042041303e+03
-1.052605260526052575e+02,3.656482401567229772e+03
-1.051605160516051569e+02,3.663757336623415540e+03
-1.050605060506050563e+02,3.671053988238855254e+03
-1.049604960496049557e+02,3.678372442869596398e+03
-1.048604860486048551e+02,3.685712787402022059e+03
-1.047604760476047545e+02,3.693075109155432983e+03
-1.046604660466046539e+02,3.700459495884622356e+03
-1.045604560456046102e+02,3.707866035782490599e+03
-1.044604460446045096e+02,3.715294817482684721e+03
-1.043604360436044090e+02,3.722745930062211755e+03
-1.042604260426043083e+02,3.730219463044120857e+03
-1.041604160416042077e+02,3.737715506400183585e+03
-1.040604060406041071e+02,3.745234150553586915e+03
-1.039603960396040065e+02,3.752775486381658084e+03
-1.038603860386039059e+02,3.760339605218593533e+03
-1.037603760376038053e+02,3.767926598858225589e+03
-1.036603660366037047e+02,3.775536559556795055e+03
-1.035603560356036041e+02,3.783169580035742456e+03
-1.034603460346035035e+02,3.790825753484530651e+03
-1.033603360336034029e+02,3.798505173563475637e+03
-1.032603260326033023e+02,3.806207934406604636e+03
-1.031603160316032017e+02,3.813934130624529189e+03
-1.030603060306031011e+02,3.821683857307346898e+03
-1.029602960296030005e+02,3.829457210027546807e+03
-1.028602860286028999e+02,3.837254284842961624e+03
-1.027602760276027993e+02,3.845075178299713116e+03
-1.026602660266026987e+02,3.852919987435199346e+03
-1.025602560256025981e+02,3.860788809781091913e+03
-1.024602460246024975e+02,3.868681743366355477e+03
-1.023602360236023969e+02,3.876598886720296377e+03
-1.022602260226022963e+02,3.884540338875626276e+03
-1.021602160216021957e+02,3.892506199371544881e+03
-1.020602060206020951e+02,3.900496568256856790e+03
-1.019601960196019945e+02,3.908511546093092420e+03
-1.018601860186018939e+02,3.916551233957673958e+03
-1.017601760176017933e+02,3.924615733447079947e+03
-1.016601660166016927e+02,3.932705146680057624e+03
-1.015601560156015921e+02,3.940819576300832978e+03
-1.014601460146014915e+02,3.948959125482362197e+03
-1.013601360136013909e+02,3.957123897929599934e+03
-1.012601260126012903e+02,3.965313997882792137e+03
-1.011601160116011897e+02,3.973529530120793879e+03
-1.010601060106010891e+02,3.981770599964402663e+03
-1.009600960096009885e+02,3.990037313279734008e+03
-1.008600860086008879e+02,3.998329776481597492e+03
-1.007600760076007873e+02,4.006648096536922367e+03
-1.006600660066006867e+02,4.014992380968185898e+03
-1.005600560056005861e+02,4.023362737856886724e+03
-1.004600460046004855e+02,4.031759275847017761e+03
-1.003600360036003849e+02,4.040182104148597773e+03
-1.002600260026002843e+02,4.048631332541197480e+03
-1.001600160016001837e+02,4.057107071377512966e+03
-1.000600060006000831e+02,4.065609431586951359e+03
-9.995999599959998250e+01,4.074138524679249713e+03
-9.985998599859988190e+01,4.082694462748118440e+03
-9.975997599759978129e+01,4.091277358474919311e+03
-9.965996599659968069e+01,4.099887325132350270e+03
-9.955995599559958009e+01,4.108524476588181642e+03
-9.945994599459947949e+01,4.117188927308996426e+03
-9.935993599359937889e+01,4.125880792363986075e+03
-9.925992599259927829e+01,4.134600187428741265e+03
-9.915991599159917769e+01,4.143347228789099972e+03
-9.905990599059907709e+01,4.152122033345004638e+03
-9.895989598959897648e+01,4.160924718614394806e+03
-9.885988598859887588e+01,4.169755402737131590e+03
-9.875987598759877528e+01,4.178614204478949432e+03
-9.865986598659867468e+01,4.187501243235427864e+03
-9.855985598559857408e+01,4.196416639036009656e+03
-9.845984598459847348e+01,4.205360512548031693e+03
-9.835983598359837288e+01,4.214332985080798608e+03
-9.825982598259827228e+01,4.223334178589685507e+03
-9.815981598159817167e+01,4.232364215680255256e+03
-9.805980598059807107e+01,4.241423219612437606e+03
-9.795979597959797047e+01,4.250511314304698317e+03
-9.785978597859786987e+01,4.259628624338282862e+03
-9.775977597759776927e+01,4.268775274961457399e+03
-9.765976597659766867e+01,4.277951392093803406e+03
-9.755975597559756807e+01,4.287157102330528687e+03
-9.745974597459746747e+01,4.296392532946826577e+03
-9.735973597359736686e+01,4.305657811902252433e+03
-9.725972597259726626e+01,4.314953067845143778e+03
-9.715971597159716566e+01,4.324278430117069547e+03
-9.705970597059706506e+01,4.333634028757316628e+03
-9.695969596959696446e+01,4.343019994507397314e+03
-9.685968596859686386e+01,4.352436458815613150e+03
-9.675967596759676326e+01,4.361883553841633329e+03
-9.665966596659666266e+01,4.371361412461117652e+03
-9.655965596559656205e+01,4.380870168270371323e+03
-9.645964596459646145e+01,4.390409955591033395e+03
-9.635963596359636085e+01,4.399980909474808868e+03
-9.625962596259626025e+01,4.409583165708228080e+03
-9.615961596159615965e+01,4.419216860817441557e+03
-9.605960596059605905e+01,4.428882132073064895e+03
-9.595959595959595845e+01,4.438579117495041828e+03
-9.585958595859585785e+01,4.448307955857554589e+03
-9.575957595759575725e+01,4.458068786693977927e+03
-9.565956595659565664e+01,4.467861750301855864e+03
-9.555955595559555604e+01,4.477686987747931198e+03
-9.545954595459545544e+01,4.487544640873197750e+03
-9.535953595359535484e+01,4.497434852298011720e+03
-9.525952595259525424e+01,4.507357765427222148e+03
-9.515951595159515364e+01,4.517313524455359584e+03
-9.505950595059510988e+01,4.527302274371836575e+03
-9.495949594959500928e+01,4.537324160966242744e+03
-9.485948594859490868e+01,4.547379330833599852e+03
-9.475947594759480808e+01,4.557467931379732363e+03
-9.465946594659470748e+01,4.567590110826638920e+03
-9.455945594559460687e+01,4.577746018217925666e+03
-9.445944594459450627e+01,4.587935803424253209e+03
-9.435943594359440567e+01,4.598159617148870893e+03
-9.425942594259430507e+01,4.608417610933139258e+03
-9.415941594159420447e+01,4.618709937162149799e+03
-9.405940594059410387e+01,4.629036749070345650e+03
-9.395939593959400327e+01,4.639398200747215014e+03
-9.385938593859390267e+01,4.649794447143006437e+03
-9.375937593759380206e+01,4.660225644074505908e+03
-9.365936593659370146e+01,4.670691948230853995e+03
-9.355935593559360086e+01,4.681193517179406626e+03
-9.345934593459350026e+01,4.691730509371636799e+03
-9.335933593359339966e+01,4.702303084149099050e+03
-9.325932593259329906e+01,4.712911401749418474e+03
-9.315931593159319846e+01,4.723555623312348871e+03
-9.305930593059309786e+01,4.734235910885859994e+03
-9.295929592959299725e+01,4.744952427432291188e+03
-9.285928592859289665e+01,4.755705336834529589e+03
-9.275927592759279605e+01,4.766494803902264721e+03
-9.265926592659269545e+01,4.777320994378266732e+03
-9.255925592559259485e+01,4.788184074944741951e+03
-9.245924592459249425e+01,4.799084213229704801e+03
-9.235923592359239365e+01,4.810021577813434305e+03
-9.225922592259229305e+01,4.820996338234958785e+03
-9.215921592159219244e+01,4.832008664998598761e+03
-9.205920592059209184e+01,4.843058729580572617e+03
-9.195919591959199124e+01,4.854146704435631364e+03
-9.185918591859189064e+01,4.865272763003774344e+03
-9.175917591759179004e+01,4.876437079716988592e+03
-9.165916591659168944e+01,4.887639830006079137e+03
-9.155915591559158884e+01,4.898881190307510224e+03
-9.145914591459148824e+01,4.910161338070345664e+03
-9.135913591359138763e+01,4.921480451763204655e+03
-9.125912591259128703e+01,4.932838710881304905e+03
-9.115911591159118643e+01,4.944236295953543959e+03
-9.105910591059108583e+01,4.955673388549646916e+03
-9.095909590959098523e+01,4.967150171287365083e+03
-9.085908590859088463e+01,4.978666827839739199e+03
-9.075907590759078403e+01,4.990223542942409949e+03
-9.065906590659068343e+01,5.001820502401010344e+03
-9.055905590559058282e+01,5.013457893098588102e+03
-9.045904590459048222e+01,5.025135903003116255e+03
-9.035903590359038162e+01,5.036854721175043778e+03
-9.025902590259028102e+01,5.048614537774916244e+03
-9.015901590159018042e+01,5.060415544071060140e+03
-9.005900590059007982e+01,5.072257932447335406e+03
-8.995899589958997922e+01,5.084141896410925256e+03
-8.985898589858987862e+01,5.096067630600229677e+03
-8.975897589758977801e+01,5.108035330792782588e+03
-8.965896589658967741e+01,5.120045193913261755e+03
-8.955895589558957681e+01,5.132097418041560559e+03
-8.945894589458947621e+01,5.144192202420909780e+03
-8.935893589358937561e+01,5.156329747466089430e+03
-8.925892589258927501e+01,5.168510254771679683e+03
-8.915891589158917441e+01,5.180733927120413682e+03
-8.905890589058907381e+01,5.193000968491572166e+03
-8.895889588958897320e+01,5.205311584069456330e+03
-8.885888588858887260e+01,5.217665980251937071e+03
-8.875887588758877200e+01,5.230064364659060629e+03
-8.865886588658867140e+01,5.242506946141737899e+03
-8.855885588558857080e+01,5.254993934790509229e+03
-8.845884588458847020e+01,5.267525541944359247e+03
-8.835883588358836960e+01,5.280101980199636273e+03
-8.825882588258826900e+01,5.292723463419010841e+03
-8.815881588158816839e+01,5.305390206740553367e+03
-8.805880588058806779e+01,5.318102426586836373e+03
-8.795879587958796719e+01,5.330860340674157669e+03
-8.785878587858786659e+01,5.343664168021808109e+03
-8.775877587758776599e+01,5.356514128961438473e+03
-8.765876587658766539e+01,5.369410445146492748e+03
-8.755875587558756479e+01,5.382353339561728717e+03
-8.745874587458746419e+01,5.395343036532804945e+03
-8.735873587358736359e+01,5.408379761735970533e+03
-8.725872587258726298e+01,5.421463742207812174e+03
-8.715871587158716238e+01,5.434595206355096707e+03
-8.705870587058706178e+01,5.447774383964708250e+03
-8.695869586958696118e+01,5.461001506213629909e+03
-8.685868586858686058e+01,5.474276805679065546e+03
-8.675867586758675998e+01,5.487600516348591555e+03
-8.665866586658665938e+01,5.500972873630438698e+03
-8.655865586558655878e+01,5.514394114363831250e+03
-8.645864586458645817e+01,5.527864476829442538e+03
-8.635863586358635757e+01,5.541384200759900523e+03
-8.625862586258625697e+01,5.554953527350420700e+03
-8.615861586158615637e+01,5.568572699269512668e+03
-8.605860586058605577e+01,5.582241960669780383e+03
-8.595859585958595517e+01,5.595961557198806076e+03
-8.585858585858585457e+01,5.609731736010147870e+03
-8.575857585758575397e+01,5.623552745774405594e+03
-8.565856585658565336e+01,5.637424836690413031e+03
-8.555855585558560961e+01,5.651348260496481089e+03
-8.545854585458550901e+01,5.665323270481815598e+03
-8.535853585358540840e+01,5.679350121497918735e+03
-8.525852585258530780e+01,5.693429069970203273e+03
-8.515851585158520720e+01,5.707560373909629561e+03
-8.505850585058510660e+01,5.721744292924485308e+03
-8.495849584958500600e+01,5.735981088232244474e+03
-8.485848584858490540e+01,5.750271022671548963e+03
-8.475847584758480480e+01,5.764614360714263057e+03
-8.465846584658470420e+01,5.779011368477676115e+03
-8.455845584558460359e+01,5.793462313736759825e+03
-8.445844584458450299e+01,5.807967465936588269e+03
-8.435843584358440239e+01,5.822527096204815280e+03
-8.425842584258430179e+01,5.837141477364298225e+03
-8.415841584158420119e+01,5.851810883945810929e+03
-8.405840584058410059e+01,5.866535592200870269e+03
-8.395839583958399999e+01,5.881315880114686479e+03
-8.385838583858389939e+01,5.896152027419221668e+03
-8.375837583758379878e+01,5.911044315606347482e+03
-8.365836583658369818e+01,5.925993027941149194e+03
-8.355835583558359758e+01,5.940998449475320740e+03
-8.345834583458349698e+01,5.956060867060681630e+03
-8.335833583358339638e+01,5.971180569362837559e+03
-8.325832583258329578e+01,5.986357846874918323e+03
-8.315831583158319518e+01,6.001592991931491269e+03
-8.305830583058309458e+01,6.016886298722531137e+03
-8.295829582958299397e+01,6.032238063307592711e+03
-8.285828582858289337e+01,6.047648583630034409e+03
-8.275827582758279277e+01,6.063118159531425590e+03
-8.265826582658269217e+01,6.078647092766045716e+03
-8.255825582558259157e+01,6.094235687015527219e+03
-8.245824582458249097e+01,6.109884247903632968e+03
-8.235823582358239037e+01,6.125593083011161980e+03
-8.225822582258228977e+01,6.141362501890976091e+03
-8.215821582158218916e+01,6.157192816083191246e+03
-8.205820582058208856e+01,6.173084339130459739e+03
-8.195819581958198796e+01,6.189037386593449810e+03
-8.185818581858188736e+01,6.205052276066401646e+03
-8.175817581758178676e+01,6.221129327192874371e+03
-8.165816581658168616e+01,6.237268861681600356e+03
-8.155815581558158556e+01,6.253471203322499605e+03
-8.145814581458148496e+01,6.269736678002842382e+03
-8.135813581358138435e+01,6.286065613723547358e+03
-8.125812581258128375e+01,6.302458340615624365e+03
-8.115811581158118315e+01,6.318915190956791776e+03
-8.105810581058108255e+01,6.335436499188208472e+03
-8.095809580958098195e+01,6.352022601931378631e+03
-8.085808580858088135e+01,6.368673838005229300e+03
-8.075807580758078075e+01,6.385390548443294392e+03
-8.065806580658068015e+01,6.402173076511111503e+03
-8.055805580558057954e+01,6.419021767723722405e+03
-8.045804580458047894e+01,6.435936969863390914e+03
-8.035803580358037834e+01,6.452919032997431714e+03
-8.025802580258027774e+01,6.469968309496247457e+03
-8.015801580158017714e+01,6.487085154051488644e+03
-8.005800580058007654e+01,6.504269923694417230e+03
-7.995799579957997594e+01,6.521522977814415754e+03
-7.985798579857987534e+01,6.538844678177689275e+03
-7.975797579757977473e+01,6.556235388946110106e+03
-7.965796579657967413e+01,6.573695476696275364e+03
-7.955795579557957353e+01,6.591225310438685483e+03
-7.945794579457947293e+01,6.608825261637183758e+03
-7.935793579357937233e+01,6.626495704228481372e+03
-7.925792579257927173e+01,6.644237014641946189e+03
-7.915791579157917113e+01,6.662049571819516132e+03
-7.905790579057907053e+01,6.679933757235839948e+03
-7.895789578957896993e+01,6.697889954918572585e+03
-7.885788578857886932e+01,6.715918551468898841e+03
-7.875787578757876872e+01,6.734019936082203458e+03
-7.865786578657866812e+01,6.752194500568980402e+03
-7.855785578557856752e+01,6.770442639375900399e+03
-7.845784578457846692e+01,6.788764749607097656e+03
-7.835783578357836632e+01,6.807161231045666682e+03
-7.825782578257826572e+01,6.825632486175327358e+03
-7.815781578157816512e+01,6.844178920202332847e+03
-7.805780578057806451e+01,6.862800941077543030e+03
-7.795779577957796391e+01,6.881498959518770789e+03
-7.785778577857786331e+01,6.900273389033252897e+03
-7.775777577757776271e+01,6.919124645940422852e+03
-7.765776577657766211e+01,6.938053149394829234e+03
-7.755775577557756151e+01,6.957059321409321456e+03
-7.745774577457746091e+01,6.976143586878422866e+03
-7.735773577357736031e+01,6.995306373601956693e+03
-7.725772577257725970e+01,7.014548112308863892e+03
-7.715771577157715910e+01,7.033869236681289294e+03
-7.705770577057705850e+01,7.053270183378843285e+03
-7.695769576957695790e+01,7.072751392063170897e+03
-7.685768576857685730e+01,7.092313305422687336e+03
-7.675767576757675670e+01,7.111956369197586355e+03
-7.665766576657665610e+01,7.131681032205087831e+03
-7.655765576557655550e+01,7.151487746364916347e+03
-7.645764576457645489e+01,7.171376966725042621e+03
-7.635763576357635429e+01,7.191349151487658673e+03
-7.625762576257625369e+01,7.211404762035414933e+03
-7.615761576157615309e+01,7.231544262957908359e+03
-7.605760576057610933e+01,7.251768122078410670e+03
-7.595759575957600873e+01,7.272076810480931272e+03
-7.585758575857590813e+01,7.292470802537394775e+03
-7.575757575757580753e+01,7.312950575935253255e+03
-7.565756575657570693e+01,7.333516611705248579e+03
-7.555755575557560633e+01,7.354169394249509423e+03
-7.545754575457550573e+01,7.374909411369883856e+03
-7.535753575357540512e+01,7.395737154296586596e+03
-7.525752575257530452e+01,7.416653117717082750e+03
-7.515751575157520392e+01,7.437657799805318064e+03
-7.505750575057510332e+01,7.458751702251163806e+03
-7.495749574957500272e+01,7.479935330290223646e+03
-7.485748574857490212e+01,7.501209192733865166e+03
-7.475747574757480152e+01,7.522573801999608804e+03
-7.465746574657470092e+01,7.544029674141786927e+03
-7.455745574557460031e+01,7.565577328882503934e+03
-7.445744574457449971e+01,7.587217289642936521e+03
-7.435743574357439911e+01,7.608950083574878590e+03
-7.425742574257429851e+01,7.630776241592694532e+03
-7.415741574157419791e+01,7.652696298405492598e+03
-7.405740574057409731e+01,7.674710792549711186e+03
-7.395739573957399671e+01,7.696820266421947053e+03
-7.385738573857389611e+01,7.719025266312179156e+03
-7.375737573757379550e+01,7.741326342437278981e+03
-7.365736573657369490e+01,7.763724048974902871e+03
-7.355735573557359430e+01,7.786218944097669919e+03
-7.345734573457349370e+01,7.808811590007743689e+03
-7.335733573357339310e+01,7.831502552971695877e+03
-7.325732573257329250e+01,7.854292403355806528e+03
-7.315731573157319190e+01,7.877181715661628914e+03
-7.305730573057309130e+01,7.900171068561995526e+03
-7.295729572957299069e+01,7.923261044937325096e+03
-7.285728572857289009e+01,7.946452231912350726e+03
-7.275727572757278949e+01,7.969745220893181795e+03
-7.265726572657268889e+01,7.993140607604773322e+03
-7.255725572557258829e+01,8.016638992128749123e+03
-7.245724572457248769e+01,8.040240978941643334e+03
-7.235723572357238709e+01,8.063947176953504822e+03
-7.225722572257228649e+01,8.087758199546909964e+03
-7.215721572157218588e+01,8.111674664616386508e+03
-7.205720572057208528e+01,8.135697194608208520e+03
-7.195719571957198468e+01,8.159826416560657890e+03
-7.185718571857188408e+01,8.184062962144619632e+03
-7.175717571757178348e+01,8.208407467704693772e+03
-7.165716571657168288e+01,8.232860574300641019e+03
-7.155715571557158228e+01,8.257422927749323208e+03
-7.145714571457148168e+01,8.282095178667041182e+03
-7.135713571357138107e+01,8.306877982512327435e+03
-7.125712571257128047e+01,8.331771999629178026e+03
-7.115711571157117987e+01,8.356777895290746528e+03
-7.105710571057107927e+01,8.381896339743476346e+03
-7.095709570957097867e+01,8.407128008251709616e+03
-7.085708570857087807e+01,8.432473581142734474e+03
-7.075707570757077747e+01,8.457933743852359839e+03
-7.065706570657067687e+01,8.483509186970903102e+03
-7.055705570557057627e+01,8.509200606289708958e+03
-7.045704570457047566e+01,8.535008702848132089e+03
-7.035703570357037506e+01,8.560934182981025515e+03
-7.025702570257027446e+01,8.586977758366718263e+03
-7.015701570157017386e+01,8.613140146075538723e+03
-7.005700570057007326e+01,8.639422068618780031e+03
-6.995699569956997266e+01,8.665824253998267523e+03
-6.985698569856987206e+01,8.692347435756377308e+03
-6.975697569756977146e+01,8.718992353026640558e+03
-6.965696569656967085e+01,8.745759750584873473e+03
-6.955695569556957025e+01,8.772650378900816577e+03
-6.945694569456946965e+01,8.799664994190396101e+03
-6.935693569356936905e+01,8.826804358468456485e+03
-6.925692569256926845e+01,8.854069239602147718e+03
-6.915691569156916785e+01,8.881460411364809261e+03
-6.905690569056906725e+01,8.908978653490497891e+03
-6.895689568956896665e+01,8.936624751729037598e+03
-6.885688568856886604e+01,8.964399497901713403e+03
-6.875687568756876544e+01,8.992303689957541792e+03
-6.865686568656866484e+01,9.020338132030174165e+03
-6.855685568556856424e+01,9.048503634495364167e+03
-6.845684568456846364e+01,9.076801014029131693e+03
-6.835683568356836304e+01,9.105231093666474408e+03
-6.825682568256826244e+01,9.133794702860806865e+03
-6.815681568156816184e+01,9.162492677543967147e+03
-6.805680568056806123e+01,9.191325860186947466e+03
-6.795679567956796063e+01,9.220295099861217750e+03
-6.785678567856786003e+01,9.249401252300782289e+03
-6.775677567756775943e+01,9.278645179964876661e+03
-6.765676567656765883e+01,9.308027752101392252e+03
-6.755675567556755823e+01,9.337549844810930153e+03
-6.745674567456745763e+01,9.367212341111648129e+03
-6.735673567356735703e+01,9.397016131004751514e+03
-6.725672567256725642e+01,9.426962111540733531e+03
-6.715671567156715582e+01,9.457051186886370488e+03
-6.705670567056705522e+01,9.487284268392404556e+03
-6.695669566956695462e+01,9.517662274662048731e+03
-6.685668566856685402e+01,9.548186131620166634e+03
-6.675667566756675342e+01,9.578856772583330894e+03
-6.665666566656665282e+01,9.609675138330541813e+03
-6.655665566556655222e+01,9.640642177174840981e+03
-6.645664566456650846e+01,9.671758845035643390e+03
-6.635663566356640786e+01,9.703026105511979040e+03
-6.625662566256630726e+01,9.734444929956418491e+03
-6.615661566156620665e+01,9.766016297549949741e+03
-6.605660566056610605e+01,9.797741195377631811e+03
-6.595659565956600545e+01,9.829620618505156017e+03
-6.585658565856590485e+01,9.861655570056200304e+03
-6.575657565756580425e+01,9.893847061290727652e+03
-6.565656565656570365e+01,9.926196111684093921e+03
-6.555655565556560305e+01,9.958703749007165243e+03
-6.545654565456550245e+01,9.991371009407217571e+03
-6.535653565356540184e+01,1.002419893748986215e+04
-6.525652565256530124e+01,1.005718858640183134e+04
-6.515651565156520064e+01,1.009034101791475223e+04
-6.505650565056510004e+01,1.012365730250986962e+04
-6.495649564956499944e+01,1.015713851946373870e+04
-6.485648564856489884e+01,1.019078575693487255e+04
-6.475647564756479824e+01,1.022460011205144656e+04
-6.465646564656469764e+01,1.025858269099993049e+04
-6.455645564556459703e+01,1.029273460911484472e+04
-6.445644564456449643e+01,1.032705699096944045e+04
-6.435643564356439583e+01,1.036155097046752599e+04
-6.425642564256429523e+01,1.039621769093628245e+04
-6.415641564156419463e+01,1.043105830522021461e+04
-6.405640564056409403e+01,1.046607397577614211e+04
-6.395639563956399343e+01,1.050126587476935492e+04
-6.385638563856389283e+01,1.053663518417081650e+04
-6.375637563756379222e+01,1.057218309585558745e+04
-6.365636563656369162e+01,1.060791081170231155e+04
-6.355635563556359102e+01,1.064381954369393134e+04
-6.345634563456349042e+01,1.067991051401958794e+04
-6.335633563356338982e+01,1.071618495517765405e+04
-6.325632563256328922e+01,1.075264411008006209e+04
-6.315631563156318862e+01,1.078928923215777832e+04
-6.305630563056308802e+01,1.082612158546762657e+04
-6.295629562956298741e+01,1.086314244480026173e+04
-6.285628562856288681e+01,1.090035309578953274e+04
-6.275627562756278621e+01,1.093775483502303177e+04
-6.265626562656268561e+01,1.097534897015406932e+04
-6.255625562556258501e+01,1.101313682001489360e+04
-6.245624562456248441e+01,1.105111971473133053e+04
-6.235623562356238381e+01,1.108929899583872975e+04
-6.225622562256228321e+01,1.112767601639936402e+04
-6.215621562156218260e+01,1.116625214112115464e+04
-6.205620562056208200e+01,1.120502874647793578e+04
-6.195619561956198140e+01,1.124400722083104120e+04
-6.185618561856188080e+01,1.128318896455247159e+04
-6.175617561756178020e+01,1.132257539014944086e+04
-6.165616561656167960e+01,1.136216792239052484e+04
-6.155615561556157900e+01,1.140196799843327062e+04
-6.145614561456147840e+01,1.144197706795340491e+04
-6.135613561356137780e+01,1.148219659327555382e+04
-6.125612561256127719e+01,1.152262804950562531e+04
-6.115611561156117659e+01,1.156327292466474137e+04
-6.105610561056107599e+01,1.160413271982484002e+04
-6.095609560956097539e+01,1.164520894924595450e+04
-6.085608560856087479e+01,1.168650314051511668e+04
-6.075607560756077419e+01,1.172801683468705050e+04
-6.065606560656067359e+01,1.176975158642647693e+04
-6.055605560556057299e+01,1.181170896415232892e+04
-6.045604560456047238e+01,1.185389055018359250e+04
-6.035603560356037178e+01,1.189629794088707240e+04
-6.025602560256027118e+01,1.193893274682689662e+04
-6.015601560156017058e+01,1.198179659291593271e+04
-6.005600560056006998e+01,1.202489111856908494e+04
-5.995599559955996938e+01,1.206821797785845411e+04
-5.985598559855986878e+01,1.211177883967049820e+04
-5.975597559755976818e+01,1.215557538786510304e+04
-5.965596559655966757e+01,1.219960932143665377e+04
-5.955595559555956697e+01,1.224388235467716549e+04
-5.945594559455946637e+01,1.228839621734141292e+04
-5.935593559355936577e+01,1.233315265481417009e+04
-5.925592559255926517e+01,1.237815342827954919e+04
-5.915591559155916457e+01,1.242340031489244757e+04
-5.905590559055906397e+01,1.246889510795223941e+04
-5.895589558955896337e+01,1.251463961707858834e+04
-5.885588558855886276e+01,1.256063566838954284e+04
-5.875587558755876216e+01,1.260688510468186360e+04
-5.865586558655866156e+01,1.265338978561367185e+04
-5.855585558555856096e+01,1.270015158788942608e+04
-5.845584558455846036e+01,1.274717240544726155e+04
-5.835583558355835976e+01,1.279445414964871634e+04
-5.825582558255825916e+01,1.284199874947089484e+04
-5.815581558155815856e+01,1.288980815170114329e+04
-5.805580558055805795e+01,1.293788432113416457e+04
-5.795579557955795735e+01,1.298622924077172866e+04
-5.785578557855785675e+01,1.303484491202494974e+04
-5.775577557755775615e+01,1.308373335491914258e+04
-5.765576557655765555e+01,1.313289660830142748e+04
-5.755575557555755495e+01,1.318233673005094170e+04
-5.745574557455745435e+01,1.323205579729182318e+04
-5.735573557355735375e+01,1.328205590660899907e+04
-5.725572557255725314e+01,1.333233917426673725e+04
-5.715571557155715254e+01,1.338290773643011016e+04
-5.705570557055705194e+01,1.343376374938932531e+04
-5.695569556955700818e+01,1.348490938978701342e+04
-5.685568556855690758e+01,1.353634685484859619e+04
-5.675567556755680698e+01,1.358807836261547891e+04
-5.665566556655670638e+01,1.364010615218152816e+04
-5.655565556555660578e+01,1.369243248393261092e+04
-5.645564556455650518e+01,1.374505963978928958e+04
-5.635563556355640458e+01,1.379798992345274564e+04
-5.625562556255630398e+01,1.385122566065402134e+04
-5.615561556155620337e+01,1.390476919940650805e+04
-5.605560556055610277e+01,1.395862291026187449e+04
-5.595559555955600217e+01,1.401278918656940368e+04
-5.585558555855590157e+01,1.406727044473876776e+04
-5.575557555755580097e+01,1.412206912450639720e+04
-5.565556555655570037e+01,1.417718768920537332e+04
-5.555555555555559977e+01,1.423262862603901340e+04
-5.545554555455549917e+01,1.428839444635811196e+04
-5.535553555355539856e+01,1.434448768594194189e+04
-5.525552555255529796e+01,1.440091090528309542e+04
-5.515551555155519736e+01,1.445766668987615594e+04
-5.505550555055509676e+01,1.451475765051031522e+04
-5.495549554955499616e+01,1.457218642356599412e+04
-5.485548554855489556e+01,1.462995567131549615e+04
-5.475547554755479496e+01,1.468806808222777727e+04
-5.465546554655469436e+01,1.474652637127741400e+04
-5.455545554555459375e+01,1.480533328025780065e+04
-5.445544554455449315e+01,1.486449157809868302e+04
-5.435543554355439255e+01,1.492400406118800311e+04
-5.425542554255429195e+01,1.498387355369830402e+04
-5.415541554155419135e+01,1.504410290791754960e+04
-5.405540554055409075e+01,1.510469500458460061e+04
-5.395539553955399015e+01,1.516565275322932575e+04
-5.385538553855388955e+01,1.522697909251743840e+04
-5.375537553755378894e+01,1.528867699060020095e+04
-5.365536553655368834e+01,1.535074944546892948e+04
-5.355535553555358774e+01,1.541319948531456248e+04
-5.345534553455348714e+01,1.547603016889221180e+04
-5.335533553355338654e+01,1.553924458589083588e+04
-5.325532553255328594e+01,1.560284585730819526e+04
-5.315531553155318534e+01,1.566683713583099234e+04
-5.305530553055308474e+01,1.573122160622050433e+04
-5.295529552955298414e+01,1.579600248570359872e+04
-5.285528552855288353e+01,1.586118302436932026e+04
-5.275527552755278293e+01,1.592676650557116045e+04
-5.265526552655268233e+01,1.599275624633500956e+04
-5.255525552555258173e+01,1.605915559777298040e+04
-5.245524552455248113e+01,1.612596794550312916e+04
-5.235523552355238053e+01,1.619319671007519901e+04
-5.225522552255227993e+01,1.626084534740250274e+04
-5.215521552155217933e+01,1.632891734920000272e+04
-5.205520552055207872e+01,1.639741624342872819e+04
-5.195519551955197812e+01,1.646634559474661000e+04
-5.185518551855187752e+01,1.653570900496582908e+04
-5.175517551755177692e+01,1.660551011351686975e+04
-5.165516551655167632e+01,1.667575259791922872e+04
-5.155515551555157572e+01,1.674644017425905986e+04
-5.145514551455147512e+01,1.681757659767378573e+04
-5.135513551355137452e+01,1.688916566284373039e+04
-5.125512551255127391e+01,1.696121120449107912e+04
-5.115511551155117331e+01,1.703371709788608132e+04
-5.105510551055107271e+01,1.710668725936072588e+04
-5.095509550955097211e+01,1.718012564683001619e+04
-5.085508550855087151e+01,1.725403626032092507e+04
-5.075507550755077091e+01,1.732842314250923664e+04
-5.065506550655067031e+01,1.740329037926426827e+04
-5.055505550555056971e+01,1.747864210020179962e+04
-5.045504550455046910e+01,1.755448247924518000e+04
-5.035503550355036850e+01,1.763081573519479934e+04
-5.025502550255026790e+01,1.770764613230617761e+04
-5.015501550155016730e+01,1.778497798087659976e+04
-5.005500550055006670e+01,1.786281563784068931e+04
-4.995499549954996610e+01,1.794116350737485845e+04
-4.985498549854986550e+01,1.802002604151091873e+04
-4.975497549754976490e+01,1.809940774075900845e+04
-4.965496549654966429e+01,1.817931315473988434e+04
-4.955495549554956369e+01,1.825974688282687566e+04
-4.945494549454946309e+01,1.834071357479761355e+04
-4.935493549354936249e+01,1.842221793149563018e+04
-4.925492549254926189e+01,1.850426470550218073e+04
-4.915491549154916129e+01,1.858685870181822247e+04
-4.905490549054906069e+01,1.867000477855701683e+04
-4.895489548954896009e+01,1.875370784764724158e+04
-4.885488548854885948e+01,1.883797287554700961e+04
-4.875487548754875888e+01,1.892280488396895089e+04
-4.865486548654865828e+01,1.900820895061643387e+04
-4.855485548554855768e+01,1.909419020993127560e+04
-4.845484548454845708e+01,1.918075385385305344e+04
-4.835483548354835648e+01,1.926790513259022919e+04
-4.825482548254825588e+01,1.935564935540338047e+04
-4.815481548154815528e+01,1.944399189140057206e+04
-4.805480548054805467e+01,1.953293817034532549e+04
-4.795479547954795407e+01,1.962249368347721975e+04
-4.785478547854785347e+01,1.971266398434539224e+04
-4.775477547754775287e+01,1.980345468965526743e+04
-4.765476547654765227e+01,1.989487148012860416e+04
-4.755475547554755167e+01,1.998692010137725447e+04
-4.745474547454750791e+01,2.007960636479067762e+04
-4.735473547354740731e+01,2.017293614843789328e+04
-4.725472547254730671e+01,2.026691539798329541e+04
-4.715471547154720611e+01,2.036155012761759281e+04
-4.705470547054710551e+01,2.045684642100353085e+04
-4.695469546954700490e+01,2.055281043223665984e+04
-4.685468546854690430e+01,2.064944838682178306e+04
-4.675467546754680370e+01,2.074676658266500453e+04
-4.665466546654670310e+01,2.084477139108186020e+04
-4.655465546554660250e+01,2.094346925782186008e+04
-4.645464546454650190e+01,2.104286670410953957e+04
-4.635463546354640130e+01,2.114297032770256192e+04
-4.625462546254630070e+01,2.124378680396706113e+04
-4.615461546154620009e+01,2.134532288697051990e+04
-4.605460546054609949e+01,2.144758541059263371e+04
-4.595459545954599889e+01,2.155058128965432843e+04
-4.585458545854589829e+01,2.165431752106548083e+04
-4.575457545754579769e+01,2.175880118499147648e+04
-4.565456545654569709e+01,2.186403944603906712e+04
-4.555455545554559649e+01,2.197003955446198233e+04
-4.545454545454549589e+01,2.207680884738641544e+04
-4.535453545354539528e+01,2.218435475005706030e+04
-4.525452545254529468e+01,2.229268477710385559e+04
-4.515451545154519408e+01,2.240180653382989476e+04
-4.505450545054509348e+01,2.251172771752105109e+04
-4.495449544954499288e+01,2.262245611877747433e+04
-4.485448544854489228e+01,2.273399962286757727e+04
-4.475447544754479168e+01,2.284636621110487249e+04
-4.465446544654469108e+01,2.295956396224808850e+04
-4.455445544554459048e+01,2.307360105392508194e+04
-4.445444544454448987e+01,2.318848576408085137e+04
-4.435443544354438927e+01,2.330422647245034750e+04
-4.425442544254428867e+01,2.342083166205635644e+04
-4.415441544154418807e+01,2.353830992073300149e+04
-4.405440544054408747e+01,2.365666994267550763e+04
-4.395439543954398687e+01,2.377592053001644672e+04
-4.385438543854388627e+01,2.389607059442932223e+04
-4.375437543754378567e+01,2.401712915875974431e+04
-4.365436543654368506e+01,2.413910535868488660e+04
-4.355435543554358446e+01,2.426200844440183573e+04
-4.345434543454348386e+01,2.438584778234515034e+04
-4.335433543354338326e+01,2.451063285693458238e+04
-4.325432543254328266e+01,2.463637327235319026e+04
-4.315431543154318206e+01,2.476307875435669848e+04
-4.305430543054308146e+01,2.489075915211466781e+04
-4.295429542954298086e+01,2.501942444008400344e+04
-4.285428542854288025e+01,2.514908471991562328e+04
-4.275427542754277965e+01,2.527975022239482860e+04
-4.265426542654267905e+01,2.541143130941606796e+04
-4.255425542554257845e+01,2.554413847599288056e+04
-4.245424542454247785e+01,2.567788235230360806e+04
-4.235423542354237725e+01,2.581267370577370457e+04
-4.225422542254227665e+01,2.594852344319528493e+04
-4.215421542154217605e+01,2.608544261288476628e+04
-4.205420542054207544e+01,2.622344240687939964e+04
-4.195419541954197484e+01,2.636253416317327719e+04
-4.185418541854187424e+01,2.650272936799398667e+04
-4.175417541754177364e+01,2.664403965812037495e+04
-4.165416541654167304e+01,2.678647682324250127e+04
-4.155415541554157244e+01,2.693005280836465317e+04
-4.145414541454147184e+01,2.707477971625210557e+04
-4.135413541354137124e+01,2.722066980992288518e+04
-4.125412541254127063e+01,2.736773551518510430e+04
-4.115411541154117003e+01,2.751598942322103176e+04
-4.105410541054106943e+01,2.766544429321894859e+04
-4.095409540954096883e+01,2.781611305505346536e+04
-4.085408540854086823e+01,2.796800881201578159e+04
-4.075407540754076763e+01,2.812114484359452035e+04
-4.065406540654066703e+01,2.827553460830838230e+04
-4.055405540554056643e+01,2.843119174659188502e+04
-4.045404540454046582e+01,2.858813008373493358e+04
-4.035403540354036522e+01,2.874636363287775748e+04
-4.025402540254026462e+01,2.890590659806209442e+04
-4.015401540154016402e+01,2.906677337734009052e+04
-4.005400540054006342e+01,2.922897856594188852e+04
-3.995399539953996282e+01,2.939253695950335896e+04
-3.985398539853986222e+01,2.955746355735527322e+04
-3.975397539753976162e+01,2.972377356587502800e+04
-3.965396539653966101e+01,2.989148240190263095e+04
-3.955395539553956041e+01,3.006060569622202092e+04
-3.945394539453945981e+01,3.023115929710927594e+04
-3.935393539353935921e+01,3.040315927394927348e+04
-3.925392539253925861e+01,3.057662192092207260e+04
-3.915391539153915801e+01,3.075156376076080051e+04
-3.905390539053905741e+01,3.092800154858237875e+04
-3.895389538953895681e+01,3.110595227579290440e+04
-3.885388538853885620e+01,3.128543317406920687e+04
-3.875387538753875560e+01,3.146646171941828288e+04
-3.865386538653865500e+01,3.164905563631647965e+04
-3.855385538553855440e+01,3.183323290192995046e+04
-3.845384538453845380e+01,3.201901175041840906e+04
-3.835383538353835320e+01,3.220641067732407828e+04
-3.825382538253825260e+01,3.239544844404745163e+04
-3.815381538153815200e+01,3.258614408241227648e+04
-3.805380538053805139e+01,3.277851689932130830e+04
-3.795379537953800764e+01,3.297258648150508088e+04
-3.785378537853790704e+01,3.316837270036651171e+04
-3.775377537753780643e+01,3.336589571692148456e+04
-3.765376537653770583e+01,3.356517598684034601e+04
-3.755375537553760523e+01,3.376623426559047948e+04
-3.745374537453750463e+01,3.396909161368325294e+04
-3.735373537353740403e+01,3.417376940202757396e+04
-3.725372537253730343e+01,3.438028931739229301e+04
-3.715371537153720283e+01,3.458867336798039469e+04
-3.705370537053710223e+01,3.479894388911715942e+04
-3.695369536953700162e+01,3.501112354905506800e+04
-3.685368536853690102e+01,3.522523535489845381e+04
-3.675367536753680042e+01,3.544130265865014371e+04
-3.665366536653669982e+01,3.565934916338359471e+04
-3.655365536553659922e+01,3.587939892954287643e+04
-3.645364536453649862e+01,3.610147638137394824e+04
-3.635363536353639802e+01,3.632560631349014875e+04
-3.625362536253629742e+01,3.655181389757502620e+04
-3.615361536153619681e+01,3.678012468922595872e+04
-3.605360536053609621e+01,3.701056463494176569e+04
-3.595359535953599561e+01,3.724316007925766462e+04
-3.585358535853589501e+01,3.747793777203156787e+04
-3.575357535753579441e+01,3.771492487588460790e+04
-3.565356535653569381e+01,3.795414897380032198e+04
-3.555355535553559321e+01,3.819563807688593806e+04
-3.545354535453549261e+01,3.843942063229967607e+04
-3.535353535353539201e+01,3.868552553134837217e+04
-3.525352535253529140e+01,3.893398211775922391e+04
-3.515351535153519080e+01,3.918482019613022567e+04
-3.505350535053509020e+01,3.943807004056344886e+04
-3.495349534953498960e+01,3.969376240348567080e+04
-3.485348534853488900e+01,3.995192852466123441e+04
-3.475347534753478840e+01,4.021260014040140959e+04
-3.465346534653468780e+01,4.047580949297563347e+04
-3.455345534553458720e+01,4.074158934022925678e+04
-3.445344534453448659e+01,4.100997296541305695e+04
-3.435343534353438599e+01,4.128099418723000417e+04
-3.425342534253428539e+01,4.155468737010427139e+04
-3.415341534153418479e+01,4.183108743467865133e+04
-3.405340534053408419e+01,4.211022986854551709e+04
-3.395339533953398359e+01,4.239215073721778026e+04
-3.385338533853388299e+01,4.267688669534549990e+04
-3.375337533753378239e+01,4.296447499818458891e+04
-3.365336533653368178e+01,4.325495351332406426e+04
-3.355335533553358118e+01,4.354836073267822212e+04
-3.345334533453348058e+01,4.384473578475089744e+04
-3.335333533353337998e+01,4.414411844717835629e+04
-3.325332533253327938e+01,4.444654915955827164e+04
-3.315331533153317878e+01,4.475206903657225484e+04
-3.305330533053307818e+01,4.506071988140911708e+04
-3.295329532953297758e+01,4.537254419949724979e+04
-3.285328532853287697e+01,4.568758521255372034e+04
-3.275327532753277637e+01,4.600588687295843556e+04
-3.265326532653267577e+01,4.632749387846226455e+04
-3.255325532553257517e+01,4.665245168723721144e+04
-3.245324532453247457e+01,4.698080653327840264e+04
-3.235323532353237397e+01,4.731260544216658309e+04
-3.225322532253227337e+01,4.764789624720092252e+04
-3.215321532153217277e+01,4.798672760591217957e+04
-3.205320532053207216e+01,4.832914901696579182e+04
-3.195319531953197156e+01,4.867521083746603836e+04
-3.185318531853187096e+01,4.902496430067138863e+04
-3.175317531753177036e+01,4.937846153413240972e+04
-3.165316531653166976e+01,4.973575557826372824e+04
-3.155315531553156916e+01,5.009690040536136803e+04
-3.145314531453146856e+01,5.046195093907805131e+04
-3.135313531353136796e+01,5.083096307436857751e+04
-3.125312531253126735e+01,5.120399369791802019e+04
-3.115311531153116675e+01,5.158110070906661713e+04
-3.105310531053106615e+01,5.196234304124379560e+04
-3.095309530953096555e+01,5.234778068392670684e+04
-3.085308530853086495e+01,5.273747470513670851e+04
-3.075307530753076435e+01,5.313148727448903082e+04
-3.065306530653066375e+01,5.352988168681131356e+04
-3.055305530553056315e+01,5.393272238634621317e+04
-3.045304530453046254e+01,5.434007499155496043e+04
-3.035303530353036194e+01,5.475200632053837762e+04
-3.025302530253026134e+01,5.516858441709266481e+04
-3.015301530153016074e+01,5.558987857741834159e+04
-3.005300530053006014e+01,5.601595937749983568e+04
-2.995299529952995954e+01,5.644689870117597457e+04
-2.985298529852985894e+01,5.688276976891982486e+04
-2.975297529752975834e+01,5.732364716734879039e+04
-2.965296529652965773e+01,5.776960687948589475e+04
-2.955295529552955713e+01,5.822072631579313747e+04
-2.945294529452945653e+01,5.867708434600011242e+04
-2.935293529352935593e+01,5.913876133174975257e+04
-2.925292529252925533e+01,5.960583916008580854e+04
-2.915291529152915473e+01,6.007840127780572220e+04
-2.905290529052905413e+01,6.055653272670457227e+04
-2.895289528952895353e+01,6.104032017973600887e+04
-2.885288528852885293e+01,6.152985197811669059e+04
-2.875287528752875232e+01,6.202521816940242570e+04
-2.865286528652865172e+01,6.252651054656432098e+04
-2.855285528552855112e+01,6.303382268809439120e+04
-2.845284528452845052e+01,6.354724999917158129e+04
-2.835283528352840676e+01,6.406688975391873100e+04
-2.825282528252830616e+01,6.459284113878542121e+04
-2.815281528152820556e+01,6.512520529708552203e+04
-2.805280528052810496e+01,6.566408537473002798e+04
-2.795279527952800436e+01,6.620958656718679413e+04
-2.785278527852790376e+01,6.676181616770572145e+04
-2.775277527752780315e+01,6.732088361684772826e+04
-2.765276527652770255e+01,6.788690055335656507e+04
-2.755275527552760195e+01,6.845998086641480040e+04
-2.745274527452750135e+01,6.904024074932579242e+04
-2.735273527352740075e+01,6.962779875466537487e+04
-2.725272527252730015e+01,7.022277585094886308e+04
-2.715271527152719955e+01,7.082529548085895658e+04
-2.705270527052709895e+01,7.143548362108378205e+04
-2.695269526952699835e+01,7.205346884381432028e+04
-2.685268526852689774e+01,7.267938237995273084e+04
-2.675267526752679714e+01,7.331335818408502382e+04
-2.665266526652669654e+01,7.395553300127331750e+04
-2.655265526552659594e+01,7.460604643572412897e+04
-2.645264526452649534e+01,7.526504102139180759e+04
-2.635263526352639474e+01,7.593266229457870941e+04
-2.625262526252629414e+01,7.660905886859385646e+04
-2.615261526152619354e+01,7.729438251053653948e+04
-2.605260526052609293e+01,7.798878822027159913e+04
-2.595259525952599233e+01,7.869243431166611845e+04
-2.585258525852589173e+01,7.940548249616063549e+04
-2.575257525752579113e+01,8.012809796874820313e+04
-2.565256525652569053e+01,8.086044949644009466e+04
-2.555255525552558993e+01,8.160270950929712853e+04
-2.545254525452548933e+01,8.235505419410986360e+04
-2.535253525352538873e+01,8.311766359081343398e+04
-2.525252525252528812e+01,8.389072169172605209e+04
-2.515251525152518752e+01,8.467441654370215838e+04
-2.505250525052508692e+01,8.546894035329665348e+04
-2.495249524952498632e+01,8.627448959503760852e+04
-2.485248524852488572e+01,8.709126512290985556e+04
-2.475247524752478512e+01,8.791947228515558527e+04
-2.465246524652468452e+01,8.875932104250002885e+04
-2.455245524552458392e+01,8.961102608991722809e+04
-2.445244524452448331e+01,9.047480698205145018e+04
-2.435243524352438271e+01,9.135088826241696370e+04
-2.425242524252428211e+01,9.223949959650139499e+04
-2.415241524152418151e+01,9.314087590890354477e+04
-2.405240524052408091e+01,9.405525752463973186e+04
-2.395239523952398031e+01,9.498289031475996308e+04
-2.385238523852387971e+01,9.592402584641735302e+04
-2.375237523752377911e+01,9.687892153754175524e+04
-2.365236523652367850e+01,9.784784081627335399e+04
-2.355235523552357790e+01,9.883105328531628766e+04
-2.345234523452347730e+01,9.982883489138072764e+04
-2.335233523352337670e+01,1.008414680998850381e+05
-2.325232523252327610e+01,1.018692420750978927e+05
-2.315231523152317550e+01,1.029124528659065982e+05
-2.305230523052307490e+01,1.039714035974028811e+05
-2.295229522952297430e+01,1.050464046684867790e+05
-2.285228522852287369e+01,1.061377739556940360e+05
-2.275227522752277309e+01,1.072458370234628383e+05
-2.265226522652267249e+01,1.083709273410597234e+05
-2.255225522552257189e+01,1.095133865063964913e+05
-2.245224522452247129e+01,1.106735644769752253e+05
-2.235223522352237069e+01,1.118518198082080926e+05
-2.225222522252227009e+01,1.130485198993694648e+05
-2.215221522152216949e+01,1.142640412474426412e+05
-2.205220522052206888e+01,1.154987697091387381e+05
-2.195219521952196828e+01,1.167531007713697763e+05
-2.185218521852186768e+01,1.180274398304719216e+05
-2.175217521752176708e+01,1.193222024804844841e+05
-2.165216521652166648e+01,1.206378148107999295e+05
-2.155215521552156588e+01,1.219747137135129742e+05
-2.145214521452146528e+01,1.233333472008084354e+05
-2.135213521352136468e+01,1.247141747327385237e+05
-2.125212521252126407e+01,1.261176675557531853e+05
-2.115211521152116347e+01,1.275443090523614374e+05
-2.105210521052106287e+01,1.289945951023114612e+05
-2.095209520952096227e+01,1.304690344556954951e+05
-2.085208520852086167e+01,1.319681491183947364e+05
-2.075207520752076107e+01,1.334924747502976388e+05
-2.065206520652066047e+01,1.350425610767389007e+05
-2.055205520552055987e+01,1.366189723136205866e+05
-2.045204520452045927e+01,1.382222876066933968e+05
-2.035203520352035866e+01,1.398531014854928071e+05
-2.025202520252025806e+01,1.415120243324412440e+05
-2.015201520152015746e+01,1.431996828676418518e+05
-2.005200520052005686e+01,1.449167206499117892e+05
-1.995199519951995626e+01,1.466637985946147819e+05
-1.985198519851985566e+01,1.484415955088765186e+05
-1.975197519751975506e+01,1.502508086447793175e+05
-1.965196519651965446e+01,1.520921542711557704e+05
-1.955195519551955385e+01,1.539663682646177185e+05
-1.945194519451945325e+01,1.558742067204762716e+05
-1.935193519351935265e+01,1.578164465842285135e+05
-1.925192519251925205e+01,1.597938863043061865e+05
-1.915191519151915145e+01,1.618073465068003570e+05
-1.905190519051905085e+01,1.638576706928974018e+05
-1.895189518951895025e+01,1.659457259597794036e+05
-1.885188518851890649e+01,1.680724037457621307e+05
-1.875187518751880589e+01,1.702386206004694686e+05
-1.865186518651870529e+01,1.724453189808389288e+05
-1.855185518551860469e+01,1.746934680738121970e+05
-1.845184518451850408e+01,1.769840646465398604e+05
-1.835183518351840348e+01,1.793181339249733428e+05
-1.825182518251830288e+01,1.816967305017231556e+05
-1.815181518151820228e+01,1.841209392740799231e+05
-1.805180518051810168e+01,1.865918764131063072e+05
-1.795179517951800108e+01,1.891106903647224826e+05
-1.785178517851790048e+01,1.916785628837152908e+05
-1.775177517751779988e+01,1.942967101016091765e+05
-1.765176517651769927e+01,1.969663836293432396e+05
-1.755175517551759867e+01,1.996888716956998396e+05
-1.745174517451749807e+01,2.024655003224273096e+05
-1.735173517351739747e+01,2.052976345369973569e+05
-1.725172517251729687e+01,2.081866796239231189e+05
-1.715171517151719627e+01,2.111340824155519076e+05
-1.705170517051709567e+01,2.141413326232253748e+05
-1.695169516951699507e+01,2.172099642096699681e+05
-1.685168516851689446e+01,2.203415568034488242e+05
-1.675167516751679386e+01,2.235377371562593034e+05
-1.665166516651669326e+01,2.268001806438109197e+05
-1.655165516551659266e+01,2.301306128109537822e+05
-1.645164516451649206e+01,2.335308109616519068e+05
-1.635163516351639146e+01,2.370026057943094347e+05
-1.625162516251629086e+01,2.405478830828544742e+05
-1.615161516151619026e+01,2.441685854038646212e+05
-1.605160516051608965e+01,2.478667139098849439e+05
-1.595159515951598905e+01,2.516443301489272271e+05
-1.585158515851588845e+01,2.555035579299626697e+05
-1.575157515751578785e+01,2.594465852340149286e+05
-1.565156515651568725e+01,2.634756661702253041e+05
-1.555155515551558665e+01,2.675931229760041460e+05
-1.545154515451548605e+01,2.718013480600785115e+05
-1.535153515351538545e+01,2.761028060869190376e+05
-1.525152515251528484e+01,2.805000361006478197e+05
-1.515151515151518424e+01,2.849956536861066124e+05
-1.505150515051508364e+01,2.895923531642995076e+05
-1.495149514951498304e+01,2.942929098188865464e+05
-1.485148514851488244e+01,2.991001821498233476e+05
-1.475147514751478184e+01,3.040171141495794291e+05
-1.465146514651468124e+01,3.090467375966401887e+05
-1.455145514551458064e+01,3.141921743601823691e+05
-1.445144514451448003e+01,3.194566387089121272e+05
-1.435143514351437943e+01,3.248434396160517354e+05
-1.425142514251427883e+01,3.303559830513552297e+05
-1.415141514151417823e+01,3.359977742498025764e+05
-1.405140514051407763e+01,3.417724199452722096e+05
-1.395139513951397703e+01,3.476836305559885222e+05
-1.385138513851387643e+01,3.537352223068961757e+05
-1.375137513751377583e+01,3.599311192722910782e+05
-1.365136513651367522e+01,3.662753553200398455e+05
-1.355135513551357462e+01,3.727720759365206468e+05
-1.345134513451347402e+01,3.794255399089994607e+05
-1.335133513351337342e+01,3.862401208395182039e+05
-1.325132513251327282e+01,3.932203084614581894e+05
-1.315131513151317222e+01,4.003707097267834470e+05
-1.305130513051307162e+01,4.076960496284930268e+05
-1.295129512951297102e+01,4.152011717190328636e+05
-1.285128512851287041e+01,4.228910382813026081e+05
-1.275127512751276981e+01,4.307707301044052583e+05
-1.265126512651266921e+01,4.388454458114245208e+05
-1.255125512551256861e+01,4.471205006812410429e+05
-1.245124512451246801e+01,4.556013249006847036e+05
-1.235123512351236741e+01,4.642934611771609634e+05
-1.225122512251226681e+01,4.732025616352465004e+05
-1.215121512151216621e+01,4.823343839136036113e+05
-1.205120512051206560e+01,4.916947863709204830e+05
-1.195119511951196500e+01,5.012897223013897310e+05
-1.185118511851186440e+01,5.111252330515319481e+05
-1.175117511751176380e+01,5.212074399209067342e+05
-1.165116511651166320e+01,5.315425347194680944e+05
-1.155115511551156260e+01,5.421367688440221827e+05
-1.145114511451146200e+01,5.529964407254480757e+05
-1.135113511351136140e+01,5.641278814871116774e+05
-1.125112511251126080e+01,5.755374386432861211e+05
-1.115111511151116019e+01,5.872314576544711599e+05
-1.105110511051105959e+01,5.992162611444008071e+05
-1.095109510951095899e+01,6.114981255713617429e+05
-1.085108510851085839e+01,6.240832551344081294e+05
-1.075107510751075779e+01,6.369777526833446464e+05
-1.065106510651065719e+01,6.501875873902339954e+05
-1.055105510551055659e+01,6.637185589299800340e+05
-1.045104510451045599e+01,6.775762579085894395e+05
-1.035103510351035538e+01,6.917660222705142805e+05
-1.025102510251025478e+01,7.062928894114778377e+05
-1.015101510151015418e+01,7.211615437210333766e+05
-1.005100510051005358e+01,7.363762592804564629e+05
-9.950995099509952979e+00,7.519408374472241849e+05
-9.850985098509852378e+00,7.678585390681541758e+05
-9.750975097509751777e+00,7.841320110802859999e+05
-9.650965096509651175e+00,8.007632072828341043e+05
-9.550955095509550574e+00,8.177533030962885823e+05
-9.450945094509449973e+00,8.351026041672374122e+05
-9.350935093509406215e+00,8.528104487311466364e+05
-9.250925092509305614e+00,8.708751037117089145e+05
-9.150915091509205013e+00,8.892936546156059485e+05
-9.050905090509104411e+00,9.080618893779665232e+05
-8.950895089509003810e+00,9.271741764267169638e+05
-8.850885088508903209e+00,9.466233373659627978e+05
-8.750875087508802608e+00,9.664005148299745051e+05
-8.650865086508702007e+00,9.864950362315031234e+05
-8.550855085508601405e+00,1.006894274321511388e+06
-8.450845084508500804e+00,1.027583505692078150e+06
-8.350835083508400203e+00,1.048545768589543295e+06
-8.250825082508299602e+00,1.069761721659586066e+06
-8.150815081508199000e+00,1.091209505517440150e+06
-8.050805080508098399e+00,1.112864609321290860e+06
-7.950795079507997798e+00,1.134699744820243446e+06
-7.850785078507897197e+00,1.156684730643667048e+06
-7.750775077507796595e+00,1.178786389888204169e+06
-7.650765076507695994e+00,1.200968464332574047e+06
-7.550755075507595393e+00,1.223191548856909387e+06
-7.450745074507494792e+00,1.245413049849558622e+06
-7.350735073507394191e+00,1.267587171535236528e+06
-7.250725072507293589e+00,1.289664934237993089e+06
-7.150715071507192988e+00,1.311594228583816206e+06
-7.050705070507092387e+00,1.333319909533464117e+06
-6.950695069506991786e+00,1.354783933899783529e+06
-6.850685068506891184e+00,1.375925544629931916e+06
-6.750675067506790583e+00,1.396681504608988296e+06
-6.650665066506689982e+00,1.416986382058406714e+06
-6.550655065506589381e+00,1.436772888756812550e+06
-6.450645064506488779e+00,1.455972271304114722e+06
-6.350635063506388178e+00,1.474514754492822569e+06
-6.250625062506287577e+00,1.492330034561079228e+06
-6.150615061506186976e+00,1.509347818707774160e+06
-6.050605060506086375e+00,1.525498405787753873e+06
-5.950595059505985773e+00,1.540713301620169776e+06
-5.850585058505885172e+00,1.554925860888591502e+06
-5.750575057505784571e+00,1.568071946246959735e+06
-5.650565056505683970e+00,1.580090594033565838e+06
-5.550555055505583368e+00,1.590924674999363953e+06
-5.450545054505482767e+00,1.600521537737234030e+06
-5.350535053505382166e+00,1.608833622108728392e+06
-5.250525052505281565e+00,1.615819029946911382e+06
-5.150515051505180963e+00,1.621442040696516633e+06
-5.050505050505080362e+00,1.625673560446962249e+06
-4.950495049504979761e+00,1.628491494011737639e+06
-4.850485048504879160e+00,1.629881031281238655e+06
-4.750475047504778559e+00,1.629834840977675747e+06
-4.650465046504677957e+00,1.628353167104819324e+06
-4.550455045504577356e+00,1.625443825732186437e+06
-4.450445044504476755e+00,1.621122102192557883e+06
-4.350435043504376154e+00,1.615410551207880257e+06
-4.250425042504275552e+00,1.608338704796337523e+06
-4.150415041504174951e+00,1.599942694962911773e+06
-4.050405040504074350e+00,1.590264800057986751e+06
-3.950395039503973749e+00,1.579352925239204895e+06
-3.850385038503873147e+00,1.567260028644440928e+06
-3.750375037503772546e+00,1.554043505651621381e+06
-3.650365036503671945e+00,1.539764543957460672e+06
-3.550355035503571344e+00,1.524487462164307479e+06
-3.450345034503470742e+00,1.508279044151602080e+06
-3.350335033503370141e+00,1.491207880769308424e+06
-3.250325032503269540e+00,1.473343729379044147e+06
-3.150315031503168939e+00,1.454756900545013137e+06
-3.050305030503068338e+00,1.435517679804655956e+06
-2.950295029502967736e+00,1.415695790990819689e+06
-2.850285028502867135e+00,1.395359906092196703e+06
-2.750275027502766534e+00,1.374577205179553945e+06
-2.650265026502665933e+00,1.353412988536838908e+06
-2.550255025502565331e+00,1.331930341854679398e+06
-2.450245024502464730e+00,1.310189854195892811e+06
-2.350235023502364129e+00,1.288249387446241220e+06
-2.250225022502263528e+00,1.266163895128166303e+06
-2.150215021502162926e+00,1.243985287782625528e+06
-2.050205020502062325e+00,1.221762341610172996e+06
-1.950195019501961724e+00,1.199540646697861841e+06
-1.850185018501861123e+00,1.177362590930514270e+06
-1.750175017501760522e+00,1.155267375578007661e+06
-1.650165016501659920e+00,1.133291058547743829e+06
-1.550155015501559319e+00,1.111466621376158437e+06
-1.450145014501458718e+00,1.089824056188101880e+06
-1.350135013501358117e+00,1.068390469062129734e+06
-1.250125012501257515e+00,1.047190196488509537e+06
-1.150115011501156914e+00,1.026244931881897268e+06
-1.050105010501056313e+00,1.005573859400787973e+06
-9.500950095009557117e-01,9.851937926213598112e+05
-8.500850085008551105e-01,9.651193159062814666e+05
-7.500750075007545092e-01,9.453629265931895934e+05
-6.500650065006539080e-01,9.259351763980544638e+05
-5.500550055005533068e-01,9.068448106820855755e+05
-4.500450045004527055e-01,8.880989044648649869e+05
-3.500350035003521043e-01,8.697029942796903197e+05
-2.500250025002515031e-01,8.516612051591018680e+05
-1.500150015001509018e-01,8.339763722093754914e+05
-5.000500050005030062e-02,8.166501563829362858e+05
5.000500050005030062e-02,7.996831541881910525e+05
1.500150015000940584e-01,7.830750011883681873e+05
2.500250025001946597e-01,7.668244692359515466e+05
3.500350035002952609e-01,7.509295574689637870e+05
4.500450045003958621e-01,7.353875771604833426e+05
5.500550055004964634e-01,7.201952305660123238e+05
6.500650065005970646e-01,7.053486839549520519e+05
7.500750075006976658e-01,6.908436350446607685e+05
8.500850085007982671e-01,6.766753750793166691e+05
9.500950095008988683e-01,6.628388458123788005e+05
1.050105010500999470e+00,6.493286916619050317e+05
1.150115011501100071e+00,6.361393073133311700e+05
1.250125012501200672e+00,6.232648810454237973e+05
1.350135013501301273e+00,6.106994340527569875e+05
1.450145014501401874e+00,5.984368560329150641e+05
1.550155015501502476e+00,5.864709372992818244e+05
1.650165016501603077e+00,5.747953976712509757e+05
1.750175017501703678e+00,5.634039123834050260e+05
1.850185018501804279e+00,5.522901352440542541e+05
1.950195019501904881e+00,5.414477192617860856e+05
2.050205020502005482e+00,5.308703349466146901e+05
2.150215021502106083e+00,5.205516864801710472e+05
2.250225022502206684e+00,5.104855259372557630e+05
2.350235023502307286e+00,5.006656657291937154e+05
2.450245024502407887e+00,4.910859894278199063e+05
2.550255025502508488e+00,4.817404611177320476e+05
2.650265026502609089e+00,4.726231334136715159e+05
2.750275027502709690e+00,4.637281542696334072e+05
2.850285028502810292e+00,4.550497726965488982e+05
2.950295029502910893e+00,4.465823434961601160e+05
3.050305030503011494e+00,4.383203311100296560e+05
3.150315031503112095e+00,4.302583126744720503e+05
3.250325032503212697e+00,4.223909803645840148e+05
3.350335033503313298e+00,4.147131431034312700e+05
3.450345034503413899e+00,4.072197277058521286e+05
3.550355035503514500e+00,3.999057795201914851e+05
3.650365036503615102e+00,3.927664626256070333e+05
3.750375037503715703e+00,3.857970596373394364e+05
3.850385038503816304e+00,3.789929711674913997e+05
3.950395039503916905e+00,3.723497149844138185e+05
4.050405040504017506e+00,3.658629249096920248e+05
4.150415041504118108e+00,3.595283494879657519e+05
4.250425042504218709e+00,3.533418504613757832e+05
4.350435043504319310e+00,3.472994010772699839e+05
4.450445044504419911e+00,3.413970842549211811e+05
4.550455045504520513e+00,3.356310906343770330e+05
4.650465046504621114e+00,3.299977165281630587e+05
4.750475047504721715e+00,3.244933617943717400e+05
4.850485048504822316e+00,3.191145276476865984e+05
4.950495049504922918e+00,3.138578144230780308e+05
5.050505050505023519e+00,3.087199193052718765e+05
5.150515051505124120e+00,3.036976340356030851e+05
5.250525052505224721e+00,2.987878426065194071e+05
5.350535053505325322e+00,2.939875189527807524e+05
5.450545054505425924e+00,2.892937246473018313e+05
5.550555055505526525e+00,2.847036066085863276e+05
5.650565056505627126e+00,2.802143948258089949e+05
5.750575057505727727e+00,2.758234001067919889e+05
5.850585058505828329e+00,2.715280118533957866e+05
5.950595059505928930e+00,2.673256958681939868e+05
6.050605060506029531e+00,2.632139921957144397e+05
6.150615061506130132e+00,2.591905130010044959e+05
6.250625062506230734e+00,2.552529404878131754e+05
6.350635063506331335e+00,2.513990248582582572e+05
6.450645064506431936e+00,2.476265823154774262e+05
6.550655065506532537e+00,2.439334931104302523e+05
6.650665066506633138e+00,2.403176996337213495e+05
6.750675067506733740e+00,2.367772045530549367e+05
6.850685068506834341e+00,2.333100689967007493e+05
6.950695069506934942e+00,2.299144107831481379e+05
7.050705070507035543e+00,2.265884026969460538e+05
7.150715071507136145e+00,2.233302708105712081e+05
7.250725072507236746e+00,2.201382928520314454e+05
7.350735073507337347e+00,2.170107966177912313e+05
7.450745074507437948e+00,2.139461584305074648e+05
7.550755075507538550e+00,2.109428016409746779e+05
7.650765076507639151e+00,2.079991951736036572e+05
7.750775077507739752e+00,2.051138521146990533e+05
7.850785078507840353e+00,2.022853283427447022e+05
7.950795079507940954e+00,1.995122211998650746e+05
8.050805080508041556e+00,1.967931682035977137e+05
8.150815081508142157e+00,1.941268457980817475e+05
8.250825082508242758e+00,1.915119681437485269e+05
8.350835083508343359e+00,1.889472859445860959e+05
8.450845084508443961e+00,1.864315853120377287e+05
8.550855085508544562e+00,1.839636866645911359e+05
8.650865086508645163e+00,1.815424436621126952e+05
8.750875087508745764e+00,1.791667421739833371e+05
8.850885088508846366e+00,1.768354992800982436e+05
8.950895089508946967e+00,1.745476623037997633e+05
9.050905090509047568e+00,1.723022078758228745e+05
9.150915091509148169e+00,1.700981410283454752e+05
9.250925092509248771e+00,1.679344943182477436e+05
9.350935093509349372e+00,1.658103269787013996e+05
9.450945094509449973e+00,1.637247240982242511e+05
9.550955095509550574e+00,1.616767958263535984e+05
9.650965096509651175e+00,1.596656766051102604e+05
9.750975097509694933e+00,1.576905244254423887e+05
9.850985098509795534e+00,1.557505201078523241e+05
9.950995099509896136e+00,1.538448666064500867e+05
1.005100510050999674e+01,1.519727883356589300e+05
1.015101510151009734e+01,1.501335305188558414e+05
1.025102510251019794e+01,1.483263585582280648e+05
1.035103510351029854e+01,1.465505574251518992e+05
1.045104510451039914e+01,1.448054310704202508e+05
1.055105510551049974e+01,1.430903018536634336e+05
1.065106510651060034e+01,1.414045099913286394e+05
1.075107510751070095e+01,1.397474130226005800e+05
1.085108510851080155e+01,1.381183852926653926e+05
1.095109510951090215e+01,1.365168174527392548e+05
1.105110511051100275e+01,1.349421159762986645e+05
1.115111511151110335e+01,1.333937026909694541e+05
1.125112511251120395e+01,1.318710143255484872e+05
1.135113511351130455e+01,1.303735020716465369e+05
1.145114511451140515e+01,1.289006311594615690e+05
1.155115511551150576e+01,1.274518804472037009e+05
1.165116511651160636e+01,1.260267420237110200e+05
1.175117511751170696e+01,1.246247208238108433e+05
1.185118511851180756e+01,1.232453342559945013e+05
1.195119511951190816e+01,1.218881118419888953e+05
1.205120512051200876e+01,1.205525948678235145e+05
1.215121512151210936e+01,1.192383360460016265e+05
1.225122512251220996e+01,1.179448991884020361e+05
1.235123512351231057e+01,1.166718588895476278e+05
1.245124512451241117e+01,1.154188002198891772e+05
1.255125512551251177e+01,1.141853184287679178e+05
1.265126512651261237e+01,1.129710186567283090e+05
1.275127512751271297e+01,1.117755156568661041e+05
1.285128512851281357e+01,1.105984335249076539e+05
1.295129512951291417e+01,1.094394054377252323e+05
1.305130513051301477e+01,1.082980734000052471e+05
1.315131513151311538e+01,1.071740879987956287e+05
1.325132513251321598e+01,1.060671081656671740e+05
1.335133513351331658e+01,1.049768009462342307e+05
1.345134513451341718e+01,1.039028412767880800e+05
1.355135513551351778e+01,1.028449117678057810e+05
1.365136513651361838e+01,1.018027024941041454e+05
1.375137513751371898e+01,1.007759107914189954e+05
1.385138513851381958e+01,9.976424105919392605e+04
1.395139513951392018e+01,9.876740456937471754e+04
1.405140514051402079e+01,9.778511928100853402e+04
1.415141514151412139e+01,9.681710966045693203e+04
1.425142514251422199e+01,9.586310650703711144e+04
1.435143514351432259e+01,9.492284678391243506e+04
1.445144514451442319e+01,9.399607345405974775e+04
1.455145514551452379e+01,9.308253532114680274e+04
1.465146514651462439e+01,9.218198687515937490e+04
1.475147514751472499e+01,9.129418814262216620e+04
1.485148514851482560e+01,9.041890454126462282e+04
1.495149514951492620e+01,8.955590673898621753e+04
1.505150515051502680e+01,8.870497051698237192e+04
1.515151515151512740e+01,8.786587663689590408e+04
1.525152515251522800e+01,8.703841071186374757e+04
1.535153515351532860e+01,8.622236308133430430e+04
1.545154515451542920e+01,8.541752868953268626e+04
1.555155515551552980e+01,8.462370696745881287e+04
1.565156515651563041e+01,8.384070171830285108e+04
1.575157515751573101e+01,8.306832100617190008e+04
1.585158515851583161e+01,8.230637704801942164e+04
1.595159515951593221e+01,8.155468610867818643e+04
1.605160516051603281e+01,8.081306839889676485e+04
1.615161516151613341e+01,8.008134797628560045e+04
1.625162516251623401e+01,7.935935264908084355e+04
1.635163516351633461e+01,7.864691388263649424e+04
1.645164516451643522e+01,7.794386670856084675e+04
1.655165516551653582e+01,7.725004963641296490e+04
1.665166516651663642e+01,7.656530456788049196e+04
1.675167516751673702e+01,7.588947671336134954e+04
1.685168516851683762e+01,7.522241451087388850e+04
1.695169516951693822e+01,7.456396954722494411e+04
1.705170517051703882e+01,7.391399648136500036e+04
1.715171517151713942e+01,7.327235296986332105e+04
1.725172517251724003e+01,7.263889959443852422e+04
1.735173517351734063e+01,7.201349979148127022e+04
1.745174517451744123e+01,7.139601978350794525e+04
1.755175517551754183e+01,7.078632851248768566e+04
1.765176517651764243e+01,7.018429757498433173e+04
1.775177517751774303e+01,6.958980115905980347e+04
1.785178517851784363e+01,6.900271598288501264e+04
1.795179517951794423e+01,6.842292123500665184e+04
1.805180518051804484e+01,6.785029851622116985e+04
1.815181518151814544e+01,6.728473178300657310e+04
1.825182518251824604e+01,6.672610729246656410e+04
1.835183518351834664e+01,6.617431354874145472e+04
1.845184518451844724e+01,6.562924125084269326e+04
1.855185518551854784e+01,6.509078324186820100e+04
1.865186518651864844e+01,6.455883445955874777e+04
1.875187518751874904e+01,6.403329188815515226e+04
1.885188518851884965e+01,6.351405451151817397e+04
1.895189518951895025e+01,6.300102326747482584e+04
1.905190519051905085e+01,6.249410100335421885e+04
1.915191519151915145e+01,6.199319243267951970e+04
1.925192519251925205e+01,6.149820409298157756e+04
1.935193519351935265e+01,6.100904430470208899e+04
1.945194519451945325e+01,6.052562313115514553e+04
1.955195519551955385e+01,6.004785233951608825e+04
1.965196519651965446e+01,5.957564536280892207e+04
1.975197519751975506e+01,5.910891726286308403e+04
1.985198519851985566e+01,5.864758469421261543e+04
1.995199519951995626e+01,5.819156586890991457e+04
2.005200520052005686e+01,5.774078052222952829e+04
2.015201520152015746e+01,5.729514987923536683e+04
2.025202520252025806e+01,5.685459662218814628e+04
2.035203520352035866e+01,5.641904485876887338e+04
2.045204520452045927e+01,5.598842009109536593e+04
2.055205520552055987e+01,5.556264918551030860e+04
2.065206520652066047e+01,5.514166034311852127e+04
2.075207520752076107e+01,5.472538307105320564e+04
2.085208520852086167e+01,5.431374815445077547e+04
2.095209520952096227e+01,5.390668762911468366e+04
2.105210521052106287e+01,5.350413475484916125e+04
2.115211521152116347e+01,5.310602398944478045e+04
2.125212521252126407e+01,5.271229096329749154e+04
2.135213521352136468e+01,5.232287245464439184e+04
2.145214521452146528e+01,5.193770636539905536e+04
2.155215521552156588e+01,5.155673169757006690e+04
2.165216521652166648e+01,5.117988853024742275e+04
2.175217521752176708e+01,5.080711799714093650e+04
2.185218521852186768e+01,5.043836226465606887e+04
2.195219521952196828e+01,5.007356451049284078e+04
2.205220522052206888e+01,4.971266890275343758e+04
2.215221522152216949e+01,4.935562057954535703e+04
2.225222522252227009e+01,4.900236562906663312e+04
2.235223522352237069e+01,4.865285107016051188e+04
2.245224522452247129e+01,4.830702483332680276e+04
2.255225522552257189e+01,4.796483574217850401e+04
2.265226522652267249e+01,4.762623349533119472e+04
2.275227522752277309e+01,4.729116864871438884e+04
2.285228522852287369e+01,4.695959259829379880e+04
2.295229522952297430e+01,4.663145756319323118e+04
2.305230523052307490e+01,4.630671656920651003e+04
2.315231523152317550e+01,4.598532343268854311e+04
2.325232523252327610e+01,4.566723274481637782e+04
2.335233523352337670e+01,4.535239985621014057e+04
2.345234523452347730e+01,4.504078086190506292e+04
2.355235523552357790e+01,4.473233258666511392e+04
2.365236523652367850e+01,4.442701257063005323e+04
2.375237523752377911e+01,4.412477905528677366e+04
2.385238523852387971e+01,4.382559096975722787e+04
2.395239523952398031e+01,4.352940791739463748e+04
2.405240524052396722e+01,4.323619016268038104e+04
2.415241524152406782e+01,4.294589861841234233e+04
2.425242524252416843e+01,4.265849483318214334e+04
2.435243524352426903e+01,4.237394097912721190e+04
2.445244524452436963e+01,4.209219983995619259e+04
2.455245524552447023e+01,4.181323479923858395e+04
2.465246524652457083e+01,4.153700982895230118e+04
2.475247524752467143e+01,4.126348947828315431e+04
2.485248524852477203e+01,4.099263886266946793e+04
2.495249524952487263e+01,4.072442365308622539e+04
2.505250525052497323e+01,4.045881006556272769e+04
2.515251525152507384e+01,4.019576485092777148e+04
2.525252525252517444e+01,3.993525528477723856e+04
2.535253525352527504e+01,3.967724915765821061e+04
2.545254525452537564e+01,3.942171476546467602e+04
2.555255525552547624e+01,3.916862090003948833e+04
2.565256525652557684e+01,3.891793683997770859e+04
2.575257525752567744e+01,3.866963234162628942e+04
2.585258525852577804e+01,3.842367763027564069e+04
2.595259525952587865e+01,3.818004339153815090e+04
2.605260526052597925e+01,3.793870076290945872e+04
2.615261526152607985e+01,3.769962132550802926e+04
2.625262526252618045e+01,3.746277709598853835e+04
2.635263526352628105e+01,3.722814051862544147e+04
2.645264526452638165e+01,3.699568445756213623e+04
2.655265526552648225e+01,3.676538218922220403e+04
2.665266526652658285e+01,3.653720739487880928e+04
2.675267526752668346e+01,3.631113415337831248e+04
2.685268526852678406e+01,3.608713693401483761e+04
2.695269526952688466e+01,3.586519058955206128e+04
2.705270527052698526e+01,3.564527034938875295e+04
2.715271527152708586e+01,3.542735181286479929e+04
2.725272527252718646e+01,3.521141094270451867e+04
2.735273527352728706e+01,3.499742405859391147e+04
2.745274527452738766e+01,3.478536783088887023e+04
2.755275527552748827e+01,3.457521927445143228e+04
2.765276527652758887e+01,3.436695574261076399e+04
2.775277527752768947e+01,3.416055492124659941e+04
2.785278527852779007e+01,3.395599482299171359e+04
2.795279527952789067e+01,3.375325378155119688e+04
2.805280528052799127e+01,3.355231044613559789e+04
2.815281528152809187e+01,3.335314377600558510e+04
2.825282528252819247e+01,3.315573303512521670e+04
2.835283528352829308e+01,3.296005778692194872e+04
2.845284528452839368e+01,3.276609788915032914e+04
2.855285528552849428e+01,3.257383348885763917e+04
2.865286528652859488e+01,3.238324501744880763e+04
2.875287528752869548e+01,3.219431318584849942e+04
2.885288528852879608e+01,3.200701897975833708e+04
2.895289528952889668e+01,3.182134365500690183e+04
2.905290529052899728e+01,3.163726873299070576e+04
2.915291529152909789e+01,3.145477599620393812e+04
2.925292529252919849e+01,3.127384748385513376e+04
2.935293529352929909e+01,3.109446548756882839e+04
2.945294529452939969e+01,3.091661254717029078e+04
2.955295529552950029e+01,3.074027144655166558e+04
2.965296529652960089e+01,3.056542520961748596e+04
2.975297529752970149e+01,3.039205709630805723e+04
2.985298529852980209e+01,3.022015059869905963e+04
2.995299529952990270e+01,3.004968943717536240e+04
3.005300530053000330e+01,2.988065755667795747e+04
3.015301530153010390e+01,2.971303912302195386e+04
3.025302530253020450e+01,2.954681851928447213e+04
3.035303530353030510e+01,2.938198034226077652e+04
3.045304530453040570e+01,2.921850939898709112e+04
3.055305530553050630e+01,2.905639070332893971e+04
3.065306530653060690e+01,2.889560947263332855e+04
3.075307530753070751e+01,2.873615112444370243e+04
3.085308530853080811e+01,2.857800127327603332e+04
3.095309530953090871e+01,2.842114572745504120e+04
3.105310531053100931e+01,2.826557048600910639e+04
3.115311531153110991e+01,2.811126173562265467e+04
3.125312531253121051e+01,2.795820584764492014e+04
3.135313531353131111e+01,2.780638937515374346e+04
3.145314531453141171e+01,2.765579905007336129e+04
3.155315531553151231e+01,2.750642178034515382e+04
3.165316531653161292e+01,2.735824464714994974e+04
3.175317531753171352e+01,2.721125490218117557e+04
3.185318531853181412e+01,2.706543996496755426e+04
3.195319531953191472e+01,2.692078742024441453e+04
3.205320532053201532e+01,2.677728501537270495e+04
3.215321532153211592e+01,2.663492065780443954e+04
3.225322532253221652e+01,2.649368241259410570e+04
3.235323532353231712e+01,2.635355849995449535e+04
3.245324532453241773e+01,2.621453729285668305e+04
3.255325532553251833e+01,2.607660731467270307e+04
3.265326532653261893e+01,2.593975723686044148e+04
3.275327532753271953e+01,2.580397587668973210e+04
3.285328532853282013e+01,2.566925219500877938e+04
3.295329532953292073e+01,2.553557529405020978e+04
3.305330533053302133e+01,2.540293441527595860e+04
3.315331533153312193e+01,2.527131893726002090e+04
3.325332533253322254e+01,2.514071837360862628e+04
3.335333533353332314e+01,2.501112237091674979e+04
3.345334533453342374e+01,2.488252070676053700e+04
3.355335533553352434e+01,2.475490328772474095e+04
3.365336533653362494e+01,2.462826014746449800e+04
3.375337533753372554e+01,2.450258144480090050e+04
3.385338533853382614e+01,2.437785746184948584e+04
3.395339533953392674e+01,2.425407860218119458e+04
3.405340534053402735e+01,2.413123538901505890e+04
3.415341534153412795e+01,2.400931846344195947e+04
3.425342534253422855e+01,2.388831858267899588e+04
3.435343534353432915e+01,2.376822661835369581e+04
3.445344534453442975e+01,2.364903355481762264e+04
3.455345534553453035e+01,2.353073048748875954e+04
3.465346534653463095e+01,2.341330862122203325e+04
3.475347534753473155e+01,2.329675926870763215e+04
3.485348534853483216e+01,2.318107384889635068e+04
3.495349534953493276e+01,2.306624388545162583e+04
3.505350535053503336e+01,2.295226100522765410e+04
3.515351535153513396e+01,2.283911693677311268e+04
3.525352535253523456e+01,2.272680350886005544e+04
3.535353535353533516e+01,2.261531264903732517e+04
3.545354535453543576e+01,2.250463638220827488e+04
3.555355535553553636e+01,2.239476682923215412e+04
3.565356535653563697e+01,2.228569620554872745e+04
3.575357535753573757e+01,2.217741681982580121e+04
3.585358535853583817e+01,2.206992107262901482e+04
3.595359535953593877e+01,2.196320145511379451e+04
3.605360536053603937e+01,2.185725054773872398e+04
3.615361536153613997e+01,2.175206101900010253e+04
3.625362536253624057e+01,2.164762562418737434e+04
3.635363536353634117e+01,2.154393720415877033e+04
3.645364536453644178e+01,2.144098868413711170e+04
3.655365536553654238e+01,2.133877307252515311e+04
3.665366536653664298e+01,2.123728345974019248e+04
3.675367536753674358e+01,2.113651301706767117e+04
3.685368536853684418e+01,2.103645499553324771e+04
3.695369536953694478e+01,2.093710272479314153e+04
3.705370537053704538e+01,2.083844961204237552e+04
3.715371537153714598e+01,2.074048914094054271e+04
3.725372537253724659e+01,2.064321487055486432e+04
3.735373537353734719e+01,2.054662043432012069e+04
3.745374537453744779e+01,2.045069953901524059e+04
3.755375537553754839e+01,2.035544596375621040e+04
3.765376537653764899e+01,2.026085355900496870e+04
3.775377537753774959e+01,2.016691624559410047e+04
3.785378537853785019e+01,2.007362801376689458e+04
3.795379537953795079e+01,1.998098292223265889e+04
3.805380538053805139e+01,1.988897509723688563e+04
3.815381538153815200e+01,1.979759873164605597e+04
3.825382538253825260e+01,1.970684808404684736e+04
3.835383538353835320e+01,1.961671747785941261e+04
3.845384538453845380e+01,1.952720130046454506e+04
3.855385538553855440e+01,1.943829400234449349e+04
3.865386538653865500e+01,1.934999009623707025e+04
3.875387538753875560e+01,1.926228415630303061e+04
3.885388538853885620e+01,1.917517081730621067e+04
3.895389538953895681e+01,1.908864477380646713e+04
3.905390539053905741e+01,1.900270077936503003e+04
3.915391539153915801e+01,1.891733364576207896e+04
3.925392539253925861e+01,1.883253824222638650e+04
3.935393539353935921e+01,1.874830949467675600e+04
3.945394539453945981e+01,1.866464238497504994e+04
3.955395539553956041e+01,1.858153195019068880e+04
3.965396539653966101e+01,1.849897328187629319e+04
3.975397539753976162e+01,1.841696152535439614e+04
3.985398539853986222e+01,1.833549187901494224e+04
3.995399539953996282e+01,1.825455959362346039e+04
4.005400540054006342e+01,1.817415997163968132e+04
4.015401540154016402e+01,1.809428836654638508e+04
4.025402540254026462e+01,1.801494018218849669e+04
4.035403540354036522e+01,1.793611087212190978e+04
4.045404540454046582e+01,1.785779593897220911e+04
4.055405540554056643e+01,1.777999093380298291e+04
4.065406540654066703e+01,1.770269145549347377e+04
4.075407540754076763e+01,1.762589315012560473e+04
4.085408540854086823e+01,1.754959171038004206e+04
4.095409540954096883e+01,1.747378287494128381e+04
4.105410541054106943e+01,1.739846242791147597e+04
4.115411541154117003e+01,1.732362619823297428e+04
4.125412541254127063e+01,1.724927005911938613e+04
4.135413541354137124e+01,1.717538992749494355e+04
4.145414541454147184e+01,1.710198176344219974e+04
4.155415541554157244e+01,1.702904156965772563e+04
4.165416541654167304e+01,1.695656539091583181e+04
4.175417541754177364e+01,1.688454931354010478e+04
4.185418541854187424e+01,1.681298946488261208e+04
4.195419541954197484e+01,1.674188201281073270e+04
4.205420542054207544e+01,1.667122316520137610e+04
4.215421542154217605e+01,1.660100916944255005e+04
4.225422542254227665e+01,1.653123631194217523e+04
4.235423542354237725e+01,1.646190091764387398e+04
4.245424542454247785e+01,1.639299934954985656e+04
4.255425542554257845e+01,1.632452800825056329e+04
4.265426542654267905e+01,1.625648333146110053e+04
4.275427542754277965e+01,1.618886179356428693e+04
4.285428542854288025e+01,1.612165990516025340e+04
4.295429542954298086e+01,1.605487421262242060e+04
4.305430543054296777e+01,1.598850129765989368e+04
4.315431543154306837e+01,1.592253777688569244e+04
4.325432543254316897e+01,1.585698030139184266e+04
4.335433543354326957e+01,1.579182555632972435e+04
4.345434543454337017e+01,1.572707026049673368e+04
4.355435543554347078e+01,1.566271116592864564e+04
4.365436543654357138e+01,1.559874505749777927e+04
4.375437543754367198e+01,1.553516875251672354e+04
4.385438543854377258e+01,1.547197910034767483e+04
4.395439543954387318e+01,1.540917298201719859e+04
4.405440544054397378e+01,1.534674730983636073e+04
4.415441544154407438e+01,1.528469902702618856e+04
4.425442544254417498e+01,1.522302510734826865e+04
4.435443544354427559e+01,1.516172255474053418e+04
4.445444544454437619e+01,1.510078840295805821e+04
4.455445544554447679e+01,1.504021971521880550e+04
4.465446544654457739e+01,1.498001358385429194e+04
4.475447544754467799e+01,1.492016712996502974e+04
4.485448544854477859e+01,1.486067750308069299e+04
4.495449544954487919e+01,1.480154188082501787e+04
4.505450545054497979e+01,1.474275746858516504e+04
4.515451545154508040e+01,1.468432149918572031e+04
4.525452545254518100e+01,1.462623123256703911e+04
4.535453545354528160e+01,1.456848395546804386e+04
4.545454545454538220e+01,1.451107698111327954e+04
4.555455545554548280e+01,1.445400764890422397e+04
4.565456545654558340e+01,1.439727332411479802e+04
4.575457545754568400e+01,1.434087139759094316e+04
4.585458545854578460e+01,1.428479928545427902e+04
4.595459545954588521e+01,1.422905442880975534e+04
4.605460546054598581e+01,1.417363429345718760e+04
4.615461546154608641e+01,1.411853636960670701e+04
4.625462546254618701e+01,1.406375817159798135e+04
4.635463546354628761e+01,1.400929723762320646e+04
4.645464546454638821e+01,1.395515112945378678e+04
4.655465546554648881e+01,1.390131743217062285e+04
4.665466546654658941e+01,1.384779375389804045e+04
4.675467546754669002e+01,1.379457772554117582e+04
4.685468546854679062e+01,1.374166700052687702e+04
4.695469546954689122e+01,1.368905925454805038e+04
4.705470547054699182e+01,1.363675218531128667e+04
4.715471547154709242e+01,1.358474351228793421e+04
4.725472547254719302e+01,1.353303097646830065e+04
4.735473547354729362e+01,1.348161234011921260e+04
4.745474547454739422e+01,1.343048538654464392e+04
4.755475547554749483e+01,1.337964791984951989e+04
4.765476547654759543e+01,1.332909776470660290e+04
4.775477547754769603e+01,1.327883276612638838e+04
4.785478547854779663e+01,1.322885078922999492e+04
4.795479547954789723e+01,1.317914971902503203e+04
4.805480548054799783e+01,1.312972746018430007e+04
4.815481548154809843e+01,1.308058193682744241e+04
4.825482548254819903e+01,1.303171109230531329e+04
4.835483548354829964e+01,1.298311288898719977e+04
4.845484548454840024e+01,1.293478530805075206e+04
4.855485548554850084e+01,1.288672634927458057e+04
4.865486548654860144e+01,1.283893403083356134e+04
4.875487548754870204e+01,1.279140638909670815e+04
4.885488548854880264e+01,1.274414147842765124e+04
4.895489548954890324e+01,1.269713737098766615e+04
4.905490549054900384e+01,1.265039215654116197e+04
4.915491549154910444e+01,1.260390394226370154e+04
4.925492549254920505e+01,1.255767085255237907e+04
4.935493549354930565e+01,1.251169102883867890e+04
4.945494549454940625e+01,1.246596262940362976e+04
4.955495549554950685e+01,1.242048382919530741e+04
4.965496549654960745e+01,1.237525281964866736e+04
4.975497549754970805e+01,1.233026780850757677e+04
4.985498549854980865e+01,1.228552701964912376e+04
4.995499549954990925e+01,1.224102869291013121e+04
5.005500550055000986e+01,1.219677108391578440e+04
5.015501550155011046e+01,1.215275246391046676e+04
5.025502550255021106e+01,1.210897111959063477e+04
5.035503550355031166e+01,1.206542535293981928e+04
5.045504550455041226e+01,1.202211348106564583e+04
5.055505550555051286e+01,1.197903383603888142e+04
5.065506550655061346e+01,1.193618476473447663e+04
5.075507550755071406e+01,1.189356462867456139e+04
5.085508550855081467e+01,1.185117180387336521e+04
5.095509550955091527e+01,1.180900468068408190e+04
5.105510551055101587e+01,1.176706166364756427e+04
5.115511551155111647e+01,1.172534117134292319e+04
5.125512551255121707e+01,1.168384163623989480e+04
5.135513551355131767e+01,1.164256150455308307e+04
5.145514551455141827e+01,1.160149923609791949e+04
5.155515551555151887e+01,1.156065330414840355e+04
5.165516551655161948e+01,1.152002219529657668e+04
5.175517551755172008e+01,1.147960440931367521e+04
5.185518551855182068e+01,1.143939845901298577e+04
5.195519551955192128e+01,1.139940287011437613e+04
5.205520552055202188e+01,1.135961618111039388e+04
5.215521552155212248e+01,1.132003694313408050e+04
5.225522552255222308e+01,1.128066371982826240e+04
5.235523552355232368e+01,1.124149508721651546e+04
5.245524552455242429e+01,1.120252963357559383e+04
5.255525552555252489e+01,1.116376595930944131e+04
5.265526552655262549e+01,1.112520267682468511e+04
5.275527552755272609e+01,1.108683841040760854e+04
5.285528552855282669e+01,1.104867179610260246e+04
5.295529552955292729e+01,1.101070148159206656e+04
5.305530553055302789e+01,1.097292612607770570e+04
5.315531553155312849e+01,1.093534440016327244e+04
5.325532553255322910e+01,1.089795498573867189e+04
5.335533553355332970e+01,1.086075657586543275e+04
5.345534553455343030e+01,1.082374787466355519e+04
5.355535553555353090e+01,1.078692759719965215e+04
5.365536553655363150e+01,1.075029446937644570e+04
5.375537553755373210e+01,1.071384722782352037e+04
5.385538553855383270e+01,1.067758461978939704e+04
5.395539553955393330e+01,1.064150540303482376e+04
5.405540554055403391e+01,1.060560834572735621e+04
5.415541554155413451e+01,1.056989222633713871e+04
5.425542554255423511e+01,1.053435583353390393e+04
5.435543554355433571e+01,1.049899796608518045e+04
5.445544554455443631e+01,1.046381743275566078e+04
5.455545554555453691e+01,1.042881305220775175e+04
5.465546554655463751e+01,1.039398365290327092e+04
5.475547554755473811e+01,1.035932807300627428e+04
5.485548554855483872e+01,1.032484516028700273e+04
5.495549554955493932e+01,1.029053377202693810e+04
5.505550555055503992e+01,1.025639277492494330e+04
5.515551555155514052e+01,1.022242104500449932e+04
5.525552555255524112e+01,1.018861746752196450e+04
5.535553555355534172e+01,1.015498093687592882e+04
5.545554555455544232e+01,1.012151035651756865e+04
5.555555555555554292e+01,1.008820463886202742e+04
5.565556555655564352e+01,1.005506270520083490e+04
5.575557555755574413e+01,1.002208348561527600e+04
5.585558555855584473e+01,9.989265918890783723e+03
5.595559555955594533e+01,9.956608952432254227e+03
5.605560556055604593e+01,9.924111542180380638e+03
5.615561556155614653e+01,9.891772652528874460e+03
5.625562556255624713e+01,9.859591256242647432e+03
5.635563556355634773e+01,9.827566334376915620e+03
5.645564556455644833e+01,9.795696876197207530e+03
5.655565556555654894e+01,9.763981879100245351e+03
5.665566556655664954e+01,9.732420348535768426e+03
5.675567556755675014e+01,9.701011297929175271e+03
5.685568556855685074e+01,9.669753748605060537e+03
5.695569556955695134e+01,9.638646729711579610e+03
5.705570557055705194e+01,9.607689278145684511e+03
5.715571557155715254e+01,9.576880438479181976e+03
5.725572557255725314e+01,9.546219262885579155e+03
5.735573557355735375e+01,9.515704811067793344e+03
5.745574557455745435e+01,9.485336150186623854e+03
5.755575557555755495e+01,9.455112354790013342e+03
5.765576557655765555e+01,9.425032506743122212e+03
5.775577557755775615e+01,9.395095695159119714e+03
5.785578557855785675e+01,9.365301016330799030e+03
5.795579557955795735e+01,9.335647573662876312e+03
5.805580558055805795e+01,9.306134477605104621e+03
5.815581558155815856e+01,9.276760845586035430e+03
5.825582558255825916e+01,9.247525801947585933e+03
5.835583558355835976e+01,9.218428477880246646e+03
5.845584558455846036e+01,9.189468011359065713e+03
5.855585558555856096e+01,9.160643547080271674e+03
5.865586558655866156e+01,9.131954236398614739e+03
5.875587558755876216e+01,9.103399237265364718e+03
5.885588558855886276e+01,9.074977714167014710e+03
5.895589558955896337e+01,9.046688838064612355e+03
5.905590559055906397e+01,9.018531786333771379e+03
5.915591559155916457e+01,8.990505742705292505e+03
5.925592559255926517e+01,8.962609897206488313e+03
5.935593559355936577e+01,8.934843446103053793e+03
5.945594559455946637e+01,8.907205591841659043e+03
5.955595559555956697e+01,8.879695542993044000e+03
5.965596559655966757e+01,8.852312514195826225e+03
5.975597559755976818e+01,8.825055726100828906e+03
5.985598559855986878e+01,8.797924405316074626e+03
5.995599559955996938e+01,8.770917784352295712e+03
6.005600560056006998e+01,8.744035101569057588e+03
6.015601560156017058e+01,8.717275601121469663e+03
6.025602560256027118e+01,8.690638532907421904e+03
6.035603560356037178e+01,8.664123152515414404e+03
6.045604560456047238e+01,8.637728721172916266e+03
6.055605560556057299e+01,8.611454505695284752e+03
6.065606560656067359e+01,8.585299778435195549e+03
6.075607560756077419e+01,8.559263817232653309e+03
6.085608560856087479e+01,8.533345905365462386e+03
6.095609560956097539e+01,8.507545331500305110e+03
6.105610561056107599e+01,8.481861389644216615e+03
6.115611561156117659e+01,8.456293379096679928e+03
6.125612561256127719e+01,8.430840604402146710e+03
6.135613561356137780e+01,8.405502375303085500e+03
6.145614561456147840e+01,8.380278006693521093e+03
6.155615561556157900e+01,8.355166818573025012e+03
6.165616561656167960e+01,8.330168136001228049e+03
6.175617561756178020e+01,8.305281289052767534e+03
6.185618561856188080e+01,8.280505612772725726e+03
6.195619561956198140e+01,8.255840447132515692e+03
6.205620562056208200e+01,8.231285136986216457e+03
6.215621562156206892e+01,8.206839032027410212e+03
6.225622562256216952e+01,8.182501486746294177e+03
6.235623562356227012e+01,8.158271860387541892e+03
6.245624562456237072e+01,8.134149516908288206e+03
6.255625562556247132e+01,8.110133824936715428e+03
6.265626562656257192e+01,8.086224157730995103e+03
6.275627562756267253e+01,8.062419893138703628e+03
6.285628562856277313e+01,8.038720413556588028e+03
6.295629562956287373e+01,8.015125105890812847e+03
6.305630563056297433e+01,7.991633361517533558e+03
6.315631563156307493e+01,7.968244576243941992e+03
6.325632563256317553e+01,7.944958150269652833e+03
6.335633563356327613e+01,7.921773488148522119e+03
6.345634563456337673e+01,7.898689998750824998e+03
6.355635563556347734e+01,7.875707095225817284e+03
6.365636563656357794e+01,7.852824194964696289e+03
6.375637563756367854e+01,7.830040719563902712e+03
6.385638563856377914e+01,7.807356094788824521e+03
6.395639563956387974e+01,7.784769750537840991e+03
6.405640564056398034e+01,7.762281120806743274e+03
6.415641564156408094e+01,7.739889643653482381e+03
6.425642564256418154e+01,7.717594761163327348e+03
6.435643564356428215e+01,7.695395919414289892e+03
6.445644564456438275e+01,7.673292568442995616e+03
6.455645564556448335e+01,7.651284162210776230e+03
6.465646564656458395e+01,7.629370158570211061e+03
6.475647564756468455e+01,7.607550019231924125e+03
6.485648564856478515e+01,7.585823209731747738e+03
6.495649564956488575e+01,7.564189199398200799e+03
6.505650565056498635e+01,7.542647461320286311e+03
6.515651565156508696e+01,7.521197472315602681e+03
6.525652565256518756e+01,7.499838712898798804e+03
6.535653565356528816e+01,7.478570667250280167e+03
6.545654565456538876e+01,7.457392823185308771e+03
6.555655565556548936e+01,7.436304672123306773e+03
6.565656565656558996e+01,7.415305709057552122e+03
6.575657565756569056e+01,7.394395432525103388e+03
6.585658565856579116e+01,7.373573344577064745e+03
6.595659565956589176e+01,7.352838950749117430e+03
6.605660566056599237e+01,7.332191760032326783e+03
6.615661566156609297e+01,7.311631284844286711e+03
6.625662566256619357e+01,7.291157041000471509e+03
6.635663566356629417e+01,7.270768547685930571e+03
6.645664566456639477e+01,7.250465327427214106e+03
6.655665566556649537e+01,7.230246906064596260e+03
6.665666566656659597e+01,7.210112812724547439e+03
6.675667566756669657e+01,7.190062579792502220e+03
6.685668566856679718e+01,7.170095742885840082e+03
6.695669566956689778e+01,7.150211840827197193e+03
6.705670567056699838e+01,7.130410415617951912e+03
6.715671567156709898e+01,7.110691012412044074e+03
6.725672567256719958e+01,7.091053179489979811e+03
6.735673567356730018e+01,7.071496468233137421e+03
6.745674567456740078e+01,7.052020433098286958e+03
6.755675567556750138e+01,7.032624631592367223e+03
6.765676567656760199e+01,7.013308624247481930e+03
6.775677567756770259e+01,6.994071974596182372e+03
6.785678567856780319e+01,6.974914249146920156e+03
6.795679567956790379e+01,6.955835017359801896e+03
6.805680568056800439e+01,6.936833851622507609e+03
6.815681568156810499e+01,6.917910327226494701e+03
6.825682568256820559e+01,6.899064022343378383e+03
6.835683568356830619e+01,6.880294518001581309e+03
6.845684568456840680e+01,6.861601398063168745e+03
6.855685568556850740e+01,6.842984249200917475e+03
6.865686568656860800e+01,6.824442660875594811e+03
6.875687568756870860e+01,6.805976225313454961e+03
6.885688568856880920e+01,6.787584537483954591e+03
6.895689568956890980e+01,6.769267195077655742e+03
6.905690569056901040e+01,6.751023798484361578e+03
6.915691569156911100e+01,6.732853950771428572e+03
6.925692569256921161e+01,6.714757257662313350e+03
6.935693569356931221e+01,6.696733327515284145e+03
6.945694569456941281e+01,6.678781771302376910e+03
6.955695569556951341e+01,6.660902202588484215e+03
6.965696569656961401e+01,6.643094237510705170e+03
6.975697569756971461e+01,6.625357494757832683e+03
6.985698569856981521e+01,6.607691595550071725e+03
6.995699569956991581e+01,6.590096163618920400e+03
7.005700570057001642e+01,6.572570825187238370e+03
7.015701570157011702e+01,6.555115208949508997e+03
7.025702570257021762e+01,6.537728946052286119e+03
7.035703570357031822e+01,6.520411670074801805e+03
7.045704570457041882e+01,6.503163017009781470e+03
7.055705570557051942e+01,6.485982625244397241e+03
7.065706570657062002e+01,6.468870135541437776e+03
7.075707570757072062e+01,6.451825191020613602e+03
7.085708570857082123e+01,6.434847437140061629e+03
7.095709570957092183e+01,6.417936521678001554e+03
7.105710571057102243e+01,6.401092094714571431e+03
7.115711571157112303e+01,6.384313808613807851e+03
7.125712571257122363e+01,6.367601318005820758e+03
7.135713571357132423e+01,6.350954279769104687e+03
7.145714571457142483e+01,6.334372353013026441e+03
7.155715571557152543e+01,6.317855199060463747e+03
7.165716571657162604e+01,6.301402481430592161e+03
7.175717571757172664e+01,6.285013865821852050e+03
7.185718571857182724e+01,6.268689020095056549e+03
7.195719571957192784e+01,6.252427614256636843e+03
7.205720572057202844e+01,6.236229320442057542e+03
7.215721572157212904e+01,6.220093812899390286e+03
7.225722572257222964e+01,6.204020767972992871e+03
7.235723572357233024e+01,6.188009864087396636e+03
7.245724572457243085e+01,6.172060781731272982e+03
7.255725572557253145e+01,6.156173203441596343e+03
7.265726572657263205e+01,6.140346813787911742e+03
7.275727572757273265e+01,6.124581299356773343e+03
7.285728572857283325e+01,6.108876348736296677e+03
7.295729572957293385e+01,6.093231652500861856e+03
7.305730573057303445e+01,6.077646903195942286e+03
7.315731573157313505e+01,6.062121795323091646e+03
7.325732573257323565e+01,6.046656025325028168e+03
7.335733573357333626e+01,6.031249291570889909e+03
7.345734573457343686e+01,6.015901294341584617e+03
7.355735573557353746e+01,6.000611735815297834e+03
7.365736573657363806e+01,5.985380320053104697e+03
7.375737573757373866e+01,5.970206752984738159e+03
7.385738573857383926e+01,5.955090742394449990e+03
7.395739573957393986e+01,5.940031997907016375e+03
7.405740574057404046e+01,5.925030230973865400e+03
7.415741574157414107e+01,5.910085154859311842e+03
7.425742574257424167e+01,5.895196484626937490e+03
7.435743574357434227e+01,5.880363937126067867e+03
7.445744574457444287e+01,5.865587230978375374e+03
7.455745574557454347e+01,5.850866086564597026e+03
7.465746574657464407e+01,5.836200226011380437e+03
7.475747574757474467e+01,5.821589373178220740e+03
7.485748574857484527e+01,5.807033253644543947e+03
7.495749574957494588e+01,5.792531594696859429e+03
7.505750575057504648e+01,5.778084125316070640e+03
7.515751575157514708e+01,5.763690576164854974e+03
7.525752575257524768e+01,5.749350679575183676e+03
7.535753575357534828e+01,5.735064169535929977e+03
7.545754575457544888e+01,5.720830781680597283e+03
7.555755575557554948e+01,5.706650253275136492e+03
7.565756575657565008e+01,5.692522323205892462e+03
7.575757575757575069e+01,5.678446731967625055e+03
7.585758575857585129e+01,5.664423221651671156e+03
7.595759575957595189e+01,5.650451535934155800e+03
7.605760576057605249e+01,5.636531420064362464e+03
7.615761576157615309e+01,5.622662620853155204e+03
7.625762576257625369e+01,5.608844886661529927e+03
7.635763576357635429e+01,5.595077967389252990e+03
7.645764576457645489e+01,5.581361614463588012e+03
7.655765576557655550e+01,5.567695580828135462e+03
7.665766576657665610e+01,5.554079620931755926e+03
7.675767576757675670e+01,5.540513490717591594e+03
7.685768576857685730e+01,5.526996947612177792e+03
7.695769576957695790e+01,5.513529750514657280e+03
7.705770577057705850e+01,5.500111659786061864e+03
7.715771577157715910e+01,5.486742437238719504e+03
7.725772577257725970e+01,5.473421846125711454e+03
7.735773577357736031e+01,5.460149651130465827e+03
7.745774577457746091e+01,5.446925618356380255e+03
7.755775577557756151e+01,5.433749515316589168e+03
7.765776577657766211e+01,5.420621110923777451e+03
7.775777577757776271e+01,5.407540175480097787e+03
7.785778577857786331e+01,5.394506480667173491e+03
7.795779577957796391e+01,5.381519799536171377e+03
7.805780578057806451e+01,5.368579906497968295e+03
7.815781578157816512e+01,5.355686577313406815e+03
7.825782578257826572e+01,5.342839589083608189e+03
7.835783578357836632e+01,5.330038720240402654e+03
7.845784578457846692e+01,5.317283750536789739e+03
7.855785578557856752e+01,5.304574461037536821e+03
7.865786578657866812e+01,5.291910634109800412e+03
7.875787578757876872e+01,5.279292053413864778e+03
7.885788578857886932e+01,5.266718503893941488e+03
7.895789578957896993e+01,5.254189771769035360e+03
7.905790579057907053e+01,5.241705644523916817e+03
7.915791579157917113e+01,5.229265910900126073e+03
7.925792579257927173e+01,5.216870360887091920e+03
7.935793579357937233e+01,5.204518785713300531e+03
7.945794579457947293e+01,5.192210977837543396e+03
7.955795579557957353e+01,5.179946730940229827e+03
7.965796579657967413e+01,5.167725839914792232e+03
7.975797579757977473e+01,5.155548100859129590e+03
7.985798579857987534e+01,5.143413311067157338e+03
7.995799579957997594e+01,5.131321269020387263e+03
8.005800580058007654e+01,5.119271774379618364e+03
8.015801580158017714e+01,5.107264627976654992e+03
8.025802580258027774e+01,5.095299631806124125e+03
8.035803580358037834e+01,5.083376589017339029e+03
8.045804580458047894e+01,5.071495303906244771e+03
8.055805580558057954e+01,5.059655581907410124e+03
8.065806580658068015e+01,5.047857229586106769e+03
8.075807580758078075e+01,5.036100054630432169e+03
8.085808580858088135e+01,5.024383865843516105e+03
8.095809580958098195e+01,5.012708473135767235e+03
8.105810581058108255e+01,5.001073687517206963e+03
8.115811581158106947e+01,4.989479321089852419e+03
8.125812581258117007e+01,4.977925187040124001e+03
8.135813581358127067e+01,4.966411099631422076e+03
8.145814581458137127e+01,4.954936874196640929e+03
8.155815581558147187e+01,4.943502327130806407e+03
8.165816581658157247e+01,4.932107275883768125e+03
8.175817581758167307e+01,4.920751538952929877e+03
8.185818581858177367e+01,4.909434935876074633e+03
8.195819581958187428e+01,4.898157287224194079e+03
8.205820582058197488e+01,4.886918414594430942e+03
8.215821582158207548e+01,4.875718140603034954e+03
8.225822582258217608e+01,4.864556288878402484e+03
8.235823582358227668e+01,4.853432684054157107e+03
8.245824582458237728e+01,4.842347151762288377e+03
8.255825582558247788e+01,4.831299518626346980e+03
8.265826582658257848e+01,4.820289612254693566e+03
8.275827582758267909e+01,4.809317261233793943e+03
8.285828582858277969e+01,4.798382295121591596e+03
8.295829582958288029e+01,4.787484544440890204e+03
8.305830583058298089e+01,4.776623840672834376e+03
8.315831583158308149e+01,4.765800016250404951e+03
8.325832583258318209e+01,4.755012904551992506e+03
8.335833583358328269e+01,4.744262339895002697e+03
8.345834583458338329e+01,4.733548157529526179e+03
8.355835583558348389e+01,4.722870193632042174e+03
8.365836583658358450e+01,4.712228285299187519e+03
8.375837583758368510e+01,4.701622270541567559e+03
8.385838583858378570e+01,4.691051988277614328e+03
8.395839583958388630e+01,4.680517278327491113e+03
8.405840584058398690e+01,4.670017981407051593e+03
8.415841584158408750e+01,4.659553939121842632e+03
8.425842584258418810e+01,4.649124993961145265e+03
8.435843584358428870e+01,4.638730989292089362e+03
8.445844584458438931e+01,4.628371769353769196e+03
8.455845584558448991e+01,4.618047179251450871e+03
8.465846584658459051e+01,4.607757064950789754e+03
8.475847584758469111e+01,4.597501273272124308e+03
8.485848584858479171e+01,4.587279651884777195e+03
8.495849584958489231e+01,4.577092049301436418e+03
8.505850585058499291e+01,4.566938314872553747e+03
8.515851585158509351e+01,4.556818298780800433e+03
8.525852585258519412e+01,4.546731852035562952e+03
8.535853585358529472e+01,4.536678826467481485e+03
8.545854585458539532e+01,4.526659074723015692e+03
8.555855585558549592e+01,4.516672450259087782e+03
8.565856585658559652e+01,4.506718807337717408e+03
8.575857585758569712e+01,4.496798001020754782e+03
8.585858585858579772e+01,4.486909887164594693e+03
8.595859585958589832e+01,4.477054322414982380e+03
8.605860586058599893e+01,4.467231164201822139e+03
8.615861586158609953e+01,4.457440270734049591e+03
8.625862586258620013e+01,4.447681500994530325e+03
8.635863586358630073e+01,4.437954714735000380e+03
8.645864586458640133e+01,4.428259772471047654e+03
8.655865586558650193e+01,4.418596535477126054e+03
8.665866586658660253e+01,4.408964865781617846e+03
8.675867586758670313e+01,4.399364626161917840e+03
8.685868586858680374e+01,4.389795680139573051e+03
8.695869586958690434e+01,4.380257891975438724e+03
8.705870587058700494e+01,4.370751126664895310e+03
8.715871587158710554e+01,4.361275249933072701e+03
8.725872587258720614e+01,4.351830128230143600e+03
8.735873587358730674e+01,4.342415628726618706e+03
8.745874587458740734e+01,4.333031619308706468e+03
8.755875587558750794e+01,4.323677968573680118e+03
8.765876587658760855e+01,4.314354545825313835e+03
8.775877587758770915e+01,4.305061221069313433e+03
8.785878587858780975e+01,4.295797865008817098e+03
8.795879587958791035e+01,4.286564349039900662e+03
8.805880588058801095e+01,4.277360545247143818e+03
8.815881588158811155e+01,4.268186326399200880e+03
8.825882588258821215e+01,4.259041565944434296e+03
8.835883588358831275e+01,4.249926138006551810e+03
8.845884588458841336e+01,4.240839917380301813e+03
8.855885588558851396e+01,4.231782779527177809e+03
8.865886588658861456e+01,4.222754600571175615e+03
8.875887588758871516e+01,4.213755257294569674e+03
8.885888588858881576e+01,4.204784627133716640e+03
8.895889588958891636e+01,4.195842588174910816e+03
8.905890589058901696e+01,4.186929019150238673e+03
8.915891589158911756e+01,4.178043799433499771e+03
8.925892589258921817e+01,4.169186809036123122e+03
8.935893589358931877e+01,4.160357928603147229e+03
8.945894589458941937e+01,4.151557039409193749e+03
8.955895589558951997e+01,4.142784023354508463e+03
8.965896589658962057e+01,4.134038762960995882e+03
8.975897589758972117e+01,4.125321141368318422e+03
8.985898589858982177e+01,4.116631042329987395e+03
8.995899589958992237e+01,4.107968350209513119e+03
9.005900590059002297e+01,4.099332949976563214e+03
9.015901590159012358e+01,4.090724727203165003e+03
9.025902590259022418e+01,4.082143568059922018e+03
9.035903590359032478e+01,4.073589359312264605e+03
9.045904590459042538e+01,4.065061988316726001e+03
9.055905590559052598e+01,4.056561343017251602e+03
9.065906590659062658e+01,4.048087311941520056e+03
9.075907590759072718e+01,4.039639784197314839e+03
9.085908590859082778e+01,4.031218649468894910e+03
9.095909590959092839e+01,4.022823798013414944e+03
9.105910591059102899e+01,4.014455120657353746e+03
9.115911591159112959e+01,4.006112508792986318e+03
9.125912591259123019e+01,3.997795854374861847e+03
9.135913591359133079e+01,3.989505049916322605e+03
9.145914591459143139e+01,3.981239988486044240e+03
9.155915591559153199e+01,3.973000563704590149e+03
9.165916591659163259e+01,3.964786669741011337e+03
9.175917591759173320e+01,3.956598201309451724e+03
9.185918591859183380e+01,3.948435053665787109e+03
9.195919591959193440e+01,3.940297122604285050e+03
9.205920592059203500e+01,3.932184304454294761e+03
9.215921592159213560e+01,3.924096496076947460e+03
9.225922592259223620e+01,3.916033594861904021e+03
9.235923592359233680e+01,3.907995498724090794e+03
9.245924592459243740e+01,3.899982106100495912e+03
9.255925592559253801e+01,3.891993315946961502e+03
9.265926592659263861e+01,3.884029027735014097e+03
9.275927592759273921e+01,3.876089141448709597e+03
9.285928592859283981e+01,3.868173557581502791e+03
9.295929592959294041e+01,3.860282177133141431e+03
9.305930593059304101e+01,3.852414901606582589e+03
9.315931593159314161e+01,3.844571633004917203e+03
9.325932593259324221e+01,3.836752273828350553e+03
9.335933593359334282e+01,3.828956727071155001e+03
9.345934593459344342e+01,3.821184896218695030e+03
9.355935593559354402e+01,3.813436685244429100e+03
9.365936593659364462e+01,3.805711998606969246e+03
9.375937593759374522e+01,3.798010741247136593e+03
9.385938593859384582e+01,3.790332818585044151e+03
9.395939593959394642e+01,3.782678136517208259e+03
9.405940594059404702e+01,3.775046601413670942e+03
9.415941594159414763e+01,3.767438120115145011e+03
9.425942594259424823e+01,3.759852599930181896e+03
9.435943594359434883e+01,3.752289948632357209e+03
9.445944594459444943e+01,3.744750074457471328e+03
9.455945594559455003e+01,3.737232886100784981e+03
9.465946594659465063e+01,3.729738292714248928e+03
9.475947594759475123e+01,3.722266203903782298e+03
9.485948594859485183e+01,3.714816529726544104e+03
9.495949594959495244e+01,3.707389180688244323e+03
9.505950595059505304e+01,3.699984067740451792e+03
9.515951595159515364e+01,3.692601102277948485e+03
9.525952595259525424e+01,3.685240196136073337e+03
9.535953595359535484e+01,3.677901261588111083e+03
9.545954595459545544e+01,3.670584211342672916e+03
9.555955595559555604e+01,3.663288958541119428e+03
9.565956595659565664e+01,3.656015416754983562e+03
9.575957595759575725e+01,3.648763499983426300e+03
9.585958595859585785e+01,3.641533122650691894e+03
9.595959595959595845e+01,3.634324199603601755e+03
9.605960596059605905e+01,3.627136646109044250e+03
9.615961596159615965e+01,3.619970377851500871e+03
9.625962596259626025e+01,3.612825310930579235e+03
9.635963596359636085e+01,3.605701361858556993e+03
9.645964596459646145e+01,3.598598447557963027e+03
9.655965596559656205e+01,3.591516485359149556e+03
9.665966596659666266e+01,3.584455392997905165e+03
9.675967596759676326e+01,3.577415088613066473e+03
9.685968596859686386e+01,3.570395490744152085e+03
9.695969596959696446e+01,3.563396518329016999e+03
9.705970597059706506e+01,3.556418090701516576e+03
9.715971597159716566e+01,3.549460127589187778e+03
9.725972597259726626e+01,3.542522549110954515e+03
9.735973597359736686e+01,3.535605275774830261e+03
9.745974597459746747e+01,3.528708228475659325e+03
9.755975597559756807e+01,3.521831328492853117e+03
9.765976597659766867e+01,3.514974497488153247e+03
9.775977597759776927e+01,3.508137657503410992e+03
9.785978597859786987e+01,3.501320730958373133e+03
9.795979597959797047e+01,3.494523640648485070e+03
9.805980598059807107e+01,3.487746309742719859e+03
9.815981598159817167e+01,3.480988661781404062e+03
9.825982598259827228e+01,3.474250620674077709e+03
9.835983598359837288e+01,3.467532110697344251e+03
9.845984598459847348e+01,3.460833056492764626e+03
9.855985598559857408e+01,3.454153383064738136e+03
9.865986598659867468e+01,3.447493015778416975e+03
9.875987598759877528e+01,3.440851880357623941e+03
9.885988598859887588e+01,3.434229902882787428e+03
9.895989598959897648e+01,3.427627009788892337e+03
9.905990599059907709e+01,3.421043127863438713e+03
9.915991599159917769e+01,3.414478184244424028e+03
9.925992599259927829e+01,3.407932106418328658e+03
9.935993599359937889e+01,3.401404822218119989e+03
9.945994599459947949e+01,3.394896259821269268e+03
9.955995599559958009e+01,3.388406347747781183e+03
9.965996599659968069e+01,3.381935014858234808e+03
9.975997599759978129e+01,3.375482190351847294e+03
9.985998599859988190e+01,3.369047803764531636e+03
9.995999599959998250e+01,3.362631784966987198e+03
1.000600060006000831e+02,3.356234064162787490e+03
1.001600160016001837e+02,3.349854571886493432e+03
1.002600260026001706e+02,3.343493239001777965e+03
1.003600360036002712e+02,3.337149996699523854e+03
1.004600460046003718e+02,3.330824776496020604e+03
1.005600560056004724e+02,3.324517510231084543e+03
1.006600660066005730e+02,3.318228130066242556e+03
1.007600760076006736e+02,3.311956568482901275e+03
1.008600860086007742e+02,3.305702758280554008e+03
1.009600960096008748e+02,3.299466632574973573e+03
1.010601060106009754e+02,3.293248124796435604e+03
1.011601160116010760e+02,3.287047168687946851e+03
1.012601260126011766e+02,3.280863698303478486e+03
1.013601360136012772e+02,3.274697648006228519e+03
1.014601460146013778e+02,3.268548952466871469e+03
1.015601560156014784e+02,3.262417546661845790e+03
1.016601660166015790e+02,3.256303365871629012e+03
1.017601760176016796e+02,3.250206345679041533e+03
1.018601860186017802e+02,3.244126421967548595e+03
1.019601960196018808e+02,3.238063530919585446e+03
1.020602060206019814e+02,3.232017609014879326e+03
1.021602160216020820e+02,3.225988593028801461e+03
1.022602260226021826e+02,3.219976420030704503e+03
1.023602360236022832e+02,3.213981027382296816e+03
1.024602460246023838e+02,3.208002352736007197e+03
1.025602560256024844e+02,3.202040334033375075e+03
1.026602660266025850e+02,3.196094909503437975e+03
1.027602760276026856e+02,3.190166017661140359e+03
1.028602860286027862e+02,3.184253597305744279e+03
1.029602960296028868e+02,3.178357587519258686e+03
1.030603060306029874e+02,3.172477927664867821e+03
1.031603160316030880e+02,3.166614557385386888e+03
1.032603260326031887e+02,3.160767416601704554e+03
1.033603360336032893e+02,3.154936445511258171e+03
1.034603460346033899e+02,3.149121584586499466e+03
1.035603560356034905e+02,3.143322774573391143e+03
1.036603660366035911e+02,3.137539956489889391e+03
1.037603760376036917e+02,3.131773071624453678e+03
1.038603860386037923e+02,3.126022061534560635e+03
1.039603960396038929e+02,3.120286868045224310e+03
1.040604060406039935e+02,3.114567433247533700e+03
1.041604160416040941e+02,3.108863699497189373e+03
1.042604260426041947e+02,3.103175609413058282e+03
1.043604360436042953e+02,3.097503105875731308e+03
1.044604460446043959e+02,3.091846132026097166e+03
1.045604560456044965e+02,3.086204631263914507e+03
1.046604660466045971e+02,3.080578547246409471e+03
1.047604760476046977e+02,3.074967823886862789e+03
1.048604860486047983e+02,3.069372405353222348e+03
1.049604960496048989e+02,3.063792236066711666e+03
1.050605060506049995e+02,3.058227260700459283e+03
1.051605160516051001e+02,3.052677424178128149e+03
1.052605260526052007e+02,3.047142671672556844e+03
1.053605360536053013e+02,3.041622948604404883e+03
1.054605460546054019e+02,3.036118200640817577e+03
1.055605560556055025e+02,3.030628373694085894e+03
1.056605660566056031e+02,3.025153413920329058e+03
1.057605760576057037e+02,3.019693267718166226e+03
1.058605860586058043e+02,3.014247881727419099e+03
1.059605960596059049e+02,3.008817202827802703e+03
1.060606060606060055e+02,3.003401178137639818e+03
1.061606160616061061e+02,2.997999755012573132e+03
1.062606260626062067e+02,2.992612881044288770e+03
1.063606360636063073e+02,2.987240504059252089e+03
1.064606460646064079e+02,2.981882572117440759e+03
1.065606560656065085e+02,2.976539033511100570e+03
1.066606660666066091e+02,2.971209836763493513e+03
1.067606760676067097e+02,2.965894930627666781e+03
1.068606860686068103e+02,2.960594264085219947e+03
1.069606960696069109e+02,2.955307786345086242e+03
1.070607060706070115e+02,2.950035446842314741e+03
1.071607160716071121e+02,2.944777195236871648e+03
1.072607260726072127e+02,2.939532981412433401e+03
1.073607360736073133e+02,2.934302755475201138e+03
1.074607460746074139e+02,2.929086467752711087e+03
1.075607560756075145e+02,2.923884068792666312e+03
1.076607660766076151e+02,2.918695509361760742e+03
1.077607760776077157e+02,2.913520740444519561e+03
1.078607860786078163e+02,2.908359713242141879e+03
1.079607960796079169e+02,2.903212379171359771e+03
1.080608060806080175e+02,2.898078689863286854e+03
1.081608160816081181e+02,2.892958597162298702e+03
1.082608260826082187e+02,2.887852053124890972e+03
1.083608360836083193e+02,2.882759010018572553e+03
1.084608460846084199e+02,2.877679420320744612e+03
1.085608560856085205e+02,2.872613236717598738e+03
1.086608660866086211e+02,2.867560412103016915e+03
1.087608760876087217e+02,2.862520899577477394e+03
1.088608860886088223e+02,2.857494652446972395e+03
1.089608960896089229e+02,2.852481624221924449e+03
1.090609060906090235e+02,2.847481768616118188e+03
1.091609160916091241e+02,2.842495039545633063e+03
1.092609260926092247e+02,2.837521391127782863e+03
1.093609360936093253e+02,2.832560777680063893e+03
1.094609460946094259e+02,2.827613153719106776e+03
1.095609560956095265e+02,2.822678473959637813e+03
1.096609660966096271e+02,2.817756693313448068e+03
1.097609760976097277e+02,2.812847766888358819e+03
1.098609860986098283e+02,2.807951649987205656e+03
1.099609960996099289e+02,2.803068298106821203e+03
1.100610061006100295e+02,2.798197666937027407e+03
1.101610161016101301e+02,2.793339712359633268e+03
1.102610261026102307e+02,2.788494390447435762e+03
1.103610361036103313e+02,2.783661657463228039e+03
1.104610461046104319e+02,2.778841469858821711e+03
1.105610561056105325e+02,2.774033784274057780e+03
1.106610661066106331e+02,2.769238557535845302e+03
1.107610761076107337e+02,2.764455746657182772e+03
1.108610861086108343e+02,2.759685308836205877e+03
1.109610961096109349e+02,2.754927201455227078e+03
1.110611061106110355e+02,2.750181382079787454e+03
1.111611161116111361e+02,2.745447808457714473e+03
1.112611261126112367e+02,2.740726438518179293e+03
1.113611361136113374e+02,2.736017230370769084e+03
1.114611461146114380e+02,2.731320142304556612e+03
1.115611561156115386e+02,2.726635132787178918e+03
1.116611661166116392e+02,2.721962160463923738e+03
1.117611761176117398e+02,2.717301184156816817e+03
1.118611861186118404e+02,2.712652162863716512e+03
1.119611961196119410e+02,2.708015055757415666e+03
1.120612061206120416e+02,2.703389822184743934e+03
1.121612161216121422e+02,2.698776421665686485e+03
1.122612261226122428e+02,2.694174813892489055e+03
1.123612361236123434e+02,2.689584958728790753e+03
1.124612461246124440e+02,2.685006816208740929e+03
1.125612561256125446e+02,2.680440346536138350e+03
1.126612661266126452e+02,2.675885510083564441e+03
1.127612761276127458e+02,2.671342267391528367e+03
1.128612861286128464e+02,2.666810579167609376e+03
1.129612961296129470e+02,2.662290406285615518e+03
1.130613061306130476e+02,2.657781709784734176e+03
1.131613161316131482e+02,2.653284450868703516e+03
1.132613261326132488e+02,2.648798590904966659e+03
1.133613361336133494e+02,2.644324091423858135e+03
1.134613461346134500e+02,2.639860914117768971e+03
1.135613561356135506e+02,2.635409020840336780e+03
1.136613661366136512e+02,2.630968373605628585e+03
1.137613761376137518e+02,2.626538934587331369e+03
1.138613861386138524e+02,2.622120666117953078e+03
1.139613961396139530e+02,2.617713530688016817e+03
1.140614061406140536e+02,2.613317490945272311e+03
1.141614161416141542e+02,2.608932509693903285e+03
1.142614261426142548e+02,2.604558549893743930e+03
1.143614361436143554e+02,2.600195574659495378e+03
1.144614461446144560e+02,2.595843547259953993e+03
1.145614561456145566e+02,2.591502431117234210e+03
1.146614661466146572e+02,2.587172189806010920e+03
1.147614761476147578e+02,2.582852787052744588e+03
1.148614861486148584e+02,2.578544186734935465e+03
1.149614961496149590e+02,2.574246352880360064e+03
1.150615061506150596e+02,2.569959249666328560e+03
1.151615161516151602e+02,2.565682841418937187e+03
1.152615261526152608e+02,2.561417092612327906e+03
1.153615361536153614e+02,2.557161967867951716e+03
1.154615461546154620e+02,2.552917431953837877e+03
1.155615561556155626e+02,2.548683449783864035e+03
1.156615661566156632e+02,2.544459986417037726e+03
1.157615761576157638e+02,2.540247007056766506e+03
1.158615861586158644e+02,2.536044477050160367e+03
1.159615961596159650e+02,2.531852361887299594e+03
1.160616061606160656e+02,2.527670627200543549e+03
1.161616161616161662e+02,2.523499238763818539e+03
1.162616261626162668e+02,2.519338162491928870e+03
1.163616361636163674e+02,2.515187364439849262e+03
1.164616461646164680e+02,2.511046810802043638e+03
1.165616561656165686e+02,2.506916467911775726e+03
1.166616661666166692e+02,2.502796302240422847e+03
1.167616761676167698e+02,2.498686280396802886e+03
1.168616861686168704e+02,2.494586369126495811e+03
1.169616961696169710e+02,2.490496535311168373e+03
1.170617061706170716e+02,2.486416745967913812e+03
1.171617161716171722e+02,2.482346968248586563e+03
1.172617261726172728e+02,2.478287169439137870e+03
1.173617361736173734e+02,2.474237316958963675e+03
1.174617461746174740e+02,2.470197378360251605e+03
1.175617561756175746e+02,2.466167321327334321e+03
1.176617661766176752e+02,2.462147113676039226e+03
1.177617761776177758e+02,2.458136723353051366e+03
1.178617861786178764e+02,2.454136118435276330e+03
1.179617961796179770e+02,2.450145267129204967e+03
1.180618061806180776e+02,2.446164137770280377e+03
1.181618161816181782e+02,2.442192698822276270e+03
1.182618261826182788e+02,2.438230918876666692e+03
1.183618361836183794e+02,2.434278766652018021e+03
1.184618461846184800e+02,2.430336210993357781e+03
1.185618561856185806e+02,2.426403220871573467e+03
1.186618661866186812e+02,2.422479765382796813e+03
1.187618761876187818e+02,2.418565813747802622e+03
1.188618861886188824e+02,2.414661335311404400e+03
1.189618961896189830e+02,2.410766299541851367e+03
1.190619061906190836e+02,2.406880676030239101e+03
1.191619161916191842e+02,2.403004434489912001e+03
1.192619261926191712e+02,2.399137544755884392e+03
1.193619361936192718e+02,2.395279976784230712e+03
1.194619461946193724e+02,2.391431700651533902e+03
1.195619561956194730e+02,2.387592686554288321e+03
1.196619661966195736e+02,2.383762904808326311e+03
1.197619761976196742e+02,2.379942325848245673e+03
1.198619861986197748e+02,2.376130920226840772e+03
1.199619961996198754e+02,2.372328658614540018e+03
1.200620062006199760e+02,2.368535511798836069e+03
1.201620162016200766e+02,2.364751450683727398e+03
1.202620262026201772e+02,2.360976446289167598e+03
1.203620362036202778e+02,2.357210469750503762e+03
1.204620462046203784e+02,2.353453492317929886e+03
1.205620562056204790e+02,2.349705485355937071e+03
1.206620662066205796e+02,2.345966420342772835e+03
1.207620762076206802e+02,2.342236268869894502e+03
1.208620862086207808e+02,2.338515002641433512e+03
1.209620962096208814e+02,2.334802593473659272e+03
1.210621062106209820e+02,2.331099013294448923e+03
1.211621162116210826e+02,2.327404234142750283e+03
1.212621262126211832e+02,2.323718228168067526e+03
1.213621362136212838e+02,2.320040967629923671e+03
1.214621462146213844e+02,2.316372424897346718e+03
1.215621562156214850e+02,2.312712572448355786e+03
1.216621662166215856e+02,2.309061382869435874e+03
1.217621762176216862e+02,2.305418828855032643e+03
1.218621862186217868e+02,2.301784883207039911e+03
1.219621962196218874e+02,2.298159518834295795e+03
1.220622062206219880e+02,2.294542708752075669e+03
1.221622162216220886e+02,2.290934426081590573e+03
1.222622262226221892e+02,2.287334644049492454e+03
1.223622362236222898e+02,2.283743335987377577e+03
1.224622462246223904e+02,2.280160475331288580e+03
1.225622562256224910e+02,2.276586035621230167e+03
1.226622662266225916e+02,2.273019990500676613e+03
1.227622762276226922e+02,2.269462313716094741e+03
1.228622862286227928e+02,2.265912979116451879e+03
1.229622962296228934e+02,2.262371960652740654e+03
1.230623062306229940e+02,2.258839232377503322e+03
1.231623162316230946e+02,2.255314768444355195e+03
1.232623262326231952e+02,2.251798543107515343e+03
1.233623362336232958e+02,2.248290530721333198e+03
1.234623462346233964e+02,2.244790705739823807e+03
1.235623562356234970e+02,2.241299042716203530e+03
1.236623662366235976e+02,2.237815516302433025e+03
1.237623762376236982e+02,2.234340101248747033e+03
1.238623862386237988e+02,2.230872772403209183e+03
1.239623962396238994e+02,2.227413504711249516e+03
1.240624062406240000e+02,2.223962273215219739e+03
1.241624162416241006e+02,2.220519053053936659e+03
1.242624262426242012e+02,2.217083819462241536e+03
1.243624362436243018e+02,2.213656547770549878e+03
1.244624462446244024e+02,2.210237213404415797e+03
1.245624562456245030e+02,2.206825791884086811e+03
1.246624662466246036e+02,2.203422258824068649e+03
1.247624762476247042e+02,2.200026589932689149e+03
1.248624862486248048e+02,2.196638761011669885e+03
1.249624962496249054e+02,2.193258747955689159e+03
1.250625062506250060e+02,2.189886526751959082e+03
1.251625162516251066e+02,2.186522073479796290e+03
1.252625262526252072e+02,2.183165364310204041e+03
1.253625362536253078e+02,2.179816375505444284e+03
1.254625462546254084e+02,2.176475083418622489e+03
1.255625562556255090e+02,2.173141464493269723e+03
1.256625662566256096e+02,2.169815495262930654e+03
1.257625762576257102e+02,2.166497152350748820e+03
1.258625862586258108e+02,2.163186412469055085e+03
1.259625962596259114e+02,2.159883252418963366e+03
1.260626062606260120e+02,2.156587649089966362e+03
1.261626162616261126e+02,2.153299579459523557e+03
1.262626262626262132e+02,2.150019020592670586e+03
1.263626362636263138e+02,2.146745949641612242e+03
1.264626462646264144e+02,2.143480343845327752e+03
1.265626562656265151e+02,2.140222180529178786e+03
1.266626662666266157e+02,2.136971437104510187e+03
1.267626762676267163e+02,2.133728091068265712e+03
1.268626862686268169e+02,2.130492120002593310e+03
1.269626962696269175e+02,2.127263501574465863e+03
1.270627062706270181e+02,2.124042213535288283e+03
1.271627162716271187e+02,2.120828233720519620e+03
1.272627262726272193e+02,2.117621540049291980e+03
1.273627362736273199e+02,2.114422110524032632e+03
1.274627462746274205e+02,2.111229923230084751e+03
1.275627562756275211e+02,2.108044956335334518e+03
1.276627662766276217e+02,2.104867188089837327e+03
1.277627762776277223e+02,2.101696596825451252e+03
1.278627862786278229e+02,2.098533160955462336e+03
1.279627962796279235e+02,2.095376858974221250e+03
1.280628062806280241e+02,2.092227669456777676e+03
1.281628162816281247e+02,2.089085571058518326e+03
1.282628262826282253e+02,2.085950542514805420e+03
1.283628362836283259e+02,2.082822562640615160e+03
1.284628462846284265e+02,2.079701610330183939e+03
1.285628562856285271e+02,2.076587664556649088e+03
1.286628662866286277e+02,2.073480704371701904e+03
1.287628762876287283e+02,2.070380708905228857e+03
1.288628862886288289e+02,2.067287657364963707e+03
1.289628962896289295e+02,2.064201529036140982e+03
1.290629062906290301e+02,2.061122303281151744e+03
1.291629162916291307e+02,2.058049959539192059e+03
1.292629262926292313e+02,2.054984477325928765e+03
1.293629362936293319e+02,2.051925836233149766e+03
1.294629462946294325e+02,2.048874015928436165e+03
1.295629562956295331e+02,2.045828996154812785e+03
1.296629662966296337e+02,2.042790756730420981e+03
1.297629762976297343e+02,2.039759277548180989e+03
1.298629862986298349e+02,2.036734538575463148e+03
1.299629962996299355e+02,2.033716519853752516e+03
1.300630063006300361e+02,2.030705201498324868e+03
1.301630163016301367e+02,2.027700563697915186e+03
1.302630263026302373e+02,2.024702586714400240e+03
1.303630363036303379e+02,2.021711250882465038e+03
1.304630463046304385e+02,2.018726536609286768e+03
1.305630563056305391e+02,2.015748424374212391e+03
1.306630663066306397e+02,2.012776894728444177e+03
1.307630763076307403e+02,2.009811928294716154e+03
1.308630863086308409e+02,2.006853505766982835e+03
1.309630963096309415e+02,2.003901607910104531e+03
1.310631063106310421e+02,2.000956215559536759e+03
1.311631163116311427e+02,1.998017309621015784e+03
1.312631263126312433e+02,1.995084871070255076e+03
1.313631363136313439e+02,1.992158880952632444e+03
1.314631463146314445e+02,1.989239320382886945e+03
1.315631563156315451e+02,1.986326170544816478e+03
1.316631663166316457e+02,1.983419412690971967e+03
1.317631763176317463e+02,1.980519028142356774e+03
1.318631863186318469e+02,1.977624998288127244e+03
1.319631963196319475e+02,1.974737304585298489e+03
1.320632063206320481e+02,1.971855928558440155e+03
1.321632163216321487e+02,1.968980851799388120e+03
1.322632263226322493e+02,1.966112055966948219e+03
1.323632363236323499e+02,1.963249522786605439e+03
1.324632463246324505e+02,1.960393234050230603e+03
1.325632563256325511e+02,1.957543171615794336e+03
1.326632663266326517e+02,1.954699317407076478e+03
1.327632763276327523e+02,1.951861653413384602e+03
1.328632863286328529e+02,1.949030161689265242e+03
1.329632963296329535e+02,1.946204824354220136e+03
1.330633063306330541e+02,1.943385623592427237e+03
1.331633163316331547e+02,1.940572541652460359e+03
1.332633263326332553e+02,1.937765560847008373e+03
1.333633363336333559e+02,1.934964663552596903e+03
1.334633463346334565e+02,1.932169832209313654e+03
1.335633563356335571e+02,1.929381049320534885e+03
1.336633663366336577e+02,1.926598297452649831e+03
1.337633763376337583e+02,1.923821559234788765e+03
1.338633863386338589e+02,1.921050817358553331e+03
1.339633963396339595e+02,1.918286054577746427e+03
1.340634063406340601e+02,1.915527253708106855e+03
1.341634163416341607e+02,1.912774397627036706e+03
1.342634263426342613e+02,1.910027469273345332e+03
1.343634363436343619e+02,1.907286451646973319e+03
1.344634463446344625e+02,1.904551327808743736e+03
1.345634563456345631e+02,1.901822080880087924e+03
1.346634663466346638e+02,1.899098694042794477e+03
1.347634763476347644e+02,1.896381150538745260e+03
1.348634863486348650e+02,1.893669433669662794e+03
1.349634963496349656e+02,1.890963526796849237e+03
1.350635063506350662e+02,1.888263413340935131e+03
1.351635163516351668e+02,1.885569076781620879e+03
1.352635263526352674e+02,1.882880500657435960e+03
1.353635363536353680e+02,1.880197668565471758e+03
1.354635463546354686e+02,1.877520564161144193e+03
1.355635563556355692e+02,1.874849171157939509e+03
1.356635663566356698e+02,1.872183473327169850e+03
1.357635763576357704e+02,1.869523454497723606e+03
1.358635863586358710e+02,1.866869098555824621e+03
1.359635963596359716e+02,1.864220389444785042e+03
1.360636063606360722e+02,1.861577311164765661e+03
1.361636163616361728e+02,1.858939847772531948e+03
1.362636263626362734e+02,1.856307983381217127e+03
1.363636363636363740e+02,1.853681702160080931e+03
1.364636463646364746e+02,1.851060988334270860e+03
1.365636563656365752e+02,1.848445826184590942e+03
1.366636663666366758e+02,1.845836200047259808e+03
1.367636763676367764e+02,1.843232094313679681e+03
1.368636863686368770e+02,1.840633493430204226e+03
1.369636963696369776e+02,1.838040381897906173e+03
1.370637063706370782e+02,1.835452744272344944e+03
1.371637163716371788e+02,1.832870565163336778e+03
1.372637263726372794e+02,1.830293829234730083e+03
1.373637363736373800e+02,1.827722521204174882e+03
1.374637463746374806e+02,1.825156625842896574e+03
1.375637563756375812e+02,1.822596127975470381e+03
1.376637663766376818e+02,1.820041012479600113e+03
1.377637763776377824e+02,1.817491264285893521e+03
1.378637863786378830e+02,1.814946868377639248e+03
1.379637963796379836e+02,1.812407809790587180e+03
1.380638063806380842e+02,1.809874073612728353e+03
1.381638163816381848e+02,1.807345644984078945e+03
1.382638263826382854e+02,1.804822509096458816e+03
1.383638363836382723e+02,1.802304651193279369e+03
1.384638463846383729e+02,1.799792056569317310e+03
1.385638563856384735e+02,1.797284710570516154e+03
1.386638663866385741e+02,1.794782598593764760e+03
1.387638763876386747e+02,1.792285706086681785e+03
1.388638863886387753e+02,1.789794018547409905e+03
1.389638963896388759e+02,1.787307521524404820e+03
1.390639063906389765e+02,1.784826200616222195e+03
1.391639163916390771e+02,1.782350041471313943e+03
1.392639263926391777e+02,1.779879029787817217e+03
1.393639363936392783e+02,1.777413151313352500e+03
1.394639463946393789e+02,1.774952391844815111e+03
1.395639563956394795e+02,1.772496737228170787e+03
1.396639663966395801e+02,1.770046173358254464e+03
1.397639763976396807e+02,1.767600686178568367e+03
1.398639863986397813e+02,1.765160261681076918e+03
1.399639963996398819e+02,1.762724885906010968e+03
1.400640064006399825e+02,1.760294544941664071e+03
1.401640164016400831e+02,1.757869224924199898e+03
1.402640264026401837e+02,1.755448912037449190e+03
1.403640364036402843e+02,1.753033592512715359e+03
1.404640464046403849e+02,1.750623252628579166e+03
1.405640564056404855e+02,1.748217878710705463e+03
1.406640664066405861e+02,1.745817457131646961e+03
1.407640764076406867e+02,1.743421974310652331e+03
1.408640864086407873e+02,1.741031416713475664e+03
1.409640964096408879e+02,1.738645770852182977e+03
1.410641064106409885e+02,1.736265023284966219e+03
1.411641164116410891e+02,1.733889160615950459e+03
1.412641264126411897e+02,1.731518169495006077e+03
1.413641364136412903e+02,1.729152036617563908e+03
1.414641464146413909e+02,1.726790748724428340e+03
1.415641564156414915e+02,1.724434292601587913e+03
1.416641664166415921e+02,1.722082655080037739e+03
1.417641764176416928e+02,1.719735823035587828e+03
1.418641864186417934e+02,1.717393783388687325e+03
1.419641964196418940e+02,1.715056523104237385e+03
1.420642064206419946e+02,1.712724029191412910e+03
1.421642164216420952e+02,1.710396288703480877e+03
1.422642264226421958e+02,1.708073288737622761e+03
1.423642364236422964e+02,1.705755016434753770e+03
1.424642464246423970e+02,1.703441458979345725e+03
1.425642564256424976e+02,1.701132603599250388e+03
1.426642664266425982e+02,1.698828437565525974e+03
1.427642764276426988e+02,1.696528948192256848e+03
1.428642864286427994e+02,1.694234122836383676e+03
1.429642964296429000e+02,1.691943948897526070e+03
1.430643064306430006e+02,1.689658413817814562e+03
1.431643164316431012e+02,1.687377505081714389e+03
1.432643264326432018e+02,1.685101210215855644e+03
1.433643364336433024e+02,1.682829516788864112e+03
1.434643464346434030e+02,1.680562412411191644e+03
1.435643564356435036e+02,1.678299884734945863e+03
1.436643664366436042e+02,1.676041921453723717e+03
1.437643764376437048e+02,1.673788510302443910e+03
1.438643864386438054e+02,1.671539639057179784e+03
1.439643964396439060e+02,1.669295295534996285e+03
1.440644064406440066e+02,1.667055467593781714e+03
1.441644164416441072e+02,1.664820143132086741e+03
1.442644264426442078e+02,1.662589310088957745e+03
1.443644364436443084e+02,1.660362956443779922e+03
1.444644464446444090e+02,1.658141070216109711e+03
1.445644564456445096e+02,1.655923639465516317e+03
1.446644664466446102e+02,1.653710652291422775e+03
1.447644764476447108e+02,1.651502096832944744e+03
1.448644864486448114e+02,1.649297961268732024e+03
1.449644964496449120e+02,1.647098233816810307e+03
1.450645064506450126e+02,1.644902902734424515e+03
1.451645164516451132e+02,1.642711956317883960e+03
1.452645264526452138e+02,1.640525382902402725e+03
1.453645364536453144e+02,1.638343170861948238e+03
1.454645464546454150e+02,1.636165308609083468e+03
1.455645564556455156e+02,1.633991784594817545e+03
1.456645664566456162e+02,1.631822587308450238e+03
1.457645764576457168e+02,1.629657705277418700e+03
1.458645864586458174e+02,1.627497127067147630e+03
1.459645964596459180e+02,1.625340841280900349e+03
1.460646064606460186e+02,1.623188836559624178e+03
1.461646164616461192e+02,1.621041101581804242e+03
1.462646264626462198e+02,1.618897625063313853e+03
1.463646364636463204e+02,1.616758395757266953e+03
1.464646464646464210e+02,1.614623402453871222e+03
1.465646564656465216e+02,1.612492633980278924e+03
1.466646664666466222e+02,1.610366079200444346e+03
1.467646764676467228e+02,1.608243727014975093e+03
1.468646864686468234e+02,1.606125566360991115e+03
1.469646964696469240e+02,1.604011586211976692e+03
1.470647064706470246e+02,1.601901775577641047e+03
1.471647164716471252e+02,1.599796123503771923e+03
1.472647264726472258e+02,1.597694619072098249e+03
1.473647364736473264e+02,1.595597251400143023e+03
1.474647464746474270e+02,1.593504009641088032e+03
1.475647564756475276e+02,1.591414882983628331e+03
1.476647664766476282e+02,1.589329860651840590e+03
1.477647764776477288e+02,1.587248931905035988e+03
1.478647864786478294e+02,1.585172086037626968e+03
1.479647964796479300e+02,1.583099312378987179e+03
1.480648064806480306e+02,1.581030600293318003e+03
1.481648164816481312e+02,1.578965939179508950e+03
1.482648264826482318e+02,1.576905318471002829e+03
1.483648364836483324e+02,1.574848727635661589e+03
1.484648464846484330e+02,1.572796156175632404e+03
1.485648564856485336e+02,1.570747593627211018e+03
1.486648664866486342e+02,1.568703029560713276e+03
1.487648764876487348e+02,1.566662453580336432e+03
1.488648864886488354e+02,1.564625855324032500e+03
1.489648964896489360e+02,1.562593224463374781e+03
1.490649064906490366e+02,1.560564550703426903e+03
1.491649164916491372e+02,1.558539823782612757e+03
1.492649264926492378e+02,1.556519033472586898e+03
1.493649364936493384e+02,1.554502169578106304e+03
1.494649464946494390e+02,1.552489221936901004e+03
1.495649564956495396e+02,1.550480180419546059e+03
1.496649664966496402e+02,1.548475034929335834e+03
1.497649764976497408e+02,1.546473775402155525e+03
1.498649864986498415e+02,1.544476391806355878e+03
1.499649964996499421e+02,1.542482874142627679e+03
1.500650065006500427e+02,1.540493212443875791e+03
1.501650165016501433e+02,1.538507396775097277e+03
1.502650265026502439e+02,1.536525417233254075e+03
1.503650365036503445e+02,1.534547263947152487e+03
1.504650465046504451e+02,1.532572927077318127e+03
1.505650565056505457e+02,1.530602396815876546e+03
1.506650665066506463e+02,1.528635663386429769e+03
1.507650765076507469e+02,1.526672717043934199e+03
1.508650865086508475e+02,1.524713548074581695e+03
1.509650965096509481e+02,1.522758146795679977e+03
1.510651065106510487e+02,1.520806503555531890e+03
1.511651165116511493e+02,1.518858608733315350e+03
1.512651265126512499e+02,1.516914452738968976e+03
1.513651365136513505e+02,1.514974026013069306e+03
1.514651465146514511e+02,1.513037319026717569e+03
1.515651565156515517e+02,1.511104322281419400e+03
1.516651665166516523e+02,1.509175026308972292e+03
1.517651765176517529e+02,1.507249421671345090e+03
1.518651865186518535e+02,1.505327498960567937e+03
1.519651965196519541e+02,1.503409248798612452e+03
1.520652065206520547e+02,1.501494661837281228e+03
1.521652165216521553e+02,1.499583728758091866e+03
1.522652265226522559e+02,1.497676440272166246e+03
1.523652365236523565e+02,1.495772787120114344e+03
1.524652465246524571e+02,1.493872760071924631e+03
1.525652565256525577e+02,1.491976349926850389e+03
1.526652665266526583e+02,1.490083547513302165e+03
1.527652765276527589e+02,1.488194343688731578e+03
1.528652865286528595e+02,1.486308729339525144e+03
1.529652965296529601e+02,1.484426695380892852e+03
1.530653065306530607e+02,1.482548232756759944e+03
1.531653165316531613e+02,1.480673332439656406e+03
1.532653265326532619e+02,1.478801985430610785e+03
1.533653365336533625e+02,1.476934182759039231e+03
1.534653465346534631e+02,1.475069915482642045e+03
1.535653565356535637e+02,1.473209174687295445e+03
1.536653665366536643e+02,1.471351951486941516e+03
1.537653765376537649e+02,1.469498237023487718e+03
1.538653865386538655e+02,1.467648022466697967e+03
1.539653965396539661e+02,1.465801299014088954e+03
1.540654065406540667e+02,1.463958057890824875e+03
1.541654165416541673e+02,1.462118290349613744e+03
1.542654265426542679e+02,1.460281987670603030e+03
1.543654365436543685e+02,1.458449141161278476e+03
1.544654465446544691e+02,1.456619742156358370e+03
1.545654565456545697e+02,1.454793782017693729e+03
1.546654665466546703e+02,1.452971252134165297e+03
1.547654765476547709e+02,1.451152143921582592e+03
1.548654865486548715e+02,1.449336448822582042e+03
1.549654965496549721e+02,1.447524158306527852e+03
1.550655065506550727e+02,1.445715263869410137e+03
1.551655165516551733e+02,1.443909757033748519e+03
1.552655265526552739e+02,1.442107629348488445e+03
1.553655365536553745e+02,1.440308872388905684e+03
1.554655465546554751e+02,1.438513477756506745e+03
1.555655565556555757e+02,1.436721437078932695e+03
1.556655665566556763e+02,1.434932742009858202e+03
1.557655765576557769e+02,1.433147384228897181e+03
1.558655865586558775e+02,1.431365355441505471e+03
1.559655965596559781e+02,1.429586647378885573e+03
1.560656065606560787e+02,1.427811251797888190e+03
1.561656165616561793e+02,1.426039160480919691e+03
1.562656265626562799e+02,1.424270365235844793e+03
1.563656365636563805e+02,1.422504857895894702e+03
1.564656465646564811e+02,1.420742630319570026e+03
1.565656565656565817e+02,1.418983674390549595e+03
1.566656665666566823e+02,1.417227982017594741e+03
1.567656765676567829e+02,1.415475545134457661e+03
1.568656865686568835e+02,1.413726355699790247e+03
1.569656965696569841e+02,1.411980405697048582e+03
1.570657065706570847e+02,1.410237687134404041e+03
1.571657165716571853e+02,1.408498192044650295e+03
1.572657265726572859e+02,1.406761912485114181e+03
1.573657365736572729e+02,1.405028840537564520e+03
1.574657465746573735e+02,1.403298968308116628e+03
1.575657565756574741e+02,1.401572287927152956e+03
1.576657665766575747e+02,1.399848791549225780e+03
1.577657765776576753e+02,1.398128471352970337e+03
1.578657865786577759e+02,1.396411319541016383e+03
1.579657965796578765e+02,1.394697328339900423e+03
1.580658065806579771e+02,1.392986489999977493e+03
1.581658165816580777e+02,1.391278796795331800e+03
1.582658265826581783e+02,1.389574241023693276e+03
1.583658365836582789e+02,1.387872815006346173e+03
1.584658465846583795e+02,1.386174511088048575e+03
1.585658565856584801e+02,1.384479321636941449e+03
1.586658665866585807e+02,1.382787239044463377e+03
1.587658765876586813e+02,1.381098255725268700e+03
1.588658865886587819e+02,1.379412364117139759e+03
1.589658965896588825e+02,1.377729556680902533e+03
1.590659065906589831e+02,1.376049825900344104e+03
1.591659165916590837e+02,1.374373164282126481e+03
1.592659265926591843e+02,1.372699564355704979e+03
1.593659365936592849e+02,1.371029018673244309e+03
1.594659465946593855e+02,1.369361519809536503e+03
1.595659565956594861e+02,1.367697060361916328e+03
1.596659665966595867e+02,1.366035632950183071e+03
1.597659765976596873e+02,1.364377230216515045e+03
1.598659865986597879e+02,1.362721844825390235e+03
1.599659965996598885e+02,1.361069469463503765e+03
1.600660066006599891e+02,1.359420096839691269e+03
1.601660166016600897e+02,1.357773719684842717e+03
1.602660266026601903e+02,1.356130330751825568e+03
1.603660366036602909e+02,1.354489922815405180e+03
1.604660466046603915e+02,1.352852488672166146e+03
1.605660566056604921e+02,1.351218021140430892e+03
1.606660666066605927e+02,1.349586513060182142e+03
1.607660766076606933e+02,1.347957957292985384e+03
1.608660866086607939e+02,1.346332346721911108e+03
1.609660966096608945e+02,1.344709674251454771e+03
1.610661066106609951e+02,1.343089932807462219e+03
1.611661166116610957e+02,1.341473115337050785e+03
1.612661266126611963e+02,1.339859214808533125e+03
1.613661366136612969e+02,1.338248224211341949e+03
1.614661466146613975e+02,1.336640136555952267e+03
1.615661566156614981e+02,1.335034944873806580e+03
1.616661666166615987e+02,1.333432642217238708e+03
1.617661766176616993e+02,1.331833221659400351e+03
1.618661866186617999e+02,1.330236676294185145e+03
1.619661966196619005e+02,1.328642999236152718e+03
1.620662066206620011e+02,1.327052183620458436e+03
1.621662166216621017e+02,1.325464222602776090e+03
1.622662266226622023e+02,1.323879109359224685e+03
1.623662366236623029e+02,1.322296837086297728e+03
1.624662466246624035e+02,1.320717399000786600e+03
1.625662566256625041e+02,1.319140788339712344e+03
1.626662666266626047e+02,1.317566998360248817e+03
1.627662766276627053e+02,1.315996022339653791e+03
1.628662866286628059e+02,1.314427853575195741e+03
1.629662966296629065e+02,1.312862485384083584e+03
1.630663066306630071e+02,1.311299911103394834e+03
1.631663166316631077e+02,1.309740124090004656e+03
1.632663266326632083e+02,1.308183117720514247e+03
1.633663366336633089e+02,1.306628885391184667e+03
1.634663466346634095e+02,1.305077420517861583e+03
1.635663566356635101e+02,1.303528716535909098e+03
1.636663666366636107e+02,1.301982766900139495e+03
1.637663766376637113e+02,1.300439565084743663e+03
1.638663866386638119e+02,1.298899104583223561e+03
1.639663966396639125e+02,1.297361378908321740e+03
1.640664066406640131e+02,1.295826381591955624e+03
1.641664166416641137e+02,1.294294106185146347e+03
1.642664266426642143e+02,1.292764546257954862e+03
1.643664366436643149e+02,1.291237695399411223e+03
1.644664466446644155e+02,1.289713547217449559e+03
1.645664566456645161e+02,1.288192095338840090e+03
1.646664666466646167e+02,1.286673333409123643e+03
1.647664766476647173e+02,1.285157255092544801e+03
1.648664866486648179e+02,1.283643854071984606e+03
1.649664966496649186e+02,1.282133124048897116e+03
1.650665066506650192e+02,1.280625058743243926e+03
1.651665166516651198e+02,1.279119651893426180e+03
1.652665266526652204e+02,1.277616897256222273e+03
1.653665366536653210e+02,1.276116788606721684e+03
1.654665466546654216e+02,1.274619319738262220e+03
1.655665566556655222e+02,1.273124484462364762e+03
1.656665666566656228e+02,1.271632276608668235e+03
1.657665766576657234e+02,1.270142690024868443e+03
1.658665866586658240e+02,1.268655718576653271e+03
1.659665966596659246e+02,1.267171356147641063e+03
1.660666066606660252e+02,1.265689596639314232e+03
1.661666166616661258e+02,1.264210433970961276e+03
1.662666266626662264e+02,1.262733862079610844e+03
1.663666366636663270e+02,1.261259874919971935e+03
1.664666466646664276e+02,1.259788466464370913e+03
1.665666566656665282e+02,1.258319630702690120e+03
1.666666666666666288e+02,1.256853361642306709e+03
1.667666766676667294e+02,1.255389653308032393e+03
1.668666866686668300e+02,1.253928499742050462e+03
1.669666966696669306e+02,1.252469895003858255e+03
1.670667066706670312e+02,1.251013833170203270e+03
1.671667166716671318e+02,1.249560308335027230e+03
1.672667266726672324e+02,1.248109314609402190e+03
1.673667366736673330e+02,1.246660846121473014e+03
1.674667466746674336e+02,1.245214897016398936e+03
1.675667566756675342e+02,1.243771461456292400e+03
1.676667666766676348e+02,1.242330533620160850e+03
1.677667766776677354e+02,1.240892107703849888e+03
1.678667866786678360e+02,1.239456177919980746e+03
1.679667966796679366e+02,1.238022738497897990e+03
1.680668066806680372e+02,1.236591783683605854e+03
1.681668166816681378e+02,1.235163307739714355e+03
1.682668266826682384e+02,1.233737304945379719e+03
1.683668366836683390e+02,1.232313769596248676e+03
1.684668466846684396e+02,1.230892696004400705e+03
1.685668566856685402e+02,1.229474078498291192e+03
1.686668666866686408e+02,1.228057911422694133e+03
1.687668766876687414e+02,1.226644189138649153e+03
1.688668866886688420e+02,1.225232906023400801e+03
1.689668966896689426e+02,1.223824056470346022e+03
1.690669066906690432e+02,1.222417634888977091e+03
1.691669166916691438e+02,1.221013635704826356e+03
1.692669266926692444e+02,1.219612053359412130e+03
1.693669366936693450e+02,1.218212882310182067e+03
1.694669466946694456e+02,1.216816117030459509e+03
1.695669566956695462e+02,1.215421752009388001e+03
1.696669666966696468e+02,1.214029781751879000e+03
1.697669766976697474e+02,1.212640200778556164e+03
1.698669866986698480e+02,1.211253003625699876e+03
1.699669966996699486e+02,1.209868184845197675e+03
1.700670067006700492e+02,1.208485739004488551e+03
1.701670167016701498e+02,1.207105660686508827e+03
1.702670267026702504e+02,1.205727944489640095e+03
1.703670367036703510e+02,1.204352585027656914e+03
1.704670467046704516e+02,1.202979576929673613e+03
1.705670567056705522e+02,1.201608914840092439e+03
1.706670667066706528e+02,1.200240593418549906e+03
1.707670767076707534e+02,1.198874607339866543e+03
1.708670867086708540e+02,1.197510951293994594e+03
1.709670967096709546e+02,1.196149619985967092e+03
1.710671067106710552e+02,1.194790608135844195e+03
1.711671167116711558e+02,1.193433910478664757e+03
1.712671267126712564e+02,1.192079521764392894e+03
1.713671367136713570e+02,1.190727436757870692e+03
1.714671467146714576e+02,1.189377650238764318e+03
1.715671567156715582e+02,1.188030157001514908e+03
1.716671667166716588e+02,1.186684951855288091e+03
1.717671767176717594e+02,1.185342029623925782e+03
1.718671867186718600e+02,1.184001385145893437e+03
1.719671967196719606e+02,1.182663013274233890e+03
1.720672067206720612e+02,1.181326908876514608e+03
1.721672167216721618e+02,1.179993066834781075e+03
1.722672267226722624e+02,1.178661482045506773e+03
1.723672367236723630e+02,1.177332149419544521e+03
1.724672467246724636e+02,1.176005063882077366e+03
1.725672567256725642e+02,1.174680220372571966e+03
1.726672667266726648e+02,1.173357613844728803e+03
1.727672767276727654e+02,1.172037239266433517e+03
1.728672867286728660e+02,1.170719091619710980e+03
1.729672967296729666e+02,1.169403165900677777e+03
1.730673067306730672e+02,1.168089457119492181e+03
1.731673167316731679e+02,1.166777960300309360e+03
1.732673267326732685e+02,1.165468670481232721e+03
1.733673367336733691e+02,1.164161582714268889e+03
1.734673467346734697e+02,1.162856692065279731e+03
1.735673567356735703e+02,1.161553993613934836e+03
1.736673667366736709e+02,1.160253482453667402e+03
1.737673767376737715e+02,1.158955153691627174e+03
1.738673867386738721e+02,1.157659002448633146e+03
1.739673967396739727e+02,1.156365023859130361e+03
1.740674067406740733e+02,1.155073213071141481e+03
1.741674167416741739e+02,1.153783565246223588e+03
1.742674267426742745e+02,1.152496075559422252e+03
1.743674367436743751e+02,1.151210739199225372e+03
1.744674467446744757e+02,1.149927551367520437e+03
1.745674567456745763e+02,1.148646507279546086e+03
1.746674667466746769e+02,1.147367602163853235e+03
1.747674767476747775e+02,1.146090831262254596e+03
1.748674867486748781e+02,1.144816189829784662e+03
1.749674967496749787e+02,1.143543673134654000e+03
1.750675067506750793e+02,1.142273276458206283e+03
1.751675167516751799e+02,1.141004995094872584e+03
1.752675267526752805e+02,1.139738824352130678e+03
1.753675367536753811e+02,1.138474759550458202e+03
1.754675467546754817e+02,1.137212796023294459e+03
1.755675567556755823e+02,1.135952929116991527e+03
1.756675667566756829e+02,1.134695154190776293e+03
1.757675767576757835e+02,1.133439466616704067e+03
1.758675867586758841e+02,1.132185861779618790e+03
1.759675967596759847e+02,1.130934335077109836e+03
1.760676067606760853e+02,1.129684881919469262e+03
1.761676167616761859e+02,1.128437497729649294e+03
1.762676267626762865e+02,1.127192177943221850e+03
1.763676367636763871e+02,1.125948918008336705e+03
1.764676467646763740e+02,1.124707713385680108e+03
1.765676567656764746e+02,1.123468559548428630e+03
1.766676667666765752e+02,1.122231451982216868e+03
1.767676767676766758e+02,1.120996386185089023e+03
1.768676867686767764e+02,1.119763357667461150e+03
1.769676967696768770e+02,1.118532361952079327e+03
1.770677067706769776e+02,1.117303394573980313e+03
1.771677167716770782e+02,1.116076451080449033e+03
1.772677267726771788e+02,1.114851527030980378e+03
1.773677367736772794e+02,1.113628617997236915e+03
1.774677467746773800e+02,1.112407719563012506e+03
1.775677567756774806e+02,1.111188827324187741e+03
1.776677667766775812e+02,1.109971936888693563e+03
1.777677767776776818e+02,1.108757043876470561e+03
1.778677867786777824e+02,1.107544143919430326e+03
1.779677967796778830e+02,1.106333232661415423e+03
1.780678067806779836e+02,1.105124305758160517e+03
1.781678167816780842e+02,1.103917358877253491e+03
1.782678267826781848e+02,1.102712387698097018e+03
1.783678367836782854e+02,1.101509387911869226e+03
1.784678467846783860e+02,1.100308355221486181e+03
1.785678567856784866e+02,1.099109285341562781e+03
1.786678667866785872e+02,1.097912173998374101e+03
1.787678767876786878e+02,1.096717016929819238e+03
1.788678867886787884e+02,1.095523809885381070e+03
1.789678967896788890e+02,1.094332548626090329e+03
1.790679067906789896e+02,1.093143228924486721e+03
1.791679167916790902e+02,1.091955846564582771e+03
1.792679267926791908e+02,1.090770397341824491e+03
1.793679367936792914e+02,1.089586877063057045e+03
1.794679467946793920e+02,1.088405281546484503e+03
1.795679567956794926e+02,1.087225606621636189e+03
1.796679667966795932e+02,1.086047848129326439e+03
1.797679767976796938e+02,1.084872001921620949e+03
1.798679867986797944e+02,1.083698063861798573e+03
1.799679967996798950e+02,1.082526029824316083e+03
1.800680068006799956e+02,1.081355895694770879e+03
1.801680168016800963e+02,1.080187657369865747e+03
1.802680268026801969e+02,1.079021310757371793e+03
1.803680368036802975e+02,1.077856851776095027e+03
1.804680468046803981e+02,1.076694276355837701e+03
1.805680568056804987e+02,1.075533580437364890e+03
1.806680668066805993e+02,1.074374759972367428e+03
1.807680768076806999e+02,1.073217810923428715e+03
1.808680868086808005e+02,1.072062729263988331e+03
1.809680968096809011e+02,1.070909510978306344e+03
1.810681068106810017e+02,1.069758152061429655e+03
1.811681168116811023e+02,1.068608648519157214e+03
1.812681268126812029e+02,1.067460996368004544e+03
1.813681368136813035e+02,1.066315191635170095e+03
1.814681468146814041e+02,1.065171230358500679e+03
1.815681568156815047e+02,1.064029108586456459e+03
1.816681668166816053e+02,1.062888822378077975e+03
1.817681768176817059e+02,1.061750367802952269e+03
1.818681868186818065e+02,1.060613740941177184e+03
1.819681968196819071e+02,1.059478937883330218e+03
1.820682068206820077e+02,1.058345954730432823e+03
1.821682168216821083e+02,1.057214787593918572e+03
1.822682268226822089e+02,1.056085432595598149e+03
1.823682368236823095e+02,1.054957885867627965e+03
1.824682468246824101e+02,1.053832143552475600e+03
1.825682568256825107e+02,1.052708201802887515e+03
1.826682668266826113e+02,1.051586056781856541e+03
1.827682768276827119e+02,1.050465704662587086e+03
1.828682868286828125e+02,1.049347141628466716e+03
1.829682968296829131e+02,1.048230363873029091e+03
1.830683068306830137e+02,1.047115367599924411e+03
1.831683168316831143e+02,1.046002149022885533e+03
1.832683268326832149e+02,1.044890704365698411e+03
1.833683368336833155e+02,1.043781029862167543e+03
1.834683468346834161e+02,1.042673121756084356e+03
1.835683568356835167e+02,1.041566976301196746e+03
1.836683668366836173e+02,1.040462589761176559e+03
1.837683768376837179e+02,1.039359958409588444e+03
1.838683868386838185e+02,1.038259078529858243e+03
1.839683968396839191e+02,1.037159946415241393e+03
1.840684068406840197e+02,1.036062558368791997e+03
1.841684168416841203e+02,1.034966910703332587e+03
1.842684268426842209e+02,1.033872999741421381e+03
1.843684368436843215e+02,1.032780821815323861e+03
1.844684468446844221e+02,1.031690373266979122e+03
1.845684568456845227e+02,1.030601650447971906e+03
1.846684668466846233e+02,1.029514649719501222e+03
1.847684768476847239e+02,1.028429367452348743e+03
1.848684868486848245e+02,1.027345800026849929e+03
1.849684968496849251e+02,1.026263943832864243e+03
1.850685068506850257e+02,1.025183795269743996e+03
1.851685168516851263e+02,1.024105350746304339e+03
1.852685268526852269e+02,1.023028606680794041e+03
1.853685368536853275e+02,1.021953559500866618e+03
1.854685468546854281e+02,1.020880205643548948e+03
1.855685568556855287e+02,1.019808541555212173e+03
1.856685668566856293e+02,1.018738563691543277e+03
1.857685768576857299e+02,1.017670268517515638e+03
1.858685868586858305e+02,1.016603652507358447e+03
1.859685968596859311e+02,1.015538712144529313e+03
1.860686068606860317e+02,1.014475443921684473e+03
1.861686168616861323e+02,1.013413844340650485e+03
1.862686268626862329e+02,1.012353909912394101e+03
1.863686368636863335e+02,1.011295637156996122e+03
1.864686468646864341e+02,1.010239022603620128e+03
1.865686568656865347e+02,1.009184062790485314e+03
1.866686668666866353e+02,1.008130754264839084e+03
1.867686768676867359e+02,1.007079093582927158e+03
1.868686868686868365e+02,1.006029077309965942e+03
1.869686968696869371e+02,1.004980702020115132e+03
1.870687068706870377e+02,1.003933964296449517e+03
1.871687168716871383e+02,1.002888860730930560e+03
1.872687268726872389e+02,1.001845387924378997e+03
1.873687368736873395e+02,1.000803542486448123e+03
1.874687468746874401e+02,9.997633210355957090e+02
1.875687568756875407e+02,9.987247201990550138e+02
1.876687668766876413e+02,9.976877366128094309e+02
1.877687768776877419e+02,9.966523669215653172e+02
1.878687868786878425e+02,9.956186077787237991e+02
1.879687968796879431e+02,9.945864558463542835e+02
1.880688068806880437e+02,9.935559077951670588e+02
1.881688168816881443e+02,9.925269603044870337e+02
1.882688268826882450e+02,9.914996100622273616e+02
1.883688368836883456e+02,9.904738537648619285e+02
1.884688468846884462e+02,9.894496881173987504e+02
1.885688568856885468e+02,9.884271098333543932e+02
1.886688668866886474e+02,9.874061156347270298e+02
1.887688768876887480e+02,9.863867022519708598e+02
1.888688868886888486e+02,9.853688664239687114e+02
1.889688968896889492e+02,9.843526048980070300e+02
1.890689068906890498e+02,9.833379144297493895e+02
1.891689168916891504e+02,9.823247917832113671e+02
1.892689268926892510e+02,9.813132337307332591e+02
1.893689368936893516e+02,9.803032370529570017e+02
1.894689468946894522e+02,9.792947985387969538e+02
1.895689568956895528e+02,9.782879149854178422e+02
1.896689668966896534e+02,9.772825831982075897e+02
1.897689768976897540e+02,9.762787999907515086e+02
1.898689868986898546e+02,9.752765621848084265e+02
1.899689968996899552e+02,9.742758666102853340e+02
1.900690069006900558e+02,9.732767101052116914e+02
1.901690169016901564e+02,9.722790895157143041e+02
1.902690269026902570e+02,9.712830016959928798e+02
1.903690369036903576e+02,9.702884435082970640e+02
1.904690469046904582e+02,9.692954118228975631e+02
1.905690569056905588e+02,9.683039035180651126e+02
1.906690669066906594e+02,9.673139154800448978e+02
1.907690769076907600e+02,9.663254446030316558e+02
1.908690869086908606e+02,9.653384877891458018e+02
1.909690969096909612e+02,9.643530419484092135e+02
1.910691069106910618e+02,9.633691039987199929e+02
1.911691169116911624e+02,9.623866708658316611e+02
1.912691269126912630e+02,9.614057394833240551e+02
1.913691369136913636e+02,9.604263067925838868e+02
1.914691469146914642e+02,9.594483697427789366e+02
1.915691569156915648e+02,9.584719252908340650e+02
1.916691669166916654e+02,9.574969704014088165e+02
1.917691769176917660e+02,9.565235020468726361e+02
1.918691869186918666e+02,9.555515172072817904e+02
1.919691969196919672e+02,9.545810128703564033e+02
1.920692069206920678e+02,9.536119860314568086e+02
1.921692169216921684e+02,9.526444336935600177e+02
1.922692269226922690e+02,9.516783528672366401e+02
1.923692369236923696e+02,9.507137405706283744e+02
1.924692469246924702e+02,9.497505938294249290e+02
1.925692569256925708e+02,9.487889096768403761e+02
1.926692669266926714e+02,9.478286851535904134e+02
1.927692769276927720e+02,9.468699173078705371e+02
1.928692869286928726e+02,9.459126031953326219e+02
1.929692969296929732e+02,9.449567398790630932e+02
1.930693069306930738e+02,9.440023244295589393e+02
1.931693169316931744e+02,9.430493539247062245e+02
1.932693269326932750e+02,9.420978254497582611e+02
1.933693369336933756e+02,9.411477360973129862e+02
1.934693469346934762e+02,9.401990829672901100e+02
1.935693569356935768e+02,9.392518631669091747e+02
1.936693669366936774e+02,9.383060738106684084e+02
1.937693769376937780e+02,9.373617120203219883e+02
1.938693869386938786e+02,9.364187749248578712e+02
1.939693969396939792e+02,9.354772596604772161e+02
1.940694069406940798e+02,9.345371633705713066e+02
1.941694169416941804e+02,9.335984832057009726e+02
1.942694269426942810e+02,9.326612163235738535e+02
1.943694369436943816e+02,9.317253598890242756e+02
1.944694469446944822e+02,9.307909110739905145e+02
1.945694569456945828e+02,9.298578670574952412e+02
1.946694669466946834e+02,9.289262250256214202e+02
1.947694769476947840e+02,9.279959821714937789e+02
1.948694869486948846e+02,9.270671356952561837e+02
1.949694969496949852e+02,9.261396828040517448e+02
1.950695069506950858e+02,9.252136207120005338e+02
1.951695169516951864e+02,9.242889466401795744e+02
1.952695269526952870e+02,9.233656578166006739e+02
1.953695369536953876e+02,9.224437514761933699e+02
1.954695469546953746e+02,9.215232248607804877e+02
1.955695569556954752e+02,9.206040752190549483e+02
1.956695669566955758e+02,9.196862998065680586e+02
1.957695769576956764e+02,9.187698958857017715e+02
1.958695869586957770e+02,9.178548607256508376e+02
1.959695969596958776e+02,9.169411916024012044e+02
1.960696069606959782e+02,9.160288857987111442e+02
1.961696169616960788e+02,9.151179406040911317e+02
1.962696269626961794e+02,9.142083533147823573e+02
1.963696369636962800e+02,9.133001212337376273e+02
1.964696469646963806e+02,9.123932416706006734e+02
1.965696569656964812e+02,9.114877119416881897e+02
1.966696669666965818e+02,9.105835293699670956e+02
1.967696769676966824e+02,9.096806912850374829e+02
1.968696869686967830e+02,9.087791950231103328e+02
1.969696969696968836e+02,9.078790379269906907e+02
1.970697069706969842e+02,9.069802173460556105e+02
1.971697169716970848e+02,9.060827306362359650e+02
1.972697269726971854e+02,9.051865751599967780e+02
1.973697369736972860e+02,9.042917482863181249e+02
1.974697469746973866e+02,9.033982473906747828e+02
1.975697569756974872e+02,9.025060698550186089e+02
1.976697669766975878e+02,9.016152130677573950e+02
1.977697769776976884e+02,9.007256744237383828e+02
1.978697869786977890e+02,8.998374513242267767e+02
1.979697969796978896e+02,8.989505411768880094e+02
1.980698069806979902e+02,8.980649413957678462e+02
1.981698169816980908e+02,8.971806494012755593e+02
1.982698269826981914e+02,8.962976626201631234e+02
1.983698369836982920e+02,8.954159784855072530e+02
1.984698469846983926e+02,8.945355944366907579e+02
1.985698569856984932e+02,8.936565079193842394e+02
1.986698669866985938e+02,8.927787163855272183e+02
1.987698769876986944e+02,8.919022172933098318e+02
1.988698869886987950e+02,8.910270081071540744e+02
1.989698969896988956e+02,8.901530862976959497e+02
1.990699069906989962e+02,8.892804493417672802e+02
1.991699169916990968e+02,8.884090947223771764e+02
1.992699269926991974e+02,8.875390199286938469e+02
1.993699369936992980e+02,8.866702224560265222e+02
1.994699469946993986e+02,8.858026998058082881e+02
1.995699569956994992e+02,8.849364494855767589e+02
1.996699669966995998e+02,8.840714690089567966e+02
1.997699769976997004e+02,8.832077558956435723e+02
1.998699869986998010e+02,8.823453076713834662e+02
1.999699969996999016e+02,8.814841218679569010e+02
2.000700070007000022e+02,8.806241960231606072e+02
2.001700170017001028e+02,8.797655276807898872e+02
2.002700270027002034e+02,8.789081143906221314e+02
2.003700370037003040e+02,8.780519537083973773e+02
2.004700470047004046e+02,8.771970431958036443e+02
2.005700570057005052e+02,8.763433804204559010e+02
2.006700670067006058e+02,8.754909629558825372e+02
2.007700770077007064e+02,8.746397883815060368e+02
2.008700870087008070e+02,8.737898542826262656e+02
2.009700970097009076e+02,8.729411582504026228e+02
2.010701070107010082e+02,8.720936978818385796e+02
2.011701170117011088e+02,8.712474707797634892e+02
2.012701270127012094e+02,8.704024745528156473e+02
2.013701370137013100e+02,8.695587068154264898e+02
2.014701470147014106e+02,8.687161651878017210e+02
2.015701570157015112e+02,8.678748472959074434e+02
2.016701670167016118e+02,8.670347507714502626e+02
2.017701770177017124e+02,8.661958732518634179e+02
2.018701870187018130e+02,8.653582123802875685e+02
2.019701970197019136e+02,8.645217658055574930e+02
2.020702070207020142e+02,8.636865311821824207e+02
2.021702170217021148e+02,8.628525061703307983e+02
2.022702270227022154e+02,8.620196884358146008e+02
2.023702370237023160e+02,8.611880756500726193e+02
2.024702470247024166e+02,8.603576654901537495e+02
2.025702570257025172e+02,8.595284556387008479e+02
2.026702670267026178e+02,8.587004437839344746e+02
2.027702770277027184e+02,8.578736276196386825e+02
2.028702870287028190e+02,8.570480048451415769e+02
2.029702970297029196e+02,8.562235731653022413e+02
2.030703070307030202e+02,8.554003302904928887e+02
2.031703170317031208e+02,8.545782739365847647e+02
2.032703270327032214e+02,8.537574018249306391e+02
2.033703370337033220e+02,8.529377116823496863e+02
2.034703470347034227e+02,8.521192012411120231e+02
2.035703570357035233e+02,8.513018682389227934e+02
2.036703670367036239e+02,8.504857104189065922e+02
2.037703770377037245e+02,8.496707255295917776e+02
2.038703870387038251e+02,8.488569113248952362e+02
2.039703970397039257e+02,8.480442655641060128e+02
2.040704070407040263e+02,8.472327860118718945e+02
2.041704170417041269e+02,8.464224704381813353e+02
2.042704270427042275e+02,8.456133166183507228e+02
2.043704370437043281e+02,8.448053223330072115e+02
2.044704470447044287e+02,8.439984853680745118e+02
2.045704570457045293e+02,8.431928035147578839e+02
2.046704670467046299e+02,8.423882745695276526e+02
2.047704770477047305e+02,8.415848963341061335e+02
2.048704870487048311e+02,8.407826666154518307e+02
2.049704970497049317e+02,8.399815832257429520e+02
2.050705070507050323e+02,8.391816439823647897e+02
2.051705170517051329e+02,8.383828467078938047e+02
2.052705270527052335e+02,8.375851892300827330e+02
2.053705370537053341e+02,8.367886693818464892e+02
2.054705470547054347e+02,8.359932850012461358e+02
2.055705570557055353e+02,8.351990339314755829e+02
2.056705670567056359e+02,8.344059140208468079e+02
2.057705770577057365e+02,8.336139231227745086e+02
2.058705870587058371e+02,8.328230590957620052e+02
2.059705970597059377e+02,8.320333198033869166e+02
2.060706070607060383e+02,8.312447031142862670e+02
2.061706170617061389e+02,8.304572069021435254e+02
2.062706270627062395e+02,8.296708290456721215e+02
2.063706370637063401e+02,8.288855674286025987e+02
2.064706470647064407e+02,8.281014199396681761e+02
2.065706570657065413e+02,8.273183844725907647e+02
2.066706670667066419e+02,8.265364589260658477e+02
2.067706770677067425e+02,8.257556412037495193e+02
2.068706870687068431e+02,8.249759292142439335e+02
2.069706970697069437e+02,8.241973208710833205e+02
2.070707070707070443e+02,8.234198140927204577e+02
2.071707170717071449e+02,8.226434068025115494e+02
2.072707270727072455e+02,8.218680969287036078e+02
2.073707370737073461e+02,8.210938824044209241e+02
2.074707470747074467e+02,8.203207611676498345e+02
2.075707570757075473e+02,8.195487311612259873e+02
2.076707670767076479e+02,8.187777903328200182e+02
2.077707770777077485e+02,8.180079366349258407e+02
2.078707870787078491e+02,8.172391680248440480e+02
2.079707970797079497e+02,8.164714824646707712e+02
2.080708070807080503e+02,8.157048779212825593e+02
2.081708170817081509e+02,8.149393523663247834e+02
2.082708270827082515e+02,8.141749037761965155e+02
2.083708370837083521e+02,8.134115301320376830e+02
2.084708470847084527e+02,8.126492294197159936e+02
2.085708570857085533e+02,8.118879996298137485e+02
2.086708670867086539e+02,8.111278387576139721e+02
2.087708770877087545e+02,8.103687448030880205e+02
2.088708870887088551e+02,8.096107157708820523e+02
2.089708970897089557e+02,8.088537496703035004e+02
2.090709070907090563e+02,8.080978445153090206e+02
2.091709170917091569e+02,8.073429983244900541e+02
2.092709270927092575e+02,8.065892091210619128e+02
2.093709370937093581e+02,8.058364749328479775e+02
2.094709470947094587e+02,8.050847937922703750e+02
2.095709570957095593e+02,8.043341637363337213e+02
2.096709670967096599e+02,8.035845828066139802e+02
2.097709770977097605e+02,8.028360490492461849e+02
2.098709870987098611e+02,8.020885605149107960e+02
2.099709970997099617e+02,8.013421152588209679e+02
2.100710071007100623e+02,8.005967113407103852e+02
2.101710171017101629e+02,7.998523468248199606e+02
2.102710271027102635e+02,7.991090197798871486e+02
2.103710371037103641e+02,7.983667282791307116e+02
2.104710471047104647e+02,7.976254704002401468e+02
2.105710571057105653e+02,7.968852442253624986e+02
2.106710671067106659e+02,7.961460478410907626e+02
2.107710771077107665e+02,7.954078793384502433e+02
2.108710871087108671e+02,7.946707368128874123e+02
2.109710971097109677e+02,7.939346183642563801e+02
2.110711071107110683e+02,7.931995220968087779e+02
2.111711171117111689e+02,7.924654461191787505e+02
2.112711271127112695e+02,7.917323885443732934e+02
2.113711371137113701e+02,7.910003474897583828e+02
2.114711471147114707e+02,7.902693210770480619e+02
2.115711571157115714e+02,7.895393074322921620e+02
2.116711671167116720e+02,7.888103046858630023e+02
2.117711771177117726e+02,7.880823109724460664e+02
2.118711871187118732e+02,7.873553244310254513e+02
2.119711971197119738e+02,7.866293432048731802e+02
2.120712071207120744e+02,7.859043654415376068e+02
2.121712171217121750e+02,7.851803892928306823e+02
2.122712271227122756e+02,7.844574129148172688e+02
2.123712371237123762e+02,7.837354344678025200e+02
2.124712471247124768e+02,7.830144521163209674e+02
2.125712571257125774e+02,7.822944640291235601e+02
2.126712671267126780e+02,7.815754683791677735e+02
2.127712771277127786e+02,7.808574633436049908e+02
2.128712871287128792e+02,7.801404471037687927e+02
2.129712971297129798e+02,7.794244178451641574e+02
2.130713071307130804e+02,7.787093737574550687e+02
2.131713171317131810e+02,7.779953130344545116e+02
2.132713271327132816e+02,7.772822338741112844e+02
2.133713371337133822e+02,7.765701344785002220e+02
2.134713471347134828e+02,7.758590130538093490e+02
2.135713571357135834e+02,7.751488678103303300e+02
2.136713671367136840e+02,7.744396969624463054e+02
2.137713771377137846e+02,7.737314987286201813e+02
2.138713871387138852e+02,7.730242713313839431e+02
2.139713971397139858e+02,7.723180129973275143e+02
2.140714071407140864e+02,7.716127219570882971e+02
2.141714171417141870e+02,7.709083964453387807e+02
2.142714271427142876e+02,7.702050347007764231e+02
2.143714371437143882e+02,7.695026349661120548e+02
2.144714471447144888e+02,7.688011954880599887e+02
2.145714571457144757e+02,7.681007145173264234e+02
2.146714671467145763e+02,7.674011903085964832e+02
2.147714771477146769e+02,7.667026211205276240e+02
2.148714871487147775e+02,7.660050052157357641e+02
2.149714971497148781e+02,7.653083408607850515e+02
2.150715071507149787e+02,7.646126263261770646e+02
2.151715171517150793e+02,7.639178598863414891e+02
2.152715271527151799e+02,7.632240398196231581e+02
2.153715371537152805e+02,7.625311644082722751e+02
2.154715471547153811e+02,7.618392319384349776e+02
2.155715571557154817e+02,7.611482407001411730e+02
2.156715671567155823e+02,7.604581889872947613e+02
2.157715771577156829e+02,7.597690750976626077e+02
2.158715871587157835e+02,7.590808973328645379e+02
2.159715971597158841e+02,7.583936539983631064e+02
2.160716071607159847e+02,7.577073434034521142e+02
2.161716171617160853e+02,7.570219638612475137e+02
2.162716271627161859e+02,7.563375136886758128e+02
2.163716371637162865e+02,7.556539912064647524e+02
2.164716471647163871e+02,7.549713947391326201e+02
2.165716571657164877e+02,7.542897226149776770e+02
2.166716671667165883e+02,7.536089731660684947e+02
2.167716771677166889e+02,7.529291447282330410e+02
2.168716871687167895e+02,7.522502356410498123e+02
2.169716971697168901e+02,7.515722442478361245e+02
2.170717071707169907e+02,7.508951688956390171e+02
2.171717171717170913e+02,7.502190079352249086e+02
2.172717271727171919e+02,7.495437597210695913e+02
2.173717371737172925e+02,7.488694226113481136e+02
2.174717471747173931e+02,7.481959949679248894e+02
2.175717571757174937e+02,7.475234751563436930e+02
2.176717671767175943e+02,7.468518615458181102e+02
2.177717771777176949e+02,7.461811525092211923e+02
2.178717871787177955e+02,7.455113464230755653e+02
2.179717971797178961e+02,7.448424416675438806e+02
2.180718071807179967e+02,7.441744366264192649e+02
2.181718171817180973e+02,7.435073296871153161e+02
2.182718271827181979e+02,7.428411192406557575e+02
2.183718371837182985e+02,7.421758036816657977e+02
2.184718471847183991e+02,7.415113814083616717e+02
2.185718571857184997e+02,7.408478508225416590e+02
2.186718671867186004e+02,7.401852103295759662e+02
2.187718771877187010e+02,7.395234583383974041e+02
2.188718871887188016e+02,7.388625932614910425e+02
2.189718971897189022e+02,7.382026135148868207e+02
2.190719071907190028e+02,7.375435175181472687e+02
2.191719171917191034e+02,7.368853036943602319e+02
2.192719271927192040e+02,7.362279704701285254e+02
2.193719371937193046e+02,7.355715162755606116e+02
2.194719471947194052e+02,7.349159395442610503e+02
2.195719571957195058e+02,7.342612387133217453e+02
2.196719671967196064e+02,7.336074122233118260e+02
2.197719771977197070e+02,7.329544585182693481e+02
2.198719871987198076e+02,7.323023760456912896e+02
2.199719971997199082e+02,7.316511632565245691e+02
2.200720072007200088e+02,7.310008186051561552e+02
2.201720172017201094e+02,7.303513405494062454e+02
2.202720272027202100e+02,7.297027275505158741e+02
2.203720372037203106e+02,7.290549780731402052e+02
2.204720472047204112e+02,7.284080905853379591e+02
2.205720572057205118e+02,7.277620635585639093e+02
2.206720672067206124e+02,7.271168954676584235e+02
2.207720772077207130e+02,7.264725847908392780e+02
2.208720872087208136e+02,7.258291300096918803e+02
2.209720972097209142e+02,7.251865296091619939e+02
2.210721072107210148e+02,7.245447820775445962e+02
2.211721172117211154e+02,7.239038859064770577e+02
2.212721272127212160e+02,7.232638395909287965e+02
2.213721372137213166e+02,7.226246416291925243e+02
2.214721472147214172e+02,7.219862905228774252e+02
2.215721572157215178e+02,7.213487847768973324e+02
2.216721672167216184e+02,7.207121228994644753e+02
2.217721772177217190e+02,7.200763034020789064e+02
2.218721872187218196e+02,7.194413247995219081e+02
2.219721972197219202e+02,7.188071856098454191e+02
2.220722072207220208e+02,7.181738843543636222e+02
2.221722172217221214e+02,7.175414195576457814e+02
2.222722272227222220e+02,7.169097897475062382e+02
2.223722372237223226e+02,7.162789934549961117e+02
2.224722472247224232e+02,7.156490292143952274e+02
2.225722572257225238e+02,7.150198955632029083e+02
2.226722672267226244e+02,7.143915910421303579e+02
2.227722772277227250e+02,7.137641141950916790e+02
2.228722872287228256e+02,7.131374635691950061e+02
2.229722972297229262e+02,7.125116377147352296e+02
2.230723072307230268e+02,7.118866351851846730e+02
2.231723172317231274e+02,7.112624545371852491e+02
2.232723272327232280e+02,7.106390943305397059e+02
2.233723372337233286e+02,7.100165531282033271e+02
2.234723472347234292e+02,7.093948294962768841e+02
2.235723572357235298e+02,7.087739220039962902e+02
2.236723672367236304e+02,7.081538292237258929e+02
2.237723772377237310e+02,7.075345497309498342e+02
2.238723872387238316e+02,7.069160821042637508e+02
2.239723972397239322e+02,7.062984249253672715e+02
2.240724072407240328e+02,7.056815767790545806e+02
2.241724172417241334e+02,7.050655362532078243e+02
2.242724272427242340e+02,7.044503019387876748e+02
2.243724372437243346e+02,7.038358724298267362e+02
2.244724472447244352e+02,7.032222463234201086e+02
2.245724572457245358e+02,7.026094222197178851e+02
2.246724672467246364e+02,7.019973987219174205e+02
2.247724772477247370e+02,7.013861744362556010e+02
2.248724872487248376e+02,7.007757479720002038e+02
2.249724972497249382e+02,7.001661179414420531e+02
2.250725072507250388e+02,6.995572829598880844e+02
2.251725172517251394e+02,6.989492416456522506e+02
2.252725272527252400e+02,6.983419926200483587e+02
2.253725372537253406e+02,6.977355345073825674e+02
2.254725472547254412e+02,6.971298659349442914e+02
2.255725572557255418e+02,6.965249855330004038e+02
2.256725672567256424e+02,6.959208919347854589e+02
2.257725772577257430e+02,6.953175837764955531e+02
2.258725872587258436e+02,6.947150596972797985e+02
2.259725972597259442e+02,6.941133183392328192e+02
2.260726072607260448e+02,6.935123583473875897e+02
2.261726172617261454e+02,6.929121783697065666e+02
2.262726272627262460e+02,6.923127770570756638e+02
2.263726372637263466e+02,6.917141530632952708e+02
2.264726472647264472e+02,6.911163050450741139e+02
2.265726572657265478e+02,6.905192316620201609e+02
2.266726672667266484e+02,6.899229315766342552e+02
2.267726772677267491e+02,6.893274034543023845e+02
2.268726872687268497e+02,6.887326459632880642e+02
2.269726972697269503e+02,6.881386577747246065e+02
2.270727072707270509e+02,6.875454375626086403e+02
2.271727172717271515e+02,6.869529840037913573e+02
2.272727272727272521e+02,6.863612957779727139e+02
2.273727372737273527e+02,6.857703715676925640e+02
2.274727472747274533e+02,6.851802100583245192e+02
2.275727572757275539e+02,6.845908099380675367e+02
2.276727672767276545e+02,6.840021698979400071e+02
2.277727772777277551e+02,6.834142886317713419e+02
2.278727872787278557e+02,6.828271648361949246e+02
2.279727972797279563e+02,6.822407972106410625e+02
2.280728072807280569e+02,6.816551844573306198e+02
2.281728172817281575e+02,6.810703252812661503e+02
2.282728272827282581e+02,6.804862183902258721e+02
2.283728372837283587e+02,6.799028624947561639e+02
2.284728472847284593e+02,6.793202563081650851e+02
2.285728572857285599e+02,6.787383985465139631e+02
2.286728672867286605e+02,6.781572879286120497e+02
2.287728772877287611e+02,6.775769231760077673e+02
2.288728872887288617e+02,6.769973030129825702e+02
2.289728972897289623e+02,6.764184261665443501e+02
2.290729072907290629e+02,6.758402913664197058e+02
2.291729172917291635e+02,6.752628973450468948e+02
2.292729272927292641e+02,6.746862428375694662e+02
2.293729372937293647e+02,6.741103265818292130e+02
2.294729472947294653e+02,6.735351473183586677e+02
2.295729572957295659e+02,6.729607037903750779e+02
2.296729672967296665e+02,6.723869947437731298e+02
2.297729772977297671e+02,6.718140189271181271e+02
2.298729872987298677e+02,6.712417750916389423e+02
2.299729972997299683e+02,6.706702619912214232e+02
2.300730073007300689e+02,6.700994783824017986e+02
2.301730173017301695e+02,6.695294230243603124e+02
2.302730273027302701e+02,6.689600946789125828e+02
2.303730373037303707e+02,6.683914921105056237e+02
2.304730473047304713e+02,6.678236140862085222e+02
2.305730573057305719e+02,6.672564593757081184e+02
2.306730673067306725e+02,6.666900267513004792e+02
2.307730773077307731e+02,6.661243149878851000e+02
2.308730873087308737e+02,6.655593228629581972e+02
2.309730973097309743e+02,6.649950491566064557e+02
2.310731073107310749e+02,6.644314926514995250e+02
2.311731173117311755e+02,6.638686521328842218e+02
2.312731273127312761e+02,6.633065263885778222e+02
2.313731373137313767e+02,6.627451142089614677e+02
2.314731473147314773e+02,6.621844143869734580e+02
2.315731573157315779e+02,6.616244257181036801e+02
2.316731673167316785e+02,6.610651470003856502e+02
2.317731773177317791e+02,6.605065770343910572e+02
2.318731873187318797e+02,6.599487146232237365e+02
2.319731973197319803e+02,6.593915585725118262e+02
2.320732073207320809e+02,6.588351076904028787e+02
2.321732173217321815e+02,6.582793607875562429e+02
2.322732273227322821e+02,6.577243166771379492e+02
2.323732373237323827e+02,6.571699741748133192e+02
2.324732473247324833e+02,6.566163320987411680e+02
2.325732573257325839e+02,6.560633892695674376e+02
2.326732673267326845e+02,6.555111445104187169e+02
2.327732773277327851e+02,6.549595966468965571e+02
2.328732873287328857e+02,6.544087445070704234e+02
2.329732973297329863e+02,6.538585869214718969e+02
2.330733073307330869e+02,6.533091227230888762e+02
2.331733173317331875e+02,6.527603507473585296e+02
2.332733273327332881e+02,6.522122698321616099e+02
2.333733373337333887e+02,6.516648788178164295e+02
2.334733473347334893e+02,6.511181765470722667e+02
2.335733573357334762e+02,6.505721618651052722e+02
2.336733673367335768e+02,6.500268336195068741e+02
2.337733773377336775e+02,6.494821906602849140e+02
2.338733873387337781e+02,6.489382318398527332e+02
2.339733973397338787e+02,6.483949560130247391e+02
2.340734073407339793e+02,6.478523620370107210e+02
2.341734173417340799e+02,6.473104487714083461e+02
2.342734273427341805e+02,6.467692150781990676e+02
2.343734373437342811e+02,6.462286598217405071e+02
2.344734473447343817e+02,6.456887818687614526e+02
2.345734573457344823e+02,6.451495800883557195e+02
2.346734673467345829e+02,6.446110533519764658e+02
2.347734773477346835e+02,6.440732005334294854e+02
2.348734873487347841e+02,6.435360205088683188e+02
2.349734973497348847e+02,6.429995121567873184e+02
2.350735073507349853e+02,6.424636743580173288e+02
2.351735173517350859e+02,6.419285059957181829e+02
2.352735273527351865e+02,6.413940059553739275e+02
2.353735373537352871e+02,6.408601731247864564e+02
2.354735473547353877e+02,6.403270063940705086e+02
2.355735573557354883e+02,6.397945046556469606e+02
2.356735673567355889e+02,6.392626668042375968e+02
2.357735773577356895e+02,6.387314917368593115e+02
2.358735873587357901e+02,6.382009783528186517e+02
2.359735973597358907e+02,6.376711255537049965e+02
2.360736073607359913e+02,6.371419322433869183e+02
2.361736173617360919e+02,6.366133973280046803e+02
2.362736273627361925e+02,6.360855197159645513e+02
2.363736373637362931e+02,6.355582983179351686e+02
2.364736473647363937e+02,6.350317320468399203e+02
2.365736573657364943e+02,6.345058198178518296e+02
2.366736673667365949e+02,6.339805605483883255e+02
2.367736773677366955e+02,6.334559531581058991e+02
2.368736873687367961e+02,6.329319965688933962e+02
2.369736973697368967e+02,6.324086897048682658e+02
2.370737073707369973e+02,6.318860314923688293e+02
2.371737173717370979e+02,6.313640208599505286e+02
2.372737273727371985e+02,6.308426567383804695e+02
2.373737373737372991e+02,6.303219380606302593e+02
2.374737473747373997e+02,6.298018637618724824e+02
2.375737573757375003e+02,6.292824327794744477e+02
2.376737673767376009e+02,6.287636440529914807e+02
2.377737773777377015e+02,6.282454965241647642e+02
2.378737873787378021e+02,6.277279891369116740e+02
2.379737973797379027e+02,6.272111208373249838e+02
2.380738073807380033e+02,6.266948905736639972e+02
2.381738173817381039e+02,6.261792972963501143e+02
2.382738273827382045e+02,6.256643399579625111e+02
2.383738373837383051e+02,6.251500175132313188e+02
2.384738473847384057e+02,6.246363289190339856e+02
2.385738573857385063e+02,6.241232731343886826e+02
2.386738673867386069e+02,6.236108491204490747e+02
2.387738773877387075e+02,6.230990558405001138e+02
2.388738873887388081e+02,6.225878922599520138e+02
2.389738973897389087e+02,6.220773573463344519e+02
2.390739073907390093e+02,6.215674500692931588e+02
2.391739173917391099e+02,6.210581694005824147e+02
2.392739273927392105e+02,6.205495143140619803e+02
2.393739373937393111e+02,6.200414837856908434e+02
2.394739473947394117e+02,6.195340767935216491e+02
2.395739573957395123e+02,6.190272923176968334e+02
2.396739673967396129e+02,6.185211293404427124e+02
2.397739773977397135e+02,6.180155868460641386e+02
2.398739873987398141e+02,6.175106638209399534e+02
2.399739973997399147e+02,6.170063592535177577e+02
2.400740074007400153e+02,6.165026721343086820e+02
2.401740174017401159e+02,6.159996014558829529e+02
2.402740274027402165e+02,6.154971462128632993e+02
2.403740374037403171e+02,6.149953054019219962e+02
2.404740474047404177e+02,6.144940780217743850e+02
2.405740574057405183e+02,6.139934630731743255e+02
2.406740674067406189e+02,6.134934595589097626e+02
2.407740774077407195e+02,6.129940664837961322e+02
2.408740874087408201e+02,6.124952828546740875e+02
2.409740974097409207e+02,6.119971076804013137e+02
2.410741074107410213e+02,6.114995399718503677e+02
2.411741174117411219e+02,6.110025787419028802e+02
2.412741274127412225e+02,6.105062230054433030e+02
2.413741374137413231e+02,6.100104717793567488e+02
2.414741474147414237e+02,6.095153240825209195e+02
2.415741574157415243e+02,6.090207789358041737e+02
2.416741674167416249e+02,6.085268353620592734e+02
2.417741774177417255e+02,6.080334923861178140e+02
2.418741874187418261e+02,6.075407490347872681e+02
2.419741974197419268e+02,6.070486043368454148e+02
2.420742074207420274e+02,6.065570573230342006e+02
2.421742174217421280e+02,6.060661070260572387e+02
2.422742274227422286e+02,6.055757524805731009e+02
2.423742374237423292e+02,6.050859927231922484e+02
2.424742474247424298e+02,6.045968267924712336e+02
2.425742574257425304e+02,6.041082537289078118e+02
2.426742674267426310e+02,6.036202725749369620e+02
2.427742774277427316e+02,6.031328823749262256e+02
2.428742874287428322e+02,6.026460821751700223e+02
2.429742974297429328e+02,6.021598710238865806e+02
2.430743074307430334e+02,6.016742479712112299e+02
2.431743174317431340e+02,6.011892120691936725e+02
2.432743274327432346e+02,6.007047623717927536e+02
2.433743374337433352e+02,6.002208979348710045e+02
2.434743474347434358e+02,5.997376178161911184e+02
2.435743574357435364e+02,5.992549210754115165e+02
2.436743674367436370e+02,5.987728067740799816e+02
2.437743774377437376e+02,5.982912739756314977e+02
2.438743874387438382e+02,5.978103217453817706e+02
2.439743974397439388e+02,5.973299491505241576e+02
2.440744074407440394e+02,5.968501552601243247e+02
2.441744174417441400e+02,5.963709391451153579e+02
2.442744274427442406e+02,5.958922998782945797e+02
2.443744374437443412e+02,5.954142365343174106e+02
2.444744474447444418e+02,5.949367481896947538e+02
2.445744574457445424e+02,5.944598339227868564e+02
2.446744674467446430e+02,5.939834928137995576e+02
2.447744774477447436e+02,5.935077239447801958e+02
2.448744874487448442e+02,5.930325263996131753e+02
2.449744974497449448e+02,5.925578992640141678e+02
2.450745074507450454e+02,5.920838416255279526e+02
2.451745174517451460e+02,5.916103525735219364e+02
2.452745274527452466e+02,5.911374311991833110e+02
2.453745374537453472e+02,5.906650765955142788e+02
2.454745474547454478e+02,5.901932878573263679e+02
2.455745574557455484e+02,5.897220640812386137e+02
2.456745674567456490e+02,5.892514043656715330e+02
2.457745774577457496e+02,5.887813078108424634e+02
2.458745874587458502e+02,5.883117735187626067e+02
2.459745974597459508e+02,5.878428005932319138e+02
2.460746074607460514e+02,5.873743881398352187e+02
2.461746174617461520e+02,5.869065352659378050e+02
2.462746274627462526e+02,5.864392410806800626e+02
2.463746374637463532e+02,5.859725046949758962e+02
2.464746474647464538e+02,5.855063252215054490e+02
2.465746574657465544e+02,5.850407017747131704e+02
2.466746674667466550e+02,5.845756334708030408e+02
2.467746774677467556e+02,5.841111194277330014e+02
2.468746874687468562e+02,5.836471587652126800e+02
2.469746974697469568e+02,5.831837506046983890e+02
2.470747074707470574e+02,5.827208940693888053e+02
2.471747174717471580e+02,5.822585882842212186e+02
2.472747274727472586e+02,5.817968323758667566e+02
2.473747374737473592e+02,5.813356254727272017e+02
2.474747474747474598e+02,5.808749667049306709e+02
2.475747574757475604e+02,5.804148552043260452e+02
2.476747674767476610e+02,5.799552901044811506e+02
2.477747774777477616e+02,5.794962705406775285e+02
2.478747874787478622e+02,5.790377956499052061e+02
2.479747974797479628e+02,5.785798645708621279e+02
2.480748074807480634e+02,5.781224764439457431e+02
2.481748174817481640e+02,5.776656304112522093e+02
2.482748274827482646e+02,5.772093256165710500e+02
2.483748374837483652e+02,5.767535612053809473e+02
2.484748474847484658e+02,5.762983363248466731e+02
2.485748574857485664e+02,5.758436501238143137e+02
2.486748674867486670e+02,5.753895017528076323e+02
2.487748774877487676e+02,5.749358903640240896e+02
2.488748874887488682e+02,5.744828151113302965e+02
2.489748974897489688e+02,5.740302751502593992e+02
2.490749074907490694e+02,5.735782696380061907e+02
2.491749174917491700e+02,5.731267977334225634e+02
2.492749274927492706e+02,5.726758585970154627e+02
2.493749374937493712e+02,5.722254513909408615e+02
2.494749474947494718e+02,5.717755752790017141e+02
2.495749574957495724e+02,5.713262294266430672e+02
2.496749674967496730e+02,5.708774130009479677e+02
2.497749774977497736e+02,5.704291251706345065e+02
2.498749874987498742e+02,5.699813651060513848e+02
2.499749974997499748e+02,5.695341319791741626e+02
2.500750075007500755e+02,5.690874249636017339e+02
2.501750175017501761e+02,5.686412432345514389e+02
2.502750275027502767e+02,5.681955859688567898e+02
2.503750375037503773e+02,5.677504523449630369e+02
2.504750475047504779e+02,5.673058415429222805e+02
2.505750575057505785e+02,5.668617527443919926e+02
2.506750675067506791e+02,5.664181851326293327e+02
2.507750775077507797e+02,5.659751378924876235e+02
2.508750875087508803e+02,5.655326102104140773e+02
2.509750975097509809e+02,5.650906012744437703e+02
2.510751075107510815e+02,5.646491102741979375e+02
2.511751175117511821e+02,5.642081364008796527e+02
2.512751275127512827e+02,5.637676788472691669e+02
2.513751375137513833e+02,5.633277368077211804e+02
2.514751475147514839e+02,5.628883094781620002e+02
2.515751575157515845e+02,5.624493960560831738e+02
2.516751675167516851e+02,5.620109957405411478e+02
2.517751775177517857e+02,5.615731077321503335e+02
2.518751875187518863e+02,5.611357312330818559e+02
2.519751975197519869e+02,5.606988654470603706e+02
2.520752075207520875e+02,5.602625095793570154e+02
2.521752175217521881e+02,5.598266628367895237e+02
2.522752275227522887e+02,5.593913244277163130e+02
2.523752375237523893e+02,5.589564935620343249e+02
2.524752475247524899e+02,5.585221694511744772e+02
2.525752575257525905e+02,5.580883513080980265e+02
2.526752675267525774e+02,5.576550383472947487e+02
2.527752775277526780e+02,5.572222297847760046e+02
2.528752875287527786e+02,5.567899248380746258e+02
2.529752975297528792e+02,5.563581227262396851e+02
2.530753075307529798e+02,5.559268226698335411e+02
2.531753175317530804e+02,5.554960238909271766e+02
2.532753275327531810e+02,5.550657256130986070e+02
2.533753375337532816e+02,5.546359270614274237e+02
2.534753475347533822e+02,5.542066274624927473e+02
2.535753575357534828e+02,5.537778260443693625e+02
2.536753675367535834e+02,5.533495220366233980e+02
2.537753775377536840e+02,5.529217146703105072e+02
2.538753875387537846e+02,5.524944031779705256e+02
2.539753975397538852e+02,5.520675867936256509e+02
2.540754075407539858e+02,5.516412647527764648e+02
2.541754175417540864e+02,5.512154362923974986e+02
2.542754275427541870e+02,5.507901006509356421e+02
2.543754375437542876e+02,5.503652570683057093e+02
2.544754475447543882e+02,5.499409047858866870e+02
2.545754575457544888e+02,5.495170430465193476e+02
2.546754675467545894e+02,5.490936710945017012e+02
2.547754775477546900e+02,5.486707881755868357e+02
2.548754875487547906e+02,5.482483935369789378e+02
2.549754975497548912e+02,5.478264864273296553e+02
2.550755075507549918e+02,5.474050660967352542e+02
2.551755175517550924e+02,5.469841317967336636e+02
2.552755275527551930e+02,5.465636827802994731e+02
2.553755375537552936e+02,5.461437183018432506e+02
2.554755475547553942e+02,5.457242376172051763e+02
2.555755575557554948e+02,5.453052399836543600e+02
2.556755675567555954e+02,5.448867246598848624e+02
2.557755775577556960e+02,5.444686909060106927e+02
2.558755875587557966e+02,5.440511379835652406e+02
2.559755975597558972e+02,5.436340651554963870e+02
2.560756075607559978e+02,5.432174716861628667e+02
2.561756175617560984e+02,5.428013568413326766e+02
2.562756275627561990e+02,5.423857198881780732e+02
2.563756375637562996e+02,5.419705600952739815e+02
2.564756475647564002e+02,5.415558767325935605e+02
2.565756575657565008e+02,5.411416690715052482e+02
2.566756675667566014e+02,5.407279363847701461e+02
2.567756775677567020e+02,5.403146779465376994e+02
2.568756875687568026e+02,5.399018930323439918e+02
2.569756975697569032e+02,5.394895809191073113e+02
2.570757075707570039e+02,5.390777408851256496e+02
2.571757175717571045e+02,5.386663722100732912e+02
2.572757275727572051e+02,5.382554741749979712e+02
2.573757375737573057e+02,5.378450460623171239e+02
2.574757475747574063e+02,5.374350871558153813e+02
2.575757575757575069e+02,5.370255967406409354e+02
2.576757675767576075e+02,5.366165741033030372e+02
2.577757775777577081e+02,5.362080185316685856e+02
2.578757875787578087e+02,5.357999293149584901e+02
2.579757975797579093e+02,5.353923057437452826e+02
2.580758075807580099e+02,5.349851471099502760e+02
2.581758175817581105e+02,5.345784527068394709e+02
2.582758275827582111e+02,5.341722218290210549e+02
2.583758375837583117e+02,5.337664537724429010e+02
2.584758475847584123e+02,5.333611478343884755e+02
2.585758575857585129e+02,5.329563033134747911e+02
2.586758675867586135e+02,5.325519195096477461e+02
2.587758775877587141e+02,5.321479957241817829e+02
2.588758875887588147e+02,5.317445312596739768e+02
2.589758975897589153e+02,5.313415254200431264e+02
2.590759075907590159e+02,5.309389775105258877e+02
2.591759175917591165e+02,5.305368868376735918e+02
2.592759275927592171e+02,5.301352527093497429e+02
2.593759375937593177e+02,5.297340744347270629e+02
2.594759475947594183e+02,5.293333513242838535e+02
2.595759575957595189e+02,5.289330826898019495e+02
2.596759675967596195e+02,5.285332678443627401e+02
2.597759775977597201e+02,5.281339061023453496e+02
2.598759875987598207e+02,5.277349967794231134e+02
2.599759975997599213e+02,5.273365391925599397e+02
2.600760076007600219e+02,5.269385326600090593e+02
2.601760176017601225e+02,5.265409765013088190e+02
2.602760276027602231e+02,5.261438700372796120e+02
2.603760376037603237e+02,5.257472125900226274e+02
2.604760476047604243e+02,5.253510034829147344e+02
2.605760576057605249e+02,5.249552420406070041e+02
2.606760676067606255e+02,5.245599275890220952e+02
2.607760776077607261e+02,5.241650594553497058e+02
2.608760876087608267e+02,5.237706369680460057e+02
2.609760976097609273e+02,5.233766594568286337e+02
2.610761076107610279e+02,5.229831262526753335e+02
2.611761176117611285e+02,5.225900366878205432e+02
2.612761276127612291e+02,5.221973900957523256e+02
2.613761376137613297e+02,5.218051858112098671e+02
2.614761476147614303e+02,5.214134231701814315e+02
2.615761576157615309e+02,5.210221015098992439e+02
2.616761676167616315e+02,5.206312201688397181e+02
2.617761776177617321e+02,5.202407784867177725e+02
2.618761876187618327e+02,5.198507758044864886e+02
2.619761976197619333e+02,5.194612114643329051e+02
2.620762076207620339e+02,5.190720848096750615e+02
2.621762176217621345e+02,5.186833951851602933e+02
2.622762276227622351e+02,5.182951419366619348e+02
2.623762376237623357e+02,5.179073244112764769e+02
2.624762476247624363e+02,5.175199419573209525e+02
2.625762576257625369e+02,5.171329939243297531e+02
2.626762676267626375e+02,5.167464796630529236e+02
2.627762776277627381e+02,5.163603985254525242e+02
2.628762876287628387e+02,5.159747498646999020e+02
2.629762976297629393e+02,5.155895330351740995e+02
2.630763076307630399e+02,5.152047473924576479e+02
2.631763176317631405e+02,5.148203922933347485e+02
2.632763276327632411e+02,5.144364670957886574e+02
2.633763376337633417e+02,5.140529711589981616e+02
2.634763476347634423e+02,5.136699038433363285e+02
2.635763576357635429e+02,5.132872645103667537e+02
2.636763676367636435e+02,5.129050525228402648e+02
2.637763776377637441e+02,5.125232672446948072e+02
2.638763876387638447e+02,5.121419080410495326e+02
2.639763976397639453e+02,5.117609742782049125e+02
2.640764076407640459e+02,5.113804653236386457e+02
2.641764176417641465e+02,5.110003805460029866e+02
2.642764276427642471e+02,5.106207193151228125e+02
2.643764376437643477e+02,5.102414810019934635e+02
2.644764476447644483e+02,5.098626649787760243e+02
2.645764576457645489e+02,5.094842706187970407e+02
2.646764676467646495e+02,5.091062972965443691e+02
2.647764776477647501e+02,5.087287443876656425e+02
2.648764876487648507e+02,5.083516112689654847e+02
2.649764976497649513e+02,5.079748973184017018e+02
2.650765076507650519e+02,5.075986019150847142e+02
2.651765176517651526e+02,5.072227244392737475e+02
2.652765276527652532e+02,5.068472642723741046e+02
2.653765376537653538e+02,5.064722207969359147e+02
2.654765476547654544e+02,5.060975933966496427e+02
2.655765576557655550e+02,5.057233814563455212e+02
2.656765676567656556e+02,5.053495843619901393e+02
2.657765776577657562e+02,5.049762015006832598e+02
2.658765876587658568e+02,5.046032322606565685e+02
2.659765976597659574e+02,5.042306760312707752e+02
2.660766076607660580e+02,5.038585322030120892e+02
2.661766176617661586e+02,5.034868001674916513e+02
2.662766276627662592e+02,5.031154793174406450e+02
2.663766376637663598e+02,5.027445690467106942e+02
2.664766476647664604e+02,5.023740687502689752e+02
2.665766576657665610e+02,5.020039778241963404e+02
2.666766676667666616e+02,5.016342956656858405e+02
2.667766776677667622e+02,5.012650216730389161e+02
2.668766876687668628e+02,5.008961552456640902e+02
2.669766976697669634e+02,5.005276957840738987e+02
2.670767076707670640e+02,5.001596426898824461e+02
2.671767176717671646e+02,4.997919953658031318e+02
2.672767276727672652e+02,4.994247532156466605e+02
2.673767376737673658e+02,4.990579156443173474e+02
2.674767476747674664e+02,4.986914820578125500e+02
2.675767576757675670e+02,4.983254518632181771e+02
2.676767676767676676e+02,4.979598244687082342e+02
2.677767776777677682e+02,4.975945992835415268e+02
2.678767876787678688e+02,4.972297757180585336e+02
2.679767976797679694e+02,4.968653531836807247e+02
2.680768076807680700e+02,4.965013310929069235e+02
2.681768176817681706e+02,4.961377088593109761e+02
2.682768276827682712e+02,4.957744858975401598e+02
2.683768376837683718e+02,4.954116616233122841e+02
2.684768476847684724e+02,4.950492354534134734e+02
2.685768576857685730e+02,4.946872068056955527e+02
2.686768676867686736e+02,4.943255750990738875e+02
2.687768776877687742e+02,4.939643397535258487e+02
2.688768876887688748e+02,4.936035001900866064e+02
2.689768976897689754e+02,4.932430558308487889e+02
2.690769076907690760e+02,4.928830060989593562e+02
2.691769176917691766e+02,4.925233504186164737e+02
2.692769276927692772e+02,4.921640882150688867e+02
2.693769376937693778e+02,4.918052189146125670e+02
2.694769476947694784e+02,4.914467419445880410e+02
2.695769576957695790e+02,4.910886567333795369e+02
2.696769676967696796e+02,4.907309627104108358e+02
2.697769776977697802e+02,4.903736593061449298e+02
2.698769876987698808e+02,4.900167459520803845e+02
2.699769976997699814e+02,4.896602220807493495e+02
2.700770077007700820e+02,4.893040871257159665e+02
2.701770177017701826e+02,4.889483405215734138e+02
2.702770277027702832e+02,4.885929817039413479e+02
2.703770377037703838e+02,4.882380101094654492e+02
2.704770477047704844e+02,4.878834251758125333e+02
2.705770577057705850e+02,4.875292263416706078e+02
2.706770677067706856e+02,4.871754130467456889e+02
2.707770777077707862e+02,4.868219847317591871e+02
2.708770877087708868e+02,4.864689408384467129e+02
2.709770977097709874e+02,4.861162808095553487e+02
2.710771077107710880e+02,4.857640040888408635e+02
2.711771177117711886e+02,4.854121101210668030e+02
2.712771277127712892e+02,4.850605983520010227e+02
2.713771377137713898e+02,4.847094682284143801e+02
2.714771477147714904e+02,4.843587191980785178e+02
2.715771577157715910e+02,4.840083507097626239e+02
2.716771677167715779e+02,4.836583622132334881e+02
2.717771777177716785e+02,4.833087531592502160e+02
2.718771877187717791e+02,4.829595229995646264e+02
2.719771977197718797e+02,4.826106711869188644e+02
2.720772077207719803e+02,4.822621971750416492e+02
2.721772177217720809e+02,4.819141004186476493e+02
2.722772277227721816e+02,4.815663803734351518e+02
2.723772377237722822e+02,4.812190364960827083e+02
2.724772477247723828e+02,4.808720682442490215e+02
2.725772577257724834e+02,4.805254750765691369e+02
2.726772677267725840e+02,4.801792564526525098e+02
2.727772777277726846e+02,4.798334118330827778e+02
2.728772877287727852e+02,4.794879406794126453e+02
2.729772977297728858e+02,4.791428424541643381e+02
2.730773077307729864e+02,4.787981166208264199e+02
2.731773177317730870e+02,4.784537626438510642e+02
2.732773277327731876e+02,4.781097799886539974e+02
2.733773377337732882e+02,4.777661681216097236e+02
2.734773477347733888e+02,4.774229265100521502e+02
2.735773577357734894e+02,4.770800546222709499e+02
2.736773677367735900e+02,4.767375519275091165e+02
2.737773777377736906e+02,4.763954178959625096e+02
2.738773877387737912e+02,4.760536519987764450e+02
2.739773977397738918e+02,4.757122537080443294e+02
2.740774077407739924e+02,4.753712224968051601e+02
2.741774177417740930e+02,4.750305578390418191e+02
2.742774277427741936e+02,4.746902592096791977e+02
2.743774377437742942e+02,4.743503260845821501e+02
2.744774477447743948e+02,4.740107579405523097e+02
2.745774577457744954e+02,4.736715542553278624e+02
2.746774677467745960e+02,4.733327145075807039e+02
2.747774777477746966e+02,4.729942381769141093e+02
2.748774877487747972e+02,4.726561247438615396e+02
2.749774977497748978e+02,4.723183736898834582e+02
2.750775077507749984e+02,4.719809844973667623e+02
2.751775177517750990e+02,4.716439566496218845e+02
2.752775277527751996e+02,4.713072896308807458e+02
2.753775377537753002e+02,4.709709829262956191e+02
2.754775477547754008e+02,4.706350360219364575e+02
2.755775577557755014e+02,4.702994484047886203e+02
2.756775677567756020e+02,4.699642195627521346e+02
2.757775777577757026e+02,4.696293489846382272e+02
2.758775877587758032e+02,4.692948361601688703e+02
2.759775977597759038e+02,4.689606805799738254e+02
2.760776077607760044e+02,4.686268817355888245e+02
2.761776177617761050e+02,4.682934391194541490e+02
2.762776277627762056e+02,4.679603522249119578e+02
2.763776377637763062e+02,4.676276205462049802e+02
2.764776477647764068e+02,4.672952435784746967e+02
2.765776577657765074e+02,4.669632208177583266e+02
2.766776677667766080e+02,4.666315517609883159e+02
2.767776777677767086e+02,4.663002359059901778e+02
2.768776877687768092e+02,4.659692727514791386e+02
2.769776977697769098e+02,4.656386617970604220e+02
2.770777077707770104e+02,4.653084025432252133e+02
2.771777177717771110e+02,4.649784944913508866e+02
2.772777277727772116e+02,4.646489371436975944e+02
2.773777377737773122e+02,4.643197300034065051e+02
2.774777477747774128e+02,4.639908725744988942e+02
2.775777577757775134e+02,4.636623643618736992e+02
2.776777677767776140e+02,4.633342048713047916e+02
2.777777777777777146e+02,4.630063936094411474e+02
2.778777877787778152e+02,4.626789300838026975e+02
2.779777977797779158e+02,4.623518138027803843e+02
2.780778077807780164e+02,4.620250442756333769e+02
2.781778177817781170e+02,4.616986210124869103e+02
2.782778277827782176e+02,4.613725435243313768e+02
2.783778377837783182e+02,4.610468113230201084e+02
2.784778477847784188e+02,4.607214239212669327e+02
2.785778577857785194e+02,4.603963808326454910e+02
2.786778677867786200e+02,4.600716815715862253e+02
2.787778777877787206e+02,4.597473256533758672e+02
2.788778877887788212e+02,4.594233125941546518e+02
2.789778977897789218e+02,4.590996419109143858e+02
2.790779077907790224e+02,4.587763131214976511e+02
2.791779177917791230e+02,4.584533257445947925e+02
2.792779277927792236e+02,4.581306792997434059e+02
2.793779377937793242e+02,4.578083733073255530e+02
2.794779477947794248e+02,4.574864072885661130e+02
2.795779577957795254e+02,4.571647807655316456e+02
2.796779677967796260e+02,4.568434932611280033e+02
2.797779777977797266e+02,4.565225442990984561e+02
2.798779877987798272e+02,4.562019334040227250e+02
2.799779977997799278e+02,4.558816601013143668e+02
2.800780078007800284e+02,4.555617239172195241e+02
2.801780178017801290e+02,4.552421243788149923e+02
2.802780278027802296e+02,4.549228610140061733e+02
2.803780378037803303e+02,4.546039333515262229e+02
2.804780478047804309e+02,4.542853409209333790e+02
2.805780578057805315e+02,4.539670832526095978e+02
2.806780678067806321e+02,4.536491598777588479e+02
2.807780778077807327e+02,4.533315703284052915e+02
2.808780878087808333e+02,4.530143141373920344e+02
2.809780978097809339e+02,4.526973908383785101e+02
2.810781078107810345e+02,4.523807999658393442e+02
2.811781178117811351e+02,4.520645410550628753e+02
2.812781278127812357e+02,4.517486136421484844e+02
2.813781378137813363e+02,4.514330172640062528e+02
2.814781478147814369e+02,4.511177514583543484e+02
2.815781578157815375e+02,4.508028157637171489e+02
2.816781678167816381e+02,4.504882097194243329e+02
2.817781778177817387e+02,4.501739328656089469e+02
2.818781878187818393e+02,4.498599847432049614e+02
2.819781978197819399e+02,4.495463648939470431e+02
2.820782078207820405e+02,4.492330728603671446e+02
2.821782178217821411e+02,4.489201081857945610e+02
2.822782278227822417e+02,4.486074704143532017e+02
2.823782378237823423e+02,4.482951590909599418e+02
2.824782478247824429e+02,4.479831737613233145e+02
2.825782578257825435e+02,4.476715139719420904e+02
2.826782678267826441e+02,4.473601792701026625e+02
2.827782778277827447e+02,4.470491692038787619e+02
2.828782878287828453e+02,4.467384833221286726e+02
2.829782978297829459e+02,4.464281211744938673e+02
2.830783078307830465e+02,4.461180823113981546e+02
2.831783178317831471e+02,4.458083662840445527e+02
2.832783278327832477e+02,4.454989726444151756e+02
2.833783378337833483e+02,4.451899009452690166e+02
2.834783478347834489e+02,4.448811507401397307e+02
2.835783578357835495e+02,4.445727215833351238e+02
2.836783678367836501e+02,4.442646130299346510e+02
2.837783778377837507e+02,4.439568246357882231e+02
2.838783878387838513e+02,4.436493559575150130e+02
2.839783978397839519e+02,4.433422065525004996e+02
2.840784078407840525e+02,4.430353759788968659e+02
2.841784178417841531e+02,4.427288637956191906e+02
2.842784278427842537e+02,4.424226695623457317e+02
2.843784378437843543e+02,4.421167928395154831e+02
2.844784478447844549e+02,4.418112331883264687e+02
2.845784578457845555e+02,4.415059901707344920e+02
2.846784678467846561e+02,4.412010633494520562e+02
2.847784778477847567e+02,4.408964522879452375e+02
2.848784878487848573e+02,4.405921565504340265e+02
2.849784978497849579e+02,4.402881757018891449e+02
2.850785078507850585e+02,4.399845093080315905e+02
2.851785178517851591e+02,4.396811569353308755e+02
2.852785278527852597e+02,4.393781181510029228e+02
2.853785378537853603e+02,4.390753925230089862e+02
2.854785478547854609e+02,4.387729796200542864e+02
2.855785578557855615e+02,4.384708790115859642e+02
2.856785678567856621e+02,4.381690902677920008e+02
2.857785778577857627e+02,4.378676129595992847e+02
2.858785878587858633e+02,4.375664466586722483e+02
2.859785978597859639e+02,4.372655909374120711e+02
2.860786078607860645e+02,4.369650453689534402e+02
2.861786178617861651e+02,4.366648095271649481e+02
2.862786278627862657e+02,4.363648829866463643e+02
2.863786378637863663e+02,4.360652653227273845e+02
2.864786478647864669e+02,4.357659561114664939e+02
2.865786578657865675e+02,4.354669549296488071e+02
2.866786678667866681e+02,4.351682613547856135e+02
2.867786778677867687e+02,4.348698749651118192e+02
2.868786878687868693e+02,4.345717953395845257e+02
2.869786978697869699e+02,4.342740220578828598e+02
2.870787078707870705e+02,4.339765547004045061e+02
2.871787178717871711e+02,4.336793928482658771e+02
2.872787278727872717e+02,4.333825360833000104e+02
2.873787378737873723e+02,4.330859839880546360e+02
2.874787478747874729e+02,4.327897361457917214e+02
2.875787578757875735e+02,4.324937921404851977e+02
2.876787678767876741e+02,4.321981515568197665e+02
2.877787778777877747e+02,4.319028139801895350e+02
2.878787878787878753e+02,4.316077789966963678e+02
2.879787978797879759e+02,4.313130461931484092e+02
2.880788078807880765e+02,4.310186151570594575e+02
2.881788178817881771e+02,4.307244854766457252e+02
2.882788278827882777e+02,4.304306567408264641e+02
2.883788378837883783e+02,4.301371285392212371e+02
2.884788478847884790e+02,4.298439004621486106e+02
2.885788578857885796e+02,4.295509721006251311e+02
2.886788678867886802e+02,4.292583430463638479e+02
2.887788778877887808e+02,4.289660128917725501e+02
2.888788878887888814e+02,4.286739812299528012e+02
2.889788978897889820e+02,4.283822476546976077e+02
2.890789078907890826e+02,4.280908117604915333e+02
2.891789178917891832e+02,4.277996731425077428e+02
2.892789278927892838e+02,4.275088313966076612e+02
2.893789378937893844e+02,4.272182861193392114e+02
2.894789478947894850e+02,4.269280369079349384e+02
2.895789578957895856e+02,4.266380833603116685e+02
2.896789678967896862e+02,4.263484250750682918e+02
2.897789778977897868e+02,4.260590616514842850e+02
2.898789878987898874e+02,4.257699926895191425e+02
2.899789978997899880e+02,4.254812177898099890e+02
2.900790079007900886e+02,4.251927365536712387e+02
2.901790179017901892e+02,4.249045485830923212e+02
2.902790279027902898e+02,4.246166534807366588e+02
2.903790379037903904e+02,4.243290508499404154e+02
2.904790479047904910e+02,4.240417402947114169e+02
2.905790579057905916e+02,4.237547214197263656e+02
2.906790679067906922e+02,4.234679938303317499e+02
2.907790779077906791e+02,4.231815571325408314e+02
2.908790879087907797e+02,4.228954109330315987e+02
2.909790979097908803e+02,4.226095548391481316e+02
2.910791079107909809e+02,4.223239884588966220e+02
2.911791179117910815e+02,4.220387114009457719e+02
2.912791279127911821e+02,4.217537232746244626e+02
2.913791379137912827e+02,4.214690236899203910e+02
2.914791479147913833e+02,4.211846122574795004e+02
2.915791579157914839e+02,4.209004885886038778e+02
2.916791679167915845e+02,4.206166522952507307e+02
2.917791779177916851e+02,4.203331029900315343e+02
2.918791879187917857e+02,4.200498402862095872e+02
2.919791979197918863e+02,4.197668637976997843e+02
2.920792079207919869e+02,4.194841731390669111e+02
2.921792179217920875e+02,4.192017679255238818e+02
2.922792279227921881e+02,4.189196477729313983e+02
2.923792379237922887e+02,4.186378122977955059e+02
2.924792479247923893e+02,4.183562611172673655e+02
2.925792579257924899e+02,4.180749938491412649e+02
2.926792679267925905e+02,4.177940101118534244e+02
2.927792779277926911e+02,4.175133095244808032e+02
2.928792879287927917e+02,4.172328917067401903e+02
2.929792979297928923e+02,4.169527562789858735e+02
2.930793079307929929e+02,4.166729028622095257e+02
2.931793179317930935e+02,4.163933310780382158e+02
2.932793279327931941e+02,4.161140405487333851e+02
2.933793379337932947e+02,4.158350308971896538e+02
2.934793479347933953e+02,4.155563017469327747e+02
2.935793579357934959e+02,4.152778527221199738e+02
2.936793679367935965e+02,4.149996834475366541e+02
2.937793779377936971e+02,4.147217935485969633e+02
2.938793879387937977e+02,4.144441826513415776e+02
2.939793979397938983e+02,4.141668503824363370e+02
2.940794079407939989e+02,4.138897963691714494e+02
2.941794179417940995e+02,4.136130202394602975e+02
2.942794279427942001e+02,4.133365216218374485e+02
2.943794379437943007e+02,4.130603001454584842e+02
2.944794479447944013e+02,4.127843554400976132e+02
2.945794579457945019e+02,4.125086871361472731e+02
2.946794679467946025e+02,4.122332948646169370e+02
2.947794779477947031e+02,4.119581782571308963e+02
2.948794879487948037e+02,4.116833369459282608e+02
2.949794979497949043e+02,4.114087705638610828e+02
2.950795079507950049e+02,4.111344787443926521e+02
2.951795179517951055e+02,4.108604611215977798e+02
2.952795279527952061e+02,4.105867173301599564e+02
2.953795379537953067e+02,4.103132470053709540e+02
2.954795479547954073e+02,4.100400497831296320e+02
2.955795579557955080e+02,4.097671252999402327e+02
2.956795679567956086e+02,4.094944731929120962e+02
2.957795779577957092e+02,4.092220930997569894e+02
2.958795879587958098e+02,4.089499846587897309e+02
2.959795979597959104e+02,4.086781475089254627e+02
2.960796079607960110e+02,4.084065812896790248e+02
2.961796179617961116e+02,4.081352856411639323e+02
2.962796279627962122e+02,4.078642602040911811e+02
2.963796379637963128e+02,4.075935046197673728e+02
2.964796479647964134e+02,4.073230185300946005e+02
2.965796579657965140e+02,4.070528015775682320e+02
2.966796679667966146e+02,4.067828534052767395e+02
2.967796779677967152e+02,4.065131736568995393e+02
2.968796879687968158e+02,4.062437619767063666e+02
2.969796979697969164e+02,4.059746180095559112e+02
2.970797079707970170e+02,4.057057414008955334e+02
2.971797179717971176e+02,4.054371317967580239e+02
2.972797279727972182e+02,4.051687888437627407e+02
2.973797379737973188e+02,4.049007121891127099e+02
2.974797479747974194e+02,4.046329014805947963e+02
2.975797579757975200e+02,4.043653563665775437e+02
2.976797679767976206e+02,4.040980764960105489e+02
2.977797779777977212e+02,4.038310615184230414e+02
2.978797879787978218e+02,4.035643110839232008e+02
2.979797979797979224e+02,4.032978248431961106e+02
2.980798079807980230e+02,4.030316024475038716e+02
2.981798179817981236e+02,4.027656435486831015e+02
2.982798279827982242e+02,4.024999477991448771e+02
2.983798379837983248e+02,4.022345148518732003e+02
2.984798479847984254e+02,4.019693443604235767e+02
2.985798579857985260e+02,4.017044359789223336e+02
2.986798679867986266e+02,4.014397893620654827e+02
2.987798779877987272e+02,4.011754041651169018e+02
2.988798879887988278e+02,4.009112800439086186e+02
2.989798979897989284e+02,4.006474166548375706e+02
2.990799079907990290e+02,4.003838136548669695e+02
2.991799179917991296e+02,4.001204707015236295e+02
2.992799279927992302e+02,3.998573874528964325e+02
2.993799379937993308e+02,3.995945635676368966e+02
2.994799479947994314e+02,3.993319987049565043e+02
2.995799579957995320e+02,3.990696925246266460e+02
2.996799679967996326e+02,3.988076446869768006e+02
2.997799779977997332e+02,3.985458548528940241e+02
2.998799879987998338e+02,3.982843226838211308e+02
2.999799979997999344e+02,3.980230478417566928e+02
3.000800080008000350e+02,3.977620299892524827e+02
3.001800180018001356e+02,3.975012687894139845e+02
3.002800280028002362e+02,3.972407639058978930e+02
3.003800380038003368e+02,3.969805150029118295e+02
3.004800480048004374e+02,3.967205217452134889e+02
3.005800580058005380e+02,3.964607837981084231e+02
3.006800680068006386e+02,3.962013008274502681e+02
3.007800780078007392e+02,3.959420724996390391e+02
3.008800880088008398e+02,3.956830984816197088e+02
3.009800980098009404e+02,3.954243784408818669e+02
3.010801080108010410e+02,3.951659120454583558e+02
3.011801180118011416e+02,3.949076989639240765e+02
3.012801280128012422e+02,3.946497388653951930e+02
3.013801380138013428e+02,3.943920314195274841e+02
3.014801480148014434e+02,3.941345762965161725e+02
3.015801580158015440e+02,3.938773731670941061e+02
3.016801680168016446e+02,3.936204217025312460e+02
3.017801780178017452e+02,3.933637215746333595e+02
3.018801880188018458e+02,3.931072724557404854e+02
3.019801980198019464e+02,3.928510740187272177e+02
3.020802080208020470e+02,3.925951259370003754e+02
3.021802180218021476e+02,3.923394278844982637e+02
3.022802280228022482e+02,3.920839795356901618e+02
3.023802380238023488e+02,3.918287805655747320e+02
3.024802480248024494e+02,3.915738306496792234e+02
3.025802580258025500e+02,3.913191294640584488e+02
3.026802680268026506e+02,3.910646766852934775e+02
3.027802780278027512e+02,3.908104719904911803e+02
3.028802880288028518e+02,3.905565150572827520e+02
3.029802980298029524e+02,3.903028055638222895e+02
3.030803080308030530e+02,3.900493431887872475e+02
3.031803180318031536e+02,3.897961276113756526e+02
3.032803280328032542e+02,3.895431585113061601e+02
3.033803380338033548e+02,3.892904355688169176e+02
3.034803480348034554e+02,3.890379584646641433e+02
3.035803580358035560e+02,3.887857268801216151e+02
3.036803680368036567e+02,3.885337404969790782e+02
3.037803780378037573e+02,3.882819989975420185e+02
3.038803880388038579e+02,3.880305020646301273e+02
3.039803980398039585e+02,3.877792493815761645e+02
3.040804080408040591e+02,3.875282406322254474e+02
3.041804180418041597e+02,3.872774755009348269e+02
3.042804280428042603e+02,3.870269536725708690e+02
3.043804380438043609e+02,3.867766748325101389e+02
3.044804480448044615e+02,3.865266386666370408e+02
3.045804580458045621e+02,3.862768448613437045e+02
3.046804680468046627e+02,3.860272931035286774e+02
3.047804780478047633e+02,3.857779830805954475e+02
3.048804880488048639e+02,3.855289144804524994e+02
3.049804980498049645e+02,3.852800869915114390e+02
3.050805080508050651e+02,3.850315003026864815e+02
3.051805180518051657e+02,3.847831541033935991e+02
3.052805280528052663e+02,3.845350480835484177e+02
3.053805380538053669e+02,3.842871819335672399e+02
3.054805480548054675e+02,3.840395553443643735e+02
3.055805580558055681e+02,3.837921680073517336e+02
3.056805680568056687e+02,3.835450196144381039e+02
3.057805780578057693e+02,3.832981098580281127e+02
3.058805880588058699e+02,3.830514384310206992e+02
3.059805980598059705e+02,3.828050050268091127e+02
3.060806080608060711e+02,3.825588093392792075e+02
3.061806180618061717e+02,3.823128510628085337e+02
3.062806280628062723e+02,3.820671298922663368e+02
3.063806380638063729e+02,3.818216455230110569e+02
3.064806480648064735e+02,3.815763976508907263e+02
3.065806580658065741e+02,3.813313859722410371e+02
3.066806680668066747e+02,3.810866101838853979e+02
3.067806780678067753e+02,3.808420699831332286e+02
3.068806880688068759e+02,3.805977650677791075e+02
3.069806980698069765e+02,3.803536951361020897e+02
3.070807080708070771e+02,3.801098598868651948e+02
3.071807180718071777e+02,3.798662590193130768e+02
3.072807280728072783e+02,3.796228922331727063e+02
3.073807380738073789e+02,3.793797592286510962e+02
3.074807480748074795e+02,3.791368597064355299e+02
3.075807580758075801e+02,3.788941933676921963e+02
3.076807680768076807e+02,3.786517599140644847e+02
3.077807780778077813e+02,3.784095590476734969e+02
3.078807880788078819e+02,3.781675904711161138e+02
3.079807980798079825e+02,3.779258538874642568e+02
3.080808080808080831e+02,3.776843490002644899e+02
3.081808180818081837e+02,3.774430755135360869e+02
3.082808280828082843e+02,3.772020331317714863e+02
3.083808380838083849e+02,3.769612215599343017e+02
3.084808480848084855e+02,3.767206405034586396e+02
3.085808580858085861e+02,3.764802896682484743e+02
3.086808680868086867e+02,3.762401687606769087e+02
3.087808780878087873e+02,3.760002774875843556e+02
3.088808880888088879e+02,3.757606155562789354e+02
3.089808980898089885e+02,3.755211826745340886e+02
3.090809080908090891e+02,3.752819785505894856e+02
3.091809180918091897e+02,3.750430028931487527e+02
3.092809280928092903e+02,3.748042554113786196e+02
3.093809380938093909e+02,3.745657358149089191e+02
3.094809480948094915e+02,3.743274438138308824e+02
3.095809580958095921e+02,3.740893791186967974e+02
3.096809680968096927e+02,3.738515414405189290e+02
3.097809780978096796e+02,3.736139304907685528e+02
3.098809880988097802e+02,3.733765459813745906e+02
3.099809980998098808e+02,3.731393876247244066e+02
3.100810081008099814e+02,3.729024551336608511e+02
3.101810181018100820e+02,3.726657482214828860e+02
3.102810281028101826e+02,3.724292666019441640e+02
3.103810381038102832e+02,3.721930099892518342e+02
3.104810481048103838e+02,3.719569780980665996e+02
3.105810581058104844e+02,3.717211706435007272e+02
3.106810681068105850e+02,3.714855873411180482e+02
3.107810781078106857e+02,3.712502279069330484e+02
3.108810881088107863e+02,3.710150920574092197e+02
3.109810981098108869e+02,3.707801795094592876e+02
3.110811081108109875e+02,3.705454899804433921e+02
3.111811181118110881e+02,3.703110231881689742e+02
3.112811281128111887e+02,3.700767788508897524e+02
3.113811381138112893e+02,3.698427566873040746e+02
3.114811481148113899e+02,3.696089564165557135e+02
3.115811581158114905e+02,3.693753777582314797e+02
3.116811681168115911e+02,3.691420204323609937e+02
3.117811781178116917e+02,3.689088841594160613e+02
3.118811881188117923e+02,3.686759686603091382e+02
3.119811981198118929e+02,3.684432736563936146e+02
3.120812081208119935e+02,3.682107988694618257e+02
3.121812181218120941e+02,3.679785440217448809e+02
3.122812281228121947e+02,3.677465088359115271e+02
3.123812381238122953e+02,3.675146930350678645e+02
3.124812481248123959e+02,3.672830963427555844e+02
3.125812581258124965e+02,3.670517184829521966e+02
3.126812681268125971e+02,3.668205591800691536e+02
3.127812781278126977e+02,3.665896181589520211e+02
3.128812881288127983e+02,3.663588951448791704e+02
3.129812981298128989e+02,3.661283898635605851e+02
3.130813081308129995e+02,3.658981020411379177e+02
3.131813181318131001e+02,3.656680314041831252e+02
3.132813281328132007e+02,3.654381776796974464e+02
3.133813381338133013e+02,3.652085405951112307e+02
3.134813481348134019e+02,3.649791198782827450e+02
3.135813581358135025e+02,3.647499152574972641e+02
3.136813681368136031e+02,3.645209264614667291e+02
3.137813781378137037e+02,3.642921532193280427e+02
3.138813881388138043e+02,3.640635952606438082e+02
3.139813981398139049e+02,3.638352523153993729e+02
3.140814081408140055e+02,3.636071241140043071e+02
3.141814181418141061e+02,3.633792103872901293e+02
3.142814281428142067e+02,3.631515108665096818e+02
3.143814381438143073e+02,3.629240252833370164e+02
3.144814481448144079e+02,3.626967533698660304e+02
3.145814581458145085e+02,3.624696948586096141e+02
3.146814681468146091e+02,3.622428494824994232e+02
3.147814781478147097e+02,3.620162169748843439e+02
3.148814881488148103e+02,3.617897970695304366e+02
3.149814981498149109e+02,3.615635895006197416e+02
3.150815081508150115e+02,3.613375940027493698e+02
3.151815181518151121e+02,3.611118103109311619e+02
3.152815281528152127e+02,3.608862381605908922e+02
3.153815381538153133e+02,3.606608772875665068e+02
3.154815481548154139e+02,3.604357274281091463e+02
3.155815581558155145e+02,3.602107883188806454e+02
3.156815681568156151e+02,3.599860596969535891e+02
3.157815781578157157e+02,3.597615412998108582e+02
3.158815881588158163e+02,3.595372328653437535e+02
3.159815981598159169e+02,3.593131341318525642e+02
3.160816081608160175e+02,3.590892448380445785e+02
3.161816181618161181e+02,3.588655647230344243e+02
3.162816281628162187e+02,3.586420935263425349e+02
3.163816381638163193e+02,3.584188309878944096e+02
3.164816481648164199e+02,3.581957768480205573e+02
3.165816581658165205e+02,3.579729308474550749e+02
3.166816681668166211e+02,3.577502927273347950e+02
3.167816781678167217e+02,3.575278622291994566e+02
3.168816881688168223e+02,3.573056390949896013e+02
3.169816981698169229e+02,3.570836230670471423e+02
3.170817081708170235e+02,3.568618138881138293e+02
3.171817181718171241e+02,3.566402113013305666e+02
3.172817281728172247e+02,3.564188150502368444e+02
3.173817381738173253e+02,3.561976248787702275e+02
3.174817481748174259e+02,3.559766405312649908e+02
3.175817581758175265e+02,3.557558617524520628e+02
3.176817681768176271e+02,3.555352882874576608e+02
3.177817781778177277e+02,3.553149198818030641e+02
3.178817881788178283e+02,3.550947562814035336e+02
3.179817981798179289e+02,3.548747972325677438e+02
3.180818081808180295e+02,3.546550424819970999e+02
3.181818181818181301e+02,3.544354917767851134e+02
3.182818281828182307e+02,3.542161448644159236e+02
3.183818381838183313e+02,3.539970014927648094e+02
3.184818481848184319e+02,3.537780614100962566e+02
3.185818581858185325e+02,3.535593243650640716e+02
3.186818681868186331e+02,3.533407901067104717e+02
3.187818781878187337e+02,3.531224583844649487e+02
3.188818881888188344e+02,3.529043289481441548e+02
3.189818981898189350e+02,3.526864015479505383e+02
3.190819081908190356e+02,3.524686759344724010e+02
3.191819181918191362e+02,3.522511518586826469e+02
3.192819281928192368e+02,3.520338290719378165e+02
3.193819381938193374e+02,3.518167073259781432e+02
3.194819481948194380e+02,3.515997863729267578e+02
3.195819581958195386e+02,3.513830659652878694e+02
3.196819681968196392e+02,3.511665458559475042e+02
3.197819781978197398e+02,3.509502257981718003e+02
3.198819881988198404e+02,3.507341055456067807e+02
3.199819981998199410e+02,3.505181848522778978e+02
3.200820082008200416e+02,3.503024634725882720e+02
3.201820182018201422e+02,3.500869411613192597e+02
3.202820282028202428e+02,3.498716176736290890e+02
3.203820382038203434e+02,3.496564927650519508e+02
3.204820482048204440e+02,3.494415661914982252e+02
3.205820582058205446e+02,3.492268377092525498e+02
3.206820682068206452e+02,3.490123070749741601e+02
3.207820782078207458e+02,3.487979740456958098e+02
3.208820882088208464e+02,3.485838383788226906e+02
3.209820982098209470e+02,3.483698998321326599e+02
3.210821082108210476e+02,3.481561581637748759e+02
3.211821182118211482e+02,3.479426131322688320e+02
3.212821282128212488e+02,3.477292644965049249e+02
3.213821382138213494e+02,3.475161120157420669e+02
3.214821482148214500e+02,3.473031554496087097e+02
3.215821582158215506e+02,3.470903945581008543e+02
3.216821682168216512e+02,3.468778291015820514e+02
3.217821782178217518e+02,3.466654588407826623e+02
3.218821882188218524e+02,3.464532835367986650e+02
3.219821982198219530e+02,3.462413029510918250e+02
3.220822082208220536e+02,3.460295168454886152e+02
3.221822182218221542e+02,3.458179249821791359e+02
3.222822282228222548e+02,3.456065271237172283e+02
3.223822382238223554e+02,3.453953230330193378e+02
3.224822482248224560e+02,3.451843124733636614e+02
3.225822582258225566e+02,3.449734952083902044e+02
3.226822682268226572e+02,3.447628710020992457e+02
3.227822782278227578e+02,3.445524396188513379e+02
3.228822882288228584e+02,3.443422008233664542e+02
3.229822982298229590e+02,3.441321543807230228e+02
3.230823082308230596e+02,3.439223000563578694e+02
3.231823182318231602e+02,3.437126376160652512e+02
3.232823282328232608e+02,3.435031668259956064e+02
3.233823382338233614e+02,3.432938874526561222e+02
3.234823482348234620e+02,3.430847992629091436e+02
3.235823582358235626e+02,3.428759020239719462e+02
3.236823682368236632e+02,3.426671955034159964e+02
3.237823782378237638e+02,3.424586794691659293e+02
3.238823882388238644e+02,3.422503536894997183e+02
3.239823982398239650e+02,3.420422179330471977e+02
3.240824082408240656e+02,3.418342719687899489e+02
3.241824182418241662e+02,3.416265155660606183e+02
3.242824282428242668e+02,3.414189484945417803e+02
3.243824382438243674e+02,3.412115705242660511e+02
3.244824482448244680e+02,3.410043814256149517e+02
3.245824582458245686e+02,3.407973809693182830e+02
3.246824682468246692e+02,3.405905689264537273e+02
3.247824782478247698e+02,3.403839450684459962e+02
3.248824882488248704e+02,3.401775091670664324e+02
3.249824982498249710e+02,3.399712609944321571e+02
3.250825082508250716e+02,3.397652003230053879e+02
3.251825182518251722e+02,3.395593269255932114e+02
3.252825282528252728e+02,3.393536405753466738e+02
3.253825382538253734e+02,3.391481410457597008e+02
3.254825482548254740e+02,3.389428281106698364e+02
3.255825582558255746e+02,3.387377015442557990e+02
3.256825682568256752e+02,3.385327611210385044e+02
3.257825782578257758e+02,3.383280066158793602e+02
3.258825882588258764e+02,3.381234378039799822e+02
3.259825982598259770e+02,3.379190544608820232e+02
3.260826082608260776e+02,3.377148563624657527e+02
3.261826182618261782e+02,3.375108432849498854e+02
3.262826282628262788e+02,3.373070150048912410e+02
3.263826382638263794e+02,3.371033712991834932e+02
3.264826482648264800e+02,3.368999119450569992e+02
3.265826582658265806e+02,3.366966367200781747e+02
3.266826682668266812e+02,3.364935454021485270e+02
3.267826782678267818e+02,3.362906377695047695e+02
3.268826882688268824e+02,3.360879136007171155e+02
3.269826982698269831e+02,3.358853726746898474e+02
3.270827082708270837e+02,3.356830147706600656e+02
3.271827182718271843e+02,3.354808396681971203e+02
3.272827282728272849e+02,3.352788471472019296e+02
3.273827382738273855e+02,3.350770369879069790e+02
3.274827482748274861e+02,3.348754089708749007e+02
3.275827582758275867e+02,3.346739628769987007e+02
3.276827682768276873e+02,3.344726984874999971e+02
3.277827782778277879e+02,3.342716155839299290e+02
3.278827882788278885e+02,3.340707139481674517e+02
3.279827982798279891e+02,3.338699933624189953e+02
3.280828082808280897e+02,3.336694536092181238e+02
3.281828182818281903e+02,3.334690944714248531e+02
3.282828282828282909e+02,3.332689157322247979e+02
3.283828382838283915e+02,3.330689171751290019e+02
3.284828482848284921e+02,3.328690985839728000e+02
3.285828582858285927e+02,3.326694597429160467e+02
3.286828682868286933e+02,3.324700004364418078e+02
3.287828782878287939e+02,3.322707204493558493e+02
3.288828882888287808e+02,3.320716195667867510e+02
3.289828982898288814e+02,3.318726975741842011e+02
3.290829082908289820e+02,3.316739542573192239e+02
3.291829182918290826e+02,3.314753894022838949e+02
3.292829282928291832e+02,3.312770027954895795e+02
3.293829382938292838e+02,3.310787942236674439e+02
3.294829482948293844e+02,3.308807634738677166e+02
3.295829582958294850e+02,3.306829103334582669e+02
3.296829682968295856e+02,3.304852345901251738e+02
3.297829782978296862e+02,3.302877360318715318e+02
3.298829882988297868e+02,3.300904144470169399e+02
3.299829982998298874e+02,3.298932696241970461e+02
3.300830083008299880e+02,3.296963013523628661e+02
3.301830183018300886e+02,3.294995094207803277e+02
3.302830283028301892e+02,3.293028936190297600e+02
3.303830383038302898e+02,3.291064537370049834e+02
3.304830483048303904e+02,3.289101895649132530e+02
3.305830583058304910e+02,3.287141008932744057e+02
3.306830683068305916e+02,3.285181875129200648e+02
3.307830783078306922e+02,3.283224492149938669e+02
3.308830883088307928e+02,3.281268857909498138e+02
3.309830983098308934e+02,3.279314970325526701e+02
3.310831083108309940e+02,3.277362827318771679e+02
3.311831183118310946e+02,3.275412426813068691e+02
3.312831283128311952e+02,3.273463766735344507e+02
3.313831383138312958e+02,3.271516845015605099e+02
3.314831483148313964e+02,3.269571659586934516e+02
3.315831583158314970e+02,3.267628208385488620e+02
3.316831683168315976e+02,3.265686489350485431e+02
3.317831783178316982e+02,3.263746500424203987e+02
3.318831883188317988e+02,3.261808239551981501e+02
3.319831983198318994e+02,3.259871704682199152e+02
3.320832083208320000e+02,3.257936893766284356e+02
3.321832183218321006e+02,3.256003804758701108e+02
3.322832283228322012e+02,3.254072435616948269e+02
3.323832383238323018e+02,3.252142784301551046e+02
3.324832483248324024e+02,3.250214848776055874e+02
3.325832583258325030e+02,3.248288627007026435e+02
3.326832683268326036e+02,3.246364116964038544e+02
3.327832783278327042e+02,3.244441316619672193e+02
3.328832883288328048e+02,3.242520223949510410e+02
3.329832983298329054e+02,3.240600836932128459e+02
3.330833083308330060e+02,3.238683153549093277e+02
3.331833183318331066e+02,3.236767171784958350e+02
3.332833283328332072e+02,3.234852889627251216e+02
3.333833383338333078e+02,3.232940305066478572e+02
3.334833483348334084e+02,3.231029416096114346e+02
3.335833583358335090e+02,3.229120220712593436e+02
3.336833683368336096e+02,3.227212716915313990e+02
3.337833783378337102e+02,3.225306902706620917e+02
3.338833883388338108e+02,3.223402776091813280e+02
3.339833983398339115e+02,3.221500335079130082e+02
3.340834083408340121e+02,3.219599577679745721e+02
3.341834183418341127e+02,3.217700501907769990e+02
3.342834283428342133e+02,3.215803105780236137e+02
3.343834383438343139e+02,3.213907387317103144e+02
3.344834483448344145e+02,3.212013344541244919e+02
3.345834583458345151e+02,3.210120975478445189e+02
3.346834683468346157e+02,3.208230278157396924e+02
3.347834783478347163e+02,3.206341250609693816e+02
3.348834883488348169e+02,3.204453890869822317e+02
3.349834983498349175e+02,3.202568196975164483e+02
3.350835083508350181e+02,3.200684166965985469e+02
3.351835183518351187e+02,3.198801798885430685e+02
3.352835283528352193e+02,3.196921090779525798e+02
3.353835383538353199e+02,3.195042040697160814e+02
3.354835483548354205e+02,3.193164646690095765e+02
3.355835583558355211e+02,3.191288906812949904e+02
3.356835683568356217e+02,3.189414819123197731e+02
3.357835783578357223e+02,3.187542381681163874e+02
3.358835883588358229e+02,3.185671592550018545e+02
3.359835983598359235e+02,3.183802449795775260e+02
3.360836083608360241e+02,3.181934951487279477e+02
3.361836183618361247e+02,3.180069095696208024e+02
3.362836283628362253e+02,3.178204880497062845e+02
3.363836383638363259e+02,3.176342303967165890e+02
3.364836483648364265e+02,3.174481364186659107e+02
3.365836583658365271e+02,3.172622059238490237e+02
3.366836683668366277e+02,3.170764387208413382e+02
3.367836783678367283e+02,3.168908346184984453e+02
3.368836883688368289e+02,3.167053934259556627e+02
3.369836983698369295e+02,3.165201149526270115e+02
3.370837083708370301e+02,3.163349990082055001e+02
3.371837183718371307e+02,3.161500454026620446e+02
3.372837283728372313e+02,3.159652539462452410e+02
3.373837383738373319e+02,3.157806244494809675e+02
3.374837483748374325e+02,3.155961567231713616e+02
3.375837583758375331e+02,3.154118505783952173e+02
3.376837683768376337e+02,3.152277058265067353e+02
3.377837783778377343e+02,3.150437222791351246e+02
3.378837883788378349e+02,3.148598997481850574e+02
3.379837983798379355e+02,3.146762380458346797e+02
3.380838083808380361e+02,3.144927369845361227e+02
3.381838183818381367e+02,3.143093963770151618e+02
3.382838283828382373e+02,3.141262160362697387e+02
3.383838383838383379e+02,3.139431957755707003e+02
3.384838483848384385e+02,3.137603354084604916e+02
3.385838583858385391e+02,3.135776347487528142e+02
3.386838683868386397e+02,3.133950936105326832e+02
3.387838783878387403e+02,3.132127118081550634e+02
3.388838883888388409e+02,3.130304891562451530e+02
3.389838983898389415e+02,3.128484254696978724e+02
3.390839083908390421e+02,3.126665205636764426e+02
3.391839183918391427e+02,3.124847742536135229e+02
3.392839283928392433e+02,3.123031863552090499e+02
3.393839383938393439e+02,3.121217566844310909e+02
3.394839483948394445e+02,3.119404850575148771e+02
3.395839583958395451e+02,3.117593712909618944e+02
3.396839683968396457e+02,3.115784152015402810e+02
3.397839783978397463e+02,3.113976166062837478e+02
3.398839883988398469e+02,3.112169753224912938e+02
3.399839983998399475e+02,3.110364911677269220e+02
3.400840084008400481e+02,3.108561639598186161e+02
3.401840184018401487e+02,3.106759935168587390e+02
3.402840284028402493e+02,3.104959796572029518e+02
3.403840384038403499e+02,3.103161221994696461e+02
3.404840484048404505e+02,3.101364209625400008e+02
3.405840584058405511e+02,3.099568757655574700e+02
3.406840684068406517e+02,3.097774864279266467e+02
3.407840784078407523e+02,3.095982527693137740e+02
3.408840884088408529e+02,3.094191746096454381e+02
3.409840984098409535e+02,3.092402517691087382e+02
3.410841084108410541e+02,3.090614840681506621e+02
3.411841184118411547e+02,3.088828713274771758e+02
3.412841284128412553e+02,3.087044133680536788e+02
3.413841384138413559e+02,3.085261100111035262e+02
3.414841484148414565e+02,3.083479610781084261e+02
3.415841584158415571e+02,3.081699663908078151e+02
3.416841684168416577e+02,3.079921257711977773e+02
3.417841784178417583e+02,3.078144390415312728e+02
3.418841884188418589e+02,3.076369060243179661e+02
3.419841984198419595e+02,3.074595265423225214e+02
3.420842084208420601e+02,3.072823004185656259e+02
3.421842184218421608e+02,3.071052274763225114e+02
3.422842284228422614e+02,3.069283075391228977e+02
3.423842384238423620e+02,3.067515404307508788e+02
3.424842484248424626e+02,3.065749259752436160e+02
3.425842584258425632e+02,3.063984639968919623e+02
3.426842684268426638e+02,3.062221543202391558e+02
3.427842784278427644e+02,3.060459967700806487e+02
3.428842884288428650e+02,3.058699911714642781e+02
3.429842984298429656e+02,3.056941373496885035e+02
3.430843084308430662e+02,3.055184351303034305e+02
3.431843184318431668e+02,3.053428843391095029e+02
3.432843284328432674e+02,3.051674848021571052e+02
3.433843384338433680e+02,3.049922363457465053e+02
3.434843484348434686e+02,3.048171387964273436e+02
3.435843584358435692e+02,3.046421919809976657e+02
3.436843684368436698e+02,3.044673957265042645e+02
3.437843784378437704e+02,3.042927498602418837e+02
3.438843884388438710e+02,3.041182542097527062e+02
3.439843984398439716e+02,3.039439086028262977e+02
3.440844084408440722e+02,3.037697128674983560e+02
3.441844184418441728e+02,3.035956668320514495e+02
3.442844284428442734e+02,3.034217703250135969e+02
3.443844384438443740e+02,3.032480231751584370e+02
3.444844484448444746e+02,3.030744252115046606e+02
3.445844584458445752e+02,3.029009762633153287e+02
3.446844684468446758e+02,3.027276761600977579e+02
3.447844784478447764e+02,3.025545247316034079e+02
3.448844884488448770e+02,3.023815218078262319e+02
3.449844984498449776e+02,3.022086672190038712e+02
3.450845084508450782e+02,3.020359607956160062e+02
3.451845184518451788e+02,3.018634023683846408e+02
3.452845284528452794e+02,3.016909917682733635e+02
3.453845384538453800e+02,3.015187288264868926e+02
3.454845484548454806e+02,3.013466133744710191e+02
3.455845584558455812e+02,3.011746452439118684e+02
3.456845684568456818e+02,3.010028242667352743e+02
3.457845784578457824e+02,3.008311502751073476e+02
3.458845884588458830e+02,3.006596231014327714e+02
3.459845984598459836e+02,3.004882425783551412e+02
3.460846084608460842e+02,3.003170085387568520e+02
3.461846184618461848e+02,3.001459208157576199e+02
3.462846284628462854e+02,2.999749792427152784e+02
3.463846384638463860e+02,2.998041836532244133e+02
3.464846484648464866e+02,2.996335338811165911e+02
3.465846584658465872e+02,2.994630297604598468e+02
3.466846684668466878e+02,2.992926711255576038e+02
3.467846784678467884e+02,2.991224578109496406e+02
3.468846884688468890e+02,2.989523896514101580e+02
3.469846984698469896e+02,2.987824664819485179e+02
3.470847084708470902e+02,2.986126881378083340e+02
3.471847184718471908e+02,2.984430544544669601e+02
3.472847284728472914e+02,2.982735652676354903e+02
3.473847384738473920e+02,2.981042204132583606e+02
3.474847484748474926e+02,2.979350197275122127e+02
3.475847584758475932e+02,2.977659630468064051e+02
3.476847684768476938e+02,2.975970502077823312e+02
3.477847784778477944e+02,2.974282810473127938e+02
3.478847884788477813e+02,2.972596554025019486e+02
3.479847984798478819e+02,2.970911731106841103e+02
3.480848084808479825e+02,2.969228340094247187e+02
3.481848184818480831e+02,2.967546379365186908e+02
3.482848284828481837e+02,2.965865847299911024e+02
3.483848384838482843e+02,2.964186742280955968e+02
3.484848484848483849e+02,2.962509062693152941e+02
3.485848584858484855e+02,2.960832806923610292e+02
3.486848684868485861e+02,2.959157973361723180e+02
3.487848784878486867e+02,2.957484560399159932e+02
3.488848884888487873e+02,2.955812566429860908e+02
3.489848984898488879e+02,2.954141989850040204e+02
3.490849084908489885e+02,2.952472829058170305e+02
3.491849184918490892e+02,2.950805082454989474e+02
3.492849284928491898e+02,2.949138748443493228e+02
3.493849384938492904e+02,2.947473825428927512e+02
3.494849484948493910e+02,2.945810311818791547e+02
3.495849584958494916e+02,2.944148206022827594e+02
3.496849684968495922e+02,2.942487506453022093e+02
3.497849784978496928e+02,2.940828211523598839e+02
3.498849884988497934e+02,2.939170319651017280e+02
3.499849984998498940e+02,2.937513829253965127e+02
3.500850085008499946e+02,2.935858738753360626e+02
3.501850185018500952e+02,2.934205046572340621e+02
3.502850285028501958e+02,2.932552751136267943e+02
3.503850385038502964e+02,2.930901850872713226e+02
3.504850485048503970e+02,2.929252344211466834e+02
3.505850585058504976e+02,2.927604229584522955e+02
3.506850685068505982e+02,2.925957505426079592e+02
3.507850785078506988e+02,2.924312170172539709e+02
3.508850885088507994e+02,2.922668222262498148e+02
3.509850985098509000e+02,2.921025660136747888e+02
3.510851085108510006e+02,2.919384482238268674e+02
3.511851185118511012e+02,2.917744687012227018e+02
3.512851285128512018e+02,2.916106272905972219e+02
3.513851385138513024e+02,2.914469238369033519e+02
3.514851485148514030e+02,2.912833581853111014e+02
3.515851585158515036e+02,2.911199301812080762e+02
3.516851685168516042e+02,2.909566396701982285e+02
3.517851785178517048e+02,2.907934864981023679e+02
3.518851885188518054e+02,2.906304705109570250e+02
3.519851985198519060e+02,2.904675915550143941e+02
3.520852085208520066e+02,2.903048494767421630e+02
3.521852185218521072e+02,2.901422441228228877e+02
3.522852285228522078e+02,2.899797753401538216e+02
3.523852385238523084e+02,2.898174429758462907e+02
3.524852485248524090e+02,2.896552468772253519e+02
3.525852585258525096e+02,2.894931868918300211e+02
3.526852685268526102e+02,2.893312628674121356e+02
3.527852785278527108e+02,2.891694746519364116e+02
3.528852885288528114e+02,2.890078220935799891e+02
3.529852985298529120e+02,2.888463050407322612e+02
3.530853085308530126e+02,2.886849233419939651e+02
3.531853185318531132e+02,2.885236768461776933e+02
3.532853285328532138e+02,2.883625654023065294e+02
3.533853385338533144e+02,2.882015888596146738e+02
3.534853485348534150e+02,2.880407470675466470e+02
3.535853585358535156e+02,2.878800398757563812e+02
3.536853685368536162e+02,2.877194671341081857e+02
3.537853785378537168e+02,2.875590286926749855e+02
3.538853885388538174e+02,2.873987244017388889e+02
3.539853985398539180e+02,2.872385541117907906e+02
3.540854085408540186e+02,2.870785176735292339e+02
3.541854185418541192e+02,2.869186149378610935e+02
3.542854285428542198e+02,2.867588457559007225e+02
3.543854385438543204e+02,2.865992099789694407e+02
3.544854485448544210e+02,2.864397074585955920e+02
3.545854585458545216e+02,2.862803380465138048e+02
3.546854685468546222e+02,2.861211015946648786e+02
3.547854785478547228e+02,2.859619979551957840e+02
3.548854885488548234e+02,2.858030269804582417e+02
3.549854985498549240e+02,2.856441885230097455e+02
3.550855085508550246e+02,2.854854824356121981e+02
3.551855185518551252e+02,2.853269085712319111e+02
3.552855285528552258e+02,2.851684667830395483e+02
3.553855385538553264e+02,2.850101569244091024e+02
3.554855485548554270e+02,2.848519788489184066e+02
3.555855585558555276e+02,2.846939324103481113e+02
3.556855685568556282e+02,2.845360174626816843e+02
3.557855785578557288e+02,2.843782338601047854e+02
3.558855885588558294e+02,2.842205814570055509e+02
3.559855985598559300e+02,2.840630601079732855e+02
3.560856085608560306e+02,2.839056696677992022e+02
3.561856185618561312e+02,2.837484099914751141e+02
3.562856285628562318e+02,2.835912809341939465e+02
3.563856385638563324e+02,2.834342823513488270e+02
3.564856485648564330e+02,2.832774140985328017e+02
3.565856585658565336e+02,2.831206760315387783e+02
3.566856685668566342e+02,2.829640680063590708e+02
3.567856785678567348e+02,2.828075898791849454e+02
3.568856885688568354e+02,2.826512415064066772e+02
3.569856985698569360e+02,2.824950227446123563e+02
3.570857085708570366e+02,2.823389334505886836e+02
3.571857185718571372e+02,2.821829734813200616e+02
3.572857285728572379e+02,2.820271426939878552e+02
3.573857385738573385e+02,2.818714409459710168e+02
3.574857485748574391e+02,2.817158680948450069e+02
3.575857585758575397e+02,2.815604239983816797e+02
3.576857685768576403e+02,2.814051085145492266e+02
3.577857785778577409e+02,2.812499215015113236e+02
3.578857885788578415e+02,2.810948628176273587e+02
3.579857985798579421e+02,2.809399323214517494e+02
3.580858085808580427e+02,2.807851298717336022e+02
3.581858185818581433e+02,2.806304553274168825e+02
3.582858285828582439e+02,2.804759085476393352e+02
3.583858385838583445e+02,2.803214893917325981e+02
3.584858485848584451e+02,2.801671977192222585e+02
3.585858585858585457e+02,2.800130333898264894e+02
3.586858685868586463e+02,2.798589962634568451e+02
3.587858785878587469e+02,2.797050862002171812e+02
3.588858885888588475e+02,2.795513030604038249e+02
3.589858985898589481e+02,2.793976467045048366e+02
3.590859085908590487e+02,2.792441169932000093e+02
3.591859185918591493e+02,2.790907137873603574e+02
3.592859285928592499e+02,2.789374369480480595e+02
3.593859385938593505e+02,2.787842863365157768e+02
3.594859485948594511e+02,2.786312618142067095e+02
3.595859585958595517e+02,2.784783632427537441e+02
3.596859685968596523e+02,2.783255904839800792e+02
3.597859785978597529e+02,2.781729433998980312e+02
3.598859885988598535e+02,2.780204218527088074e+02
3.599859985998599541e+02,2.778680257048027329e+02
3.600860086008600547e+02,2.777157548187586258e+02
3.601860186018601553e+02,2.775636090573432853e+02
3.602860286028602559e+02,2.774115882835116622e+02
3.603860386038603565e+02,2.772596923604058929e+02
3.604860486048604571e+02,2.771079211513556970e+02
3.605860586058605577e+02,2.769562745198775815e+02
3.606860686068606583e+02,2.768047523296747841e+02
3.607860786078607589e+02,2.766533544446368182e+02
3.608860886088608595e+02,2.765020807288393030e+02
3.609860986098609601e+02,2.763509310465434510e+02
3.610861086108610607e+02,2.761999052621960118e+02
3.611861186118611613e+02,2.760490032404287604e+02
3.612861286128612619e+02,2.758982248460583264e+02
3.613861386138613625e+02,2.757475699440861376e+02
3.614861486148614631e+02,2.755970383996971123e+02
3.615861586158615637e+02,2.754466300782609096e+02
3.616861686168616643e+02,2.752963448453301680e+02
3.617861786178617649e+02,2.751461825666412437e+02
3.618861886188618655e+02,2.749961431081132446e+02
3.619861986198619661e+02,2.748462263358479731e+02
3.620862086208620667e+02,2.746964321161298130e+02
3.621862186218621673e+02,2.745467603154254448e+02
3.622862286228622679e+02,2.743972108003827657e+02
3.623862386238623685e+02,2.742477834378316288e+02
3.624862486248624691e+02,2.740984780947830473e+02
3.625862586258625697e+02,2.739492946384288530e+02
3.626862686268626703e+02,2.738002329361416969e+02
3.627862786278627709e+02,2.736512928554742530e+02
3.628862886288628715e+02,2.735024742641595594e+02
3.629862986298629721e+02,2.733537770301102796e+02
3.630863086308630727e+02,2.732052010214184179e+02
3.631863186318631733e+02,2.730567461063553196e+02
3.632863286328632739e+02,2.729084121533709322e+02
3.633863386338633745e+02,2.727601990310942597e+02
3.634863486348634751e+02,2.726121066083320557e+02
3.635863586358635757e+02,2.724641347540693914e+02
3.636863686368636763e+02,2.723162833374689740e+02
3.637863786378637769e+02,2.721685522278709755e+02
3.638863886388638775e+02,2.720209412947924648e+02
3.639863986398639781e+02,2.718734504079277485e+02
3.640864086408640787e+02,2.717260794371472343e+02
3.641864186418641793e+02,2.715788282524980559e+02
3.642864286428642799e+02,2.714316967242029932e+02
3.643864386438643805e+02,2.712846847226606428e+02
3.644864486448644811e+02,2.711377921184450202e+02
3.645864586458645817e+02,2.709910187823051615e+02
3.646864686468646823e+02,2.708443645851650672e+02
3.647864786478647829e+02,2.706978293981233605e+02
3.648864886488648835e+02,2.705514130924526057e+02
3.649864986498649841e+02,2.704051155395996489e+02
3.650865086508650847e+02,2.702589366111851632e+02
3.651865186518651853e+02,2.701128761790027966e+02
3.652865286528652859e+02,2.699669341150198534e+02
3.653865386538653866e+02,2.698211102913760442e+02
3.654865486548654872e+02,2.696754045803838835e+02
3.655865586558655878e+02,2.695298168545283488e+02
3.656865686568656884e+02,2.693843469864661415e+02
3.657865786578657890e+02,2.692389948490258575e+02
3.658865886588658896e+02,2.690937603152077600e+02
3.659865986598659902e+02,2.689486432581828126e+02
3.660866086608660908e+02,2.688036435512932485e+02
3.661866186618661914e+02,2.686587610680519447e+02
3.662866286628662920e+02,2.685139956821421379e+02
3.663866386638663926e+02,2.683693472674170266e+02
3.664866486648664932e+02,2.682248156978996008e+02
3.665866586658665938e+02,2.680804008477825846e+02
3.666866686668666944e+02,2.679361025914278116e+02
3.667866786678667950e+02,2.677919208033661675e+02
3.668866886688668956e+02,2.676478553582973063e+02
3.669866986698668825e+02,2.675039061310893089e+02
3.670867086708669831e+02,2.673600729967781149e+02
3.671867186718670837e+02,2.672163558305681477e+02
3.672867286728671843e+02,2.670727545078309504e+02
3.673867386738672849e+02,2.669292689041057542e+02
3.674867486748673855e+02,2.667858988950989101e+02
3.675867586758674861e+02,2.666426443566832631e+02
3.676867686768675867e+02,2.664995051648985509e+02
3.677867786778676873e+02,2.663564811959504937e+02
3.678867886788677879e+02,2.662135723262111924e+02
3.679867986798678885e+02,2.660707784322183329e+02
3.680868086808679891e+02,2.659280993906748449e+02
3.681868186818680897e+02,2.657855350784493567e+02
3.682868286828681903e+02,2.656430853725751149e+02
3.683868386838682909e+02,2.655007501502500418e+02
3.684868486848683915e+02,2.653585292888366780e+02
3.685868586858684921e+02,2.652164226658616712e+02
3.686868686868685927e+02,2.650744301590155487e+02
3.687868786878686933e+02,2.649325516461524899e+02
3.688868886888687939e+02,2.647907870052898716e+02
3.689868986898688945e+02,2.646491361146084955e+02
3.690869086908689951e+02,2.645075988524516220e+02
3.691869186918690957e+02,2.643661750973255380e+02
3.692869286928691963e+02,2.642248647278987050e+02
3.693869386938692969e+02,2.640836676230012472e+02
3.694869486948693975e+02,2.639425836616257470e+02
3.695869586958694981e+02,2.638016127229259951e+02
3.696869686968695987e+02,2.636607546862169897e+02
3.697869786978696993e+02,2.635200094309749943e+02
3.698869886988697999e+02,2.633793768368368546e+02
3.699869986998699005e+02,2.632388567835998856e+02
3.700870087008700011e+02,2.630984491512220984e+02
3.701870187018701017e+02,2.629581538198208932e+02
3.702870287028702023e+02,2.628179706696738549e+02
3.703870387038703029e+02,2.626778995812179005e+02
3.704870487048704035e+02,2.625379404350491654e+02
3.705870587058705041e+02,2.623980931119229467e+02
3.706870687068706047e+02,2.622583574927530208e+02
3.707870787078707053e+02,2.621187334586116435e+02
3.708870887088708059e+02,2.619792208907296640e+02
3.709870987098709065e+02,2.618398196704954444e+02
3.710871087108710071e+02,2.617005296794553715e+02
3.711871187118711077e+02,2.615613507993130611e+02
3.712871287128712083e+02,2.614222829119294715e+02
3.713871387138713089e+02,2.612833258993226764e+02
3.714871487148714095e+02,2.611444796436671254e+02
3.715871587158715101e+02,2.610057440272940994e+02
3.716871687168716107e+02,2.608671189326908575e+02
3.717871787178717113e+02,2.607286042425005235e+02
3.718871887188718119e+02,2.605901998395223131e+02
3.719871987198719125e+02,2.604519056067105112e+02
3.720872087208720131e+02,2.603137214271748689e+02
3.721872187218721137e+02,2.601756471841802068e+02
3.722872287228722143e+02,2.600376827611457884e+02
3.723872387238723149e+02,2.598998280416453781e+02
3.724872487248724156e+02,2.597620829094072974e+02
3.725872587258725162e+02,2.596244472483135723e+02
3.726872687268726168e+02,2.594869209424001610e+02
3.727872787278727174e+02,2.593495038758562714e+02
3.728872887288728180e+02,2.592121959330245886e+02
3.729872987298729186e+02,2.590749969984008203e+02
3.730873087308730192e+02,2.589379069566332987e+02
3.731873187318731198e+02,2.588009256925230375e+02
3.732873287328732204e+02,2.586640530910231632e+02
3.733873387338733210e+02,2.585272890372390862e+02
3.734873487348734216e+02,2.583906334164278746e+02
3.735873587358735222e+02,2.582540861139981416e+02
3.736873687368736228e+02,2.581176470155098741e+02
3.737873787378737234e+02,2.579813160066743194e+02
3.738873887388738240e+02,2.578450929733530756e+02
3.739873987398739246e+02,2.577089778015589445e+02
3.740874087408740252e+02,2.575729703774546238e+02
3.741874187418741258e+02,2.574370705873532756e+02
3.742874287428742264e+02,2.573012783177177880e+02
3.743874387438743270e+02,2.571655934551607743e+02
3.744874487448744276e+02,2.570300158864441187e+02
3.745874587458745282e+02,2.568945454984792036e+02
3.746874687468746288e+02,2.567591821783260571e+02
3.747874787478747294e+02,2.566239258131935230e+02
3.748874887488748300e+02,2.564887762904389206e+02
3.749874987498749306e+02,2.563537334975678732e+02
3.750875087508750312e+02,2.562187973222339679e+02
3.751875187518751318e+02,2.560839676522385275e+02
3.752875287528752324e+02,2.559492443755302986e+02
3.753875387538753330e+02,2.558146273802058772e+02
3.754875487548754336e+02,2.556801165545082597e+02
3.755875587558755342e+02,2.555457117868276953e+02
3.756875687568756348e+02,2.554114129657008903e+02
3.757875787578757354e+02,2.552772199798109227e+02
3.758875887588758360e+02,2.551431327179872710e+02
3.759875987598759366e+02,2.550091510692049610e+02
3.760876087608760372e+02,2.548752749225849925e+02
3.761876187618761378e+02,2.547415041673937424e+02
3.762876287628762384e+02,2.546078386930427939e+02
3.763876387638763390e+02,2.544742783890887665e+02
3.764876487648764396e+02,2.543408231452329176e+02
3.765876587658765402e+02,2.542074728513213984e+02
3.766876687668766408e+02,2.540742273973444298e+02
3.767876787678767414e+02,2.539410866734362742e+02
3.768876887688768420e+02,2.538080505698753200e+02
3.769876987698769426e+02,2.536751189770832013e+02
3.770877087708770432e+02,2.535422917856254514e+02
3.771877187718771438e+02,2.534095688862104794e+02
3.772877287728772444e+02,2.532769501696896555e+02
3.773877387738773450e+02,2.531444355270571975e+02
3.774877487748774456e+02,2.530120248494500004e+02
3.775877587758775462e+02,2.528797180281468400e+02
3.776877687768776468e+02,2.527475149545690840e+02
3.777877787778777474e+02,2.526154155202793845e+02
3.778877887788778480e+02,2.524834196169823883e+02
3.779877987798779486e+02,2.523515271365242256e+02
3.780878087808780492e+02,2.522197379708919698e+02
3.781878187818781498e+02,2.520880520122136375e+02
3.782878287828782504e+02,2.519564691527583022e+02
3.783878387838783510e+02,2.518249892849351852e+02
3.784878487848784516e+02,2.516936123012940243e+02
3.785878587858785522e+02,2.515623380945247050e+02
3.786878687868786528e+02,2.514311665574566916e+02
3.787878787878787534e+02,2.513000975830595110e+02
3.788878887888788540e+02,2.511691310644416149e+02
3.789878987898789546e+02,2.510382668948512048e+02
3.790879087908790552e+02,2.509075049676749529e+02
3.791879187918791558e+02,2.507768451764386555e+02
3.792879287928792564e+02,2.506462874148066362e+02
3.793879387938793570e+02,2.505158315765813484e+02
3.794879487948794576e+02,2.503854775557036305e+02
3.795879587958795582e+02,2.502552252462521380e+02
3.796879687968796588e+02,2.501250745424430875e+02
3.797879787978797594e+02,2.499950253386303700e+02
3.798879887988798600e+02,2.498650775293049549e+02
3.799879987998799606e+02,2.497352310090950880e+02
3.800880088008800612e+02,2.496054856727657523e+02
3.801880188018801618e+02,2.494758414152184400e+02
3.802880288028802624e+02,2.493462981314911815e+02
3.803880388038803630e+02,2.492168557167583174e+02
3.804880488048804636e+02,2.490875140663297884e+02
3.805880588058805643e+02,2.489582730756518174e+02
3.806880688068806649e+02,2.488291326403058292e+02
3.807880788078807655e+02,2.487000926560086782e+02
3.808880888088808661e+02,2.485711530186126197e+02
3.809880988098809667e+02,2.484423136241043153e+02
3.810881088108810673e+02,2.483135743686057140e+02
3.811881188118811679e+02,2.481849351483728299e+02
3.812881288128812685e+02,2.480563958597963108e+02
3.813881388138813691e+02,2.479279563994008413e+02
3.814881488148814697e+02,2.477996166638446880e+02
3.815881588158815703e+02,2.476713765499202111e+02
3.816881688168816709e+02,2.475432359545531256e+02
3.817881788178817715e+02,2.474151947748021598e+02
3.818881888188818721e+02,2.472872529078595960e+02
3.819881988198819727e+02,2.471594102510499624e+02
3.820882088208820733e+02,2.470316667018308578e+02
3.821882188218821739e+02,2.469040221577924115e+02
3.822882288228822745e+02,2.467764765166564871e+02
3.823882388238823751e+02,2.466490296762775074e+02
3.824882488248824757e+02,2.465216815346414307e+02
3.825882588258825763e+02,2.463944319898658648e+02
3.826882688268826769e+02,2.462672809402000951e+02
3.827882788278827775e+02,2.461402282840241185e+02
3.828882888288828781e+02,2.460132739198494392e+02
3.829882988298829787e+02,2.458864177463181306e+02
3.830883088308830793e+02,2.457596596622029210e+02
3.831883188318831799e+02,2.456329995664069088e+02
3.832883288328832805e+02,2.455064373579635628e+02
3.833883388338833811e+02,2.453799729360360402e+02
3.834883488348834817e+02,2.452536061999176411e+02
3.835883588358835823e+02,2.451273370490310128e+02
3.836883688368836829e+02,2.450011653829283489e+02
3.837883788378837835e+02,2.448750911012911047e+02
3.838883888388838841e+02,2.447491141039294575e+02
3.839883988398839847e+02,2.446232342907827331e+02
3.840884088408840853e+02,2.444974515619186093e+02
3.841884188418841859e+02,2.443717658175332588e+02
3.842884288428842865e+02,2.442461769579512350e+02
3.843884388438843871e+02,2.441206848836246763e+02
3.844884488448844877e+02,2.439952894951339886e+02
3.845884588458845883e+02,2.438699906931870487e+02
3.846884688468846889e+02,2.437447883786189777e+02
3.847884788478847895e+02,2.436196824523923397e+02
3.848884888488848901e+02,2.434946728155966298e+02
3.849884988498849907e+02,2.433697593694481895e+02
3.850885088508850913e+02,2.432449420152900359e+02
3.851885188518851919e+02,2.431202206545915487e+02
3.852885288528852925e+02,2.429955951889484709e+02
3.853885388538853931e+02,2.428710655200825670e+02
3.854885488548854937e+02,2.427466315498413110e+02
3.855885588558855943e+02,2.426222931801981133e+02
3.856885688568856949e+02,2.424980503132516105e+02
3.857885788578857955e+02,2.423739028512259210e+02
3.858885888588858961e+02,2.422498506964701335e+02
3.859885988598858830e+02,2.421258937514583636e+02
3.860886088608859836e+02,2.420020319187891289e+02
3.861886188618860842e+02,2.418782651011858036e+02
3.862886288628861848e+02,2.417545932014959078e+02
3.863886388638862854e+02,2.416310161226911362e+02
3.864886488648863860e+02,2.415075337678672440e+02
3.865886588658864866e+02,2.413841460402434507e+02
3.866886688668865872e+02,2.412608528431629509e+02
3.867886788678866878e+02,2.411376540800919202e+02
3.868886888688867884e+02,2.410145496546198842e+02
3.869886988698868890e+02,2.408915394704594917e+02
3.870887088708869896e+02,2.407686234314460023e+02
3.871887188718870902e+02,2.406458014415374009e+02
3.872887288728871908e+02,2.405230734048140278e+02
3.873887388738872914e+02,2.404004392254784932e+02
3.874887488748873920e+02,2.402778988078556779e+02
3.875887588758874926e+02,2.401554520563919937e+02
3.876887688768875933e+02,2.400330988756556394e+02
3.877887788778876939e+02,2.399108391703366010e+02
3.878887888788877945e+02,2.397886728452457703e+02
3.879887988798878951e+02,2.396665998053154851e+02
3.880888088808879957e+02,2.395446199555987903e+02
3.881888188818880963e+02,2.394227332012695797e+02
3.882888288828881969e+02,2.393009394476224259e+02
3.883888388838882975e+02,2.391792386000722104e+02
3.884888488848883981e+02,2.390576305641540387e+02
3.885888588858884987e+02,2.389361152455228989e+02
3.886888688868885993e+02,2.388146925499538611e+02
3.887888788878886999e+02,2.386933623833416220e+02
3.888888888888888005e+02,2.385721246517000225e+02
3.889888988898889011e+02,2.384509792611627859e+02
3.890889088908890017e+02,2.383299261179822679e+02
3.891889188918891023e+02,2.382089651285298544e+02
3.892889288928892029e+02,2.380880961992958760e+02
3.893889388938893035e+02,2.379673192368888976e+02
3.894889488948894041e+02,2.378466341480362871e+02
3.895889588958895047e+02,2.377260408395833338e+02
3.896889688968896053e+02,2.376055392184933908e+02
3.897889788978897059e+02,2.374851291918477614e+02
3.898889888988898065e+02,2.373648106668454147e+02
3.899889988998899071e+02,2.372445835508026448e+02
3.900890089008900077e+02,2.371244477511533546e+02
3.901890189018901083e+02,2.370044031754483171e+02
3.902890289028902089e+02,2.368844497313552893e+02
3.903890389038903095e+02,2.367645873266590399e+02
3.904890489048904101e+02,2.366448158692606683e+02
3.905890589058905107e+02,2.365251352671778875e+02
3.906890689068906113e+02,2.364055454285445990e+02
3.907890789078907119e+02,2.362860462616106929e+02
3.908890889088908125e+02,2.361666376747421623e+02
3.909890989098909131e+02,2.360473195764205627e+02
3.910891089108910137e+02,2.359280918752429557e+02
3.911891189118911143e+02,2.358089544799220505e+02
3.912891289128912149e+02,2.356899072992853235e+02
3.913891389138913155e+02,2.355709502422757282e+02
3.914891489148914161e+02,2.354520832179507295e+02
3.915891589158915167e+02,2.353333061354825873e+02
3.916891689168916173e+02,2.352146189041581579e+02
3.917891789178917179e+02,2.350960214333785245e+02
3.918891889188918185e+02,2.349775136326588552e+02
3.919891989198919191e+02,2.348590954116285161e+02
3.920892089208920197e+02,2.347407666800303900e+02
3.921892189218921203e+02,2.346225273477214444e+02
3.922892289228922209e+02,2.345043773246715375e+02
3.923892389238923215e+02,2.343863165209643000e+02
3.924892489248924221e+02,2.342683448467963672e+02
3.925892589258925227e+02,2.341504622124770947e+02
3.926892689268926233e+02,2.340326685284289567e+02
3.927892789278927239e+02,2.339149637051868638e+02
3.928892889288928245e+02,2.337973476533980772e+02
3.929892989298929251e+02,2.336798202838224654e+02
3.930893089308930257e+02,2.335623815073316223e+02
3.931893189318931263e+02,2.334450312349093224e+02
3.932893289328932269e+02,2.333277693776511796e+02
3.933893389338933275e+02,2.332105958467639653e+02
3.934893489348934281e+02,2.330935105535664889e+02
3.935893589358935287e+02,2.329765134094882058e+02
3.936893689368936293e+02,2.328596043260702118e+02
3.937893789378937299e+02,2.327427832149643052e+02
3.938893889388938305e+02,2.326260499879329018e+02
3.939893989398939311e+02,2.325094045568492334e+02
3.940894089408940317e+02,2.323928468336969217e+02
3.941894189418941323e+02,2.322763767305697513e+02
3.942894289428942329e+02,2.321599941596716690e+02
3.943894389438943335e+02,2.320436990333165852e+02
3.944894489448944341e+02,2.319274912639281752e+02
3.945894589458945347e+02,2.318113707640396512e+02
3.946894689468946353e+02,2.316953374462936210e+02
3.947894789478947359e+02,2.315793912234421725e+02
3.948894889488948365e+02,2.314635320083463057e+02
3.949894989498949371e+02,2.313477597139761031e+02
3.950895089508950377e+02,2.312320742534103033e+02
3.951895189518951383e+02,2.311164755398363297e+02
3.952895289528952389e+02,2.310009634865501198e+02
3.953895389538953395e+02,2.308855380069558123e+02
3.954895489548954401e+02,2.307701990145656623e+02
3.955895589558955407e+02,2.306549464229999558e+02
3.956895689568956413e+02,2.305397801459869243e+02
3.957895789578957420e+02,2.304247000973620629e+02
3.958895889588958426e+02,2.303097061910688410e+02
3.959895989598959432e+02,2.301947983411574796e+02
3.960896089608960438e+02,2.300799764617859751e+02
3.961896189618961444e+02,2.299652404672189334e+02
3.962896289628962450e+02,2.298505902718278833e+02
3.963896389638963456e+02,2.297360257900911336e+02
3.964896489648964462e+02,2.296215469365933188e+02
3.965896589658965468e+02,2.295071536260256266e+02
3.966896689668966474e+02,2.293928457731855417e+02
3.967896789678967480e+02,2.292786232929761923e+02
3.968896889688968486e+02,2.291644861004069753e+02
3.969896989698969492e+02,2.290504341105929882e+02
3.970897089708970498e+02,2.289364672387546875e+02
3.971897189718971504e+02,2.288225854002181450e+02
3.972897289728972510e+02,2.287087885104145641e+02
3.973897389738973516e+02,2.285950764848802237e+02
3.974897489748974522e+02,2.284814492392566763e+02
3.975897589758975528e+02,2.283679066892898106e+02
3.976897689768976534e+02,2.282544487508303064e+02
3.977897789778977540e+02,2.281410753398336055e+02
3.978897889788978546e+02,2.280277863723590315e+02
3.979897989798979552e+02,2.279145817645703573e+02
3.980898089808980558e+02,2.278014614327352376e+02
3.981898189818981564e+02,2.276884252932252650e+02
3.982898289828982570e+02,2.275754732625157430e+02
3.983898389838983576e+02,2.274626052571853450e+02
3.984898489848984582e+02,2.273498211939164264e+02
3.985898589858985588e+02,2.272371209894944002e+02
3.986898689868986594e+02,2.271245045608076225e+02
3.987898789878987600e+02,2.270119718248478478e+02
3.988898889888988606e+02,2.268995226987090064e+02
3.989898989898989612e+02,2.267871570995881711e+02
3.990899089908990618e+02,2.266748749447847331e+02
3.991899189918991624e+02,2.265626761517001739e+02
3.992899289928992630e+02,2.264505606378384925e+02
3.993899389938993636e+02,2.263385283208053522e+02
3.994899489948994642e+02,2.262265791183086492e+02
3.995899589958995648e+02,2.261147129481578588e+02
3.996899689968996654e+02,2.260029297282638652e+02
3.997899789978997660e+02,2.258912293766391031e+02
3.998899889988998666e+02,2.257796118113973591e+02
3.999899989998999672e+02,2.256680769507533171e+02
4.000900090009000678e+02,2.255566247130228987e+02
4.001900190019001684e+02,2.254452550166225251e+02
4.002900290029002690e+02,2.253339677800695142e+02
4.003900390039003696e+02,2.252227629219817118e+02
4.004900490049004702e+02,2.251116403610771499e+02
4.005900590059005708e+02,2.250006000161742463e+02
4.006900690069006714e+02,2.248896418061914915e+02
4.007900790079007720e+02,2.247787656501470508e+02
4.008900890089008726e+02,2.246679714671593615e+02
4.009900990099009732e+02,2.245572591764458821e+02
4.010901090109010738e+02,2.244466286973239733e+02
4.011901190119011744e+02,2.243360799492103581e+02
4.012901290129012750e+02,2.242256128516205820e+02
4.013901390139013756e+02,2.241152273241696093e+02
4.014901490149014762e+02,2.240049232865710280e+02
4.015901590159015768e+02,2.238947006586373618e+02
4.016901690169016774e+02,2.237845593602797010e+02
4.017901790179017780e+02,2.236744993115075033e+02
4.018901890189018786e+02,2.235645204324285373e+02
4.019901990199019792e+02,2.234546226432490243e+02
4.020902090209020798e+02,2.233448058642727574e+02
4.021902190219021804e+02,2.232350700159016981e+02
4.022902290229022810e+02,2.231254150186354934e+02
4.023902390239023816e+02,2.230158407930714191e+02
4.024902490249024822e+02,2.229063472599041802e+02
4.025902590259025828e+02,2.227969343399255990e+02
4.026902690269026834e+02,2.226876019540248990e+02
4.027902790279027840e+02,2.225783500231882215e+02
4.028902890289028846e+02,2.224691784684986260e+02
4.029902990299029852e+02,2.223600872111358910e+02
4.030903090309030858e+02,2.222510761723763153e+02
4.031903190319031864e+02,2.221421452735926891e+02
4.032903290329032870e+02,2.220332944362542094e+02
4.033903390339033876e+02,2.219245235819260245e+02
4.034903490349034882e+02,2.218158326322695757e+02
4.035903590359035888e+02,2.217072215090418581e+02
4.036903690369036894e+02,2.215986901340959037e+02
4.037903790379037900e+02,2.214902384293802982e+02
4.038903890389038907e+02,2.213818663169388685e+02
4.039903990399039913e+02,2.212735737189109670e+02
4.040904090409040919e+02,2.211653605575311587e+02
4.041904190419041925e+02,2.210572267551288235e+02
4.042904290429042931e+02,2.209491722341285254e+02
4.043904390439043937e+02,2.208411969170493592e+02
4.044904490449044943e+02,2.207333007265051492e+02
4.045904590459045949e+02,2.206254835852042788e+02
4.046904690469046955e+02,2.205177454159492925e+02
4.047904790479047961e+02,2.204100861416369810e+02
4.048904890489048967e+02,2.203025056852584953e+02
4.049904990499049973e+02,2.201950039698984938e+02
4.050905090509049842e+02,2.200875809187359096e+02
4.051905190519050848e+02,2.199802364550427001e+02
4.052905290529051854e+02,2.198729705021847280e+02
4.053905390539052860e+02,2.197657829836214489e+02
4.054905490549053866e+02,2.196586738229051434e+02
4.055905590559054872e+02,2.195516429436814576e+02
4.056905690569055878e+02,2.194446902696889765e+02
4.057905790579056884e+02,2.193378157247589968e+02
4.058905890589057890e+02,2.192310192328158109e+02
4.059905990599058896e+02,2.191243007178757694e+02
4.060906090609059902e+02,2.190176601040482467e+02
4.061906190619060908e+02,2.189110973155345903e+02
4.062906290629061914e+02,2.188046122766283190e+02
4.063906390639062920e+02,2.186982049117149813e+02
4.064906490649063926e+02,2.185918751452722120e+02
4.065906590659064932e+02,2.184856229018691067e+02
4.066906690669065938e+02,2.183794481061666772e+02
4.067906790679066944e+02,2.182733506829172541e+02
4.068906890689067950e+02,2.181673305569645152e+02
4.069906990699068956e+02,2.180613876532435711e+02
4.070907090709069962e+02,2.179555218967802830e+02
4.071907190719070968e+02,2.178497332126918025e+02
4.072907290729071974e+02,2.177440215261859180e+02
4.073907390739072980e+02,2.176383867625612822e+02
4.074907490749073986e+02,2.175328288472069858e+02
4.075907590759074992e+02,2.174273477056025285e+02
4.076907690769075998e+02,2.173219432633177632e+02
4.077907790779077004e+02,2.172166154460127814e+02
4.078907890789078010e+02,2.171113641794376008e+02
4.079907990799079016e+02,2.170061893894321940e+02
4.080908090809080022e+02,2.169010910019264315e+02
4.081908190819081028e+02,2.167960689429395416e+02
4.082908290829082034e+02,2.166911231385805934e+02
4.083908390839083040e+02,2.165862535150478152e+02
4.084908490849084046e+02,2.164814599986287362e+02
4.085908590859085052e+02,2.163767425157002435e+02
4.086908690869086058e+02,2.162721009927278999e+02
4.087908790879087064e+02,2.161675353562663133e+02
4.088908890889088070e+02,2.160630455329587676e+02
4.089908990899089076e+02,2.159586314495371937e+02
4.090909090909090082e+02,2.158542930328220564e+02
4.091909190919091088e+02,2.157500302097221265e+02
4.092909290929092094e+02,2.156458429072342540e+02
4.093909390939093100e+02,2.155417310524437937e+02
4.094909490949094106e+02,2.154376945725236965e+02
4.095909590959095112e+02,2.153337333947349066e+02
4.096909690969096118e+02,2.152298474464259925e+02
4.097909790979097124e+02,2.151260366550332321e+02
4.098909890989098130e+02,2.150223009480803853e+02
4.099909990999099136e+02,2.149186402531783813e+02
4.100910091009100142e+02,2.148150544980255461e+02
4.101910191019101148e+02,2.147115436104072614e+02
4.102910291029102154e+02,2.146081075181956805e+02
4.103910391039103160e+02,2.145047461493500975e+02
4.104910491049104166e+02,2.144014594319162939e+02
4.105910591059105172e+02,2.142982472940266234e+02
4.106910691069106178e+02,2.141951096639000980e+02
4.107910791079107184e+02,2.140920464698418755e+02
4.108910891089108190e+02,2.139890576402433737e+02
4.109910991099109197e+02,2.138861431035822420e+02
4.110911091109110203e+02,2.137833027884217927e+02
4.111911191119111209e+02,2.136805366234115127e+02
4.112911291129112215e+02,2.135778445372861825e+02
4.113911391139113221e+02,2.134752264588667003e+02
4.114911491149114227e+02,2.133726823170591160e+02
4.115911591159115233e+02,2.132702120408547160e+02
4.116911691169116239e+02,2.131678155593303643e+02
4.117911791179117245e+02,2.130654928016475935e+02
4.118911891189118251e+02,2.129632436970533149e+02
4.119911991199119257e+02,2.128610681748790512e+02
4.120912091209120263e+02,2.127589661645410786e+02
4.121912191219121269e+02,2.126569375955404269e+02
4.122912291229122275e+02,2.125549823974625099e+02
4.123912391239123281e+02,2.124531004999769834e+02
4.124912491249124287e+02,2.123512918328380579e+02
4.125912591259125293e+02,2.122495563258837308e+02
4.126912691269126299e+02,2.121478939090362417e+02
4.127912791279127305e+02,2.120463045123016173e+02
4.128912891289128311e+02,2.119447880657696714e+02
4.129912991299129317e+02,2.118433444996138064e+02
4.130913091309130323e+02,2.117419737440910978e+02
4.131913191319131329e+02,2.116406757295418117e+02
4.132913291329132335e+02,2.115394503863896034e+02
4.133913391339133341e+02,2.114382976451413469e+02
4.134913491349134347e+02,2.113372174363868794e+02
4.135913591359135353e+02,2.112362096907990576e+02
4.136913691369136359e+02,2.111352743391333320e+02
4.137913791379137365e+02,2.110344113122280874e+02
4.138913891389138371e+02,2.109336205410041600e+02
4.139913991399139377e+02,2.108329019564647808e+02
4.140914091409140383e+02,2.107322554896957172e+02
4.141914191419141389e+02,2.106316810718646479e+02
4.142914291429142395e+02,2.105311786342216749e+02
4.143914391439143401e+02,2.104307481080986690e+02
4.144914491449144407e+02,2.103303894249093275e+02
4.145914591459145413e+02,2.102301025161493442e+02
4.146914691469146419e+02,2.101298873133957272e+02
4.147914791479147425e+02,2.100297437483071974e+02
4.148914891489148431e+02,2.099296717526239320e+02
4.149914991499149437e+02,2.098296712581670533e+02
4.150915091509150443e+02,2.097297421968392541e+02
4.151915191519151449e+02,2.096298845006240583e+02
4.152915291529152455e+02,2.095300981015858781e+02
4.153915391539153461e+02,2.094303829318701560e+02
4.154915491549154467e+02,2.093307389237027678e+02
4.155915591559155473e+02,2.092311660093903072e+02
4.156915691569156479e+02,2.091316641213199716e+02
4.157915791579157485e+02,2.090322331919589942e+02
4.158915891589158491e+02,2.089328731538551835e+02
4.159915991599159497e+02,2.088335839396361848e+02
4.160916091609160503e+02,2.087343654820098777e+02
4.161916191619161509e+02,2.086352177137639785e+02
4.162916291629162515e+02,2.085361405677658695e+02
4.163916391639163521e+02,2.084371339769627696e+02
4.164916491649164527e+02,2.083381978743813931e+02
4.165916591659165533e+02,2.082393321931278365e+02
4.166916691669166539e+02,2.081405368663876629e+02
4.167916791679167545e+02,2.080418118274254766e+02
4.168916891689168551e+02,2.079431570095850930e+02
4.169916991699169557e+02,2.078445723462893966e+02
4.170917091709170563e+02,2.077460577710400003e+02
4.171917191719171569e+02,2.076476132174173301e+02
4.172917291729172575e+02,2.075492386190805973e+02
4.173917391739173581e+02,2.074509339097673717e+02
4.174917491749174587e+02,2.073526990232937521e+02
4.175917591759175593e+02,2.072545338935541395e+02
4.176917691769176599e+02,2.071564384545211510e+02
4.177917791779177605e+02,2.070584126402455354e+02
4.178917891789178611e+02,2.069604563848559451e+02
4.179917991799179617e+02,2.068625696225589934e+02
4.180918091809180623e+02,2.067647522876391122e+02
4.181918191819181629e+02,2.066670043144581541e+02
4.182918291829182635e+02,2.065693256374557905e+02
4.183918391839183641e+02,2.064717161911489711e+02
4.184918491849184647e+02,2.063741759101320099e+02
4.185918591859185653e+02,2.062767047290765561e+02
4.186918691869186659e+02,2.061793025827310828e+02
4.187918791879187665e+02,2.060819694059214271e+02
4.188918891889188671e+02,2.059847051335500225e+02
4.189918991899189677e+02,2.058875097005961834e+02
4.190919091909190684e+02,2.057903830421159910e+02
4.191919191919191690e+02,2.056933250932418389e+02
4.192919291929192696e+02,2.055963357891829730e+02
4.193919391939193702e+02,2.054994150652246674e+02
4.194919491949194708e+02,2.054025628567284798e+02
4.195919591959195714e+02,2.053057790991322520e+02
4.196919691969196720e+02,2.052090637279496264e+02
4.197919791979197726e+02,2.051124166787703302e+02
4.198919891989198732e+02,2.050158378872599769e+02
4.199919991999199738e+02,2.049193272891596678e+02
4.200920092009200744e+02,2.048228848202861343e+02
4.201920192019201750e+02,2.047265104165317950e+02
4.202920292029202756e+02,2.046302040138642724e+02
4.203920392039203762e+02,2.045339655483265062e+02
4.204920492049204768e+02,2.044377949560365550e+02
4.205920592059205774e+02,2.043416921731876528e+02
4.206920692069206780e+02,2.042456571360480382e+02
4.207920792079207786e+02,2.041496897809605287e+02
4.208920892089208792e+02,2.040537900443429749e+02
4.209920992099209798e+02,2.039579578626878060e+02
4.210921092109210804e+02,2.038621931725618310e+02
4.211921192119211810e+02,2.037664959106064657e+02
4.212921292129212816e+02,2.036708660135374203e+02
4.213921392139213822e+02,2.035753034181445855e+02
4.214921492149214828e+02,2.034798080612920046e+02
4.215921592159215834e+02,2.033843798799176739e+02
4.216921692169216840e+02,2.032890188110336283e+02
4.217921792179217846e+02,2.031937247917255434e+02
4.218921892189218852e+02,2.030984977591528775e+02
4.219921992199219858e+02,2.030033376505487865e+02
4.220922092209220864e+02,2.029082444032197259e+02
4.221922192219221870e+02,2.028132179545457348e+02
4.222922292229222876e+02,2.027182582419800383e+02
4.223922392239223882e+02,2.026233652030490191e+02
4.224922492249224888e+02,2.025285387753522741e+02
4.225922592259225894e+02,2.024337788965621314e+02
4.226922692269226900e+02,2.023390855044241050e+02
4.227922792279227906e+02,2.022444585367562979e+02
4.228922892289228912e+02,2.021498979314495443e+02
4.229922992299229918e+02,2.020554036264672391e+02
4.230923092309230924e+02,2.019609755598452807e+02
4.231923192319231930e+02,2.018666136696917590e+02
4.232923292329232936e+02,2.017723178941874096e+02
4.233923392339233942e+02,2.016780881715847329e+02
4.234923492349234948e+02,2.015839244402085342e+02
4.235923592359235954e+02,2.014898266384556109e+02
4.236923692369236960e+02,2.013957947047942980e+02
4.237923792379237966e+02,2.013018285777651215e+02
4.238923892389238972e+02,2.012079281959800028e+02
4.239923992399239978e+02,2.011140934981224575e+02
4.240924092409239847e+02,2.010203244229476809e+02
4.241924192419240853e+02,2.009266209092818087e+02
4.242924292429241859e+02,2.008329828960225996e+02
4.243924392439242865e+02,2.007394103221388946e+02
4.244924492449243871e+02,2.006459031266705324e+02
4.245924592459244877e+02,2.005524612487283491e+02
4.246924692469245883e+02,2.004590846274940930e+02
4.247924792479246889e+02,2.003657732022201401e+02
4.248924892489247895e+02,2.002725269122297789e+02
4.249924992499248901e+02,2.001793456969165561e+02
4.250925092509249907e+02,2.000862294957447602e+02
4.251925192519250913e+02,1.999931782482489098e+02
4.252925292529251919e+02,1.999001918940338101e+02
4.253925392539252925e+02,1.998072703727744397e+02
4.254925492549253931e+02,1.997144136242160357e+02
4.255925592559254937e+02,1.996216215881734968e+02
4.256925692569255943e+02,1.995288942045318095e+02
4.257925792579256949e+02,1.994362314132457641e+02
4.258925892589257955e+02,1.993436331543396705e+02
4.259925992599258961e+02,1.992510993679077274e+02
4.260926092609259968e+02,1.991586299941132552e+02
4.261926192619260974e+02,1.990662249731892643e+02
4.262926292629261980e+02,1.989738842454379153e+02
4.263926392639262986e+02,1.988816077512306606e+02
4.264926492649263992e+02,1.987893954310080744e+02
4.265926592659264998e+02,1.986972472252794830e+02
4.266926692669266004e+02,1.986051630746235901e+02
4.267926792679267010e+02,1.985131429196875672e+02
4.268926892689268016e+02,1.984211867011873949e+02
4.269926992699269022e+02,1.983292943599077773e+02
4.270927092709270028e+02,1.982374658367017162e+02
4.271927192719271034e+02,1.981457010724910219e+02
4.272927292729272040e+02,1.980540000082655467e+02
4.273927392739273046e+02,1.979623625850834401e+02
4.274927492749274052e+02,1.978707887440711772e+02
4.275927592759275058e+02,1.977792784264230761e+02
4.276927692769276064e+02,1.976878315734015814e+02
4.277927792779277070e+02,1.975964481263370089e+02
4.278927892789278076e+02,1.975051280266272045e+02
4.279927992799279082e+02,1.974138712157380269e+02
4.280928092809280088e+02,1.973226776352028082e+02
4.281928192819281094e+02,1.972315472266222400e+02
4.282928292829282100e+02,1.971404799316646290e+02
4.283928392839283106e+02,1.970494756920654140e+02
4.284928492849284112e+02,1.969585344496273933e+02
4.285928592859285118e+02,1.968676561462204120e+02
4.286928692869286124e+02,1.967768407237813051e+02
4.287928792879287130e+02,1.966860881243139545e+02
4.288928892889288136e+02,1.965953982898890331e+02
4.289928992899289142e+02,1.965047711626439764e+02
4.290929092909290148e+02,1.964142066847828403e+02
4.291929192919291154e+02,1.963237047985762445e+02
4.292929292929292160e+02,1.962332654463613437e+02
4.293929392939293166e+02,1.961428885705417429e+02
4.294929492949294172e+02,1.960525741135871556e+02
4.295929592959295178e+02,1.959623220180335466e+02
4.296929692969296184e+02,1.958721322264832168e+02
4.297929792979297190e+02,1.957820046816041497e+02
4.298929892989298196e+02,1.956919393261304947e+02
4.299929992999299202e+02,1.956019361028620835e+02
4.300930093009300208e+02,1.955119949546646012e+02
4.301930193019301214e+02,1.954221158244693868e+02
4.302930293029302220e+02,1.953322986552732630e+02
4.303930393039303226e+02,1.952425433901386498e+02
4.304930493049304232e+02,1.951528499721931666e+02
4.305930593059305238e+02,1.950632183446299166e+02
4.306930693069306244e+02,1.949736484507071452e+02
4.307930793079307250e+02,1.948841402337480986e+02
4.308930893089308256e+02,1.947946936371412221e+02
4.309930993099309262e+02,1.947053086043398196e+02
4.310931093109310268e+02,1.946159850788619963e+02
4.311931193119311274e+02,1.945267230042907158e+02
4.312931293129312280e+02,1.944375223242734876e+02
4.313931393139313286e+02,1.943483829825224802e+02
4.314931493149314292e+02,1.942593049228144082e+02
4.315931593159315298e+02,1.941702880889901621e+02
4.316931693169316304e+02,1.940813324249552636e+02
4.317931793179317310e+02,1.939924378746792968e+02
4.318931893189318316e+02,1.939036043821957946e+02
4.319931993199319322e+02,1.938148318916027506e+02
4.320932093209320328e+02,1.937261203470617090e+02
4.321932193219321334e+02,1.936374696927983337e+02
4.322932293229322340e+02,1.935488798731020665e+02
4.323932393239323346e+02,1.934603508323259007e+02
4.324932493249324352e+02,1.933718825148865790e+02
4.325932593259325358e+02,1.932834748652643384e+02
4.326932693269326364e+02,1.931951278280027395e+02
4.327932793279327370e+02,1.931068413477088654e+02
4.328932893289328376e+02,1.930186153690528954e+02
4.329932993299329382e+02,1.929304498367683323e+02
4.330933093309330388e+02,1.928423446956517751e+02
4.331933193319331394e+02,1.927542998905625780e+02
4.332933293329332400e+02,1.926663153664231913e+02
4.333933393339333406e+02,1.925783910682190765e+02
4.334933493349334412e+02,1.924905269409981088e+02
4.335933593359335418e+02,1.924027229298709472e+02
4.336933693369336424e+02,1.923149789800109204e+02
4.337933793379337430e+02,1.922272950366536293e+02
4.338933893389338436e+02,1.921396710450974581e+02
4.339933993399339442e+02,1.920521069507026084e+02
4.340934093409340448e+02,1.919646026988918663e+02
4.341934193419341455e+02,1.918771582351500342e+02
4.342934293429342461e+02,1.917897735050240442e+02
4.343934393439343467e+02,1.917024484541227309e+02
4.344934493449344473e+02,1.916151830281168316e+02
4.345934593459345479e+02,1.915279771727389289e+02
4.346934693469346485e+02,1.914408308337833375e+02
4.347934793479347491e+02,1.913537439571059053e+02
4.348934893489348497e+02,1.912667164886242404e+02
4.349934993499349503e+02,1.911797483743171426e+02
4.350935093509350509e+02,1.910928395602250305e+02
4.351935193519351515e+02,1.910059899924495994e+02
4.352935293529352521e+02,1.909191996171535379e+02
4.353935393539353527e+02,1.908324683805609823e+02
4.354935493549354533e+02,1.907457962289569764e+02
4.355935593559355539e+02,1.906591831086874436e+02
4.356935693569356545e+02,1.905726289661594421e+02
4.357935793579357551e+02,1.904861337478405119e+02
4.358935893589358557e+02,1.903996974002591855e+02
4.359935993599359563e+02,1.903133198700045057e+02
4.360936093609360569e+02,1.902270011037260815e+02
4.361936193619361575e+02,1.901407410481340321e+02
4.362936293629362581e+02,1.900545396499987589e+02
4.363936393639363587e+02,1.899683968561511449e+02
4.364936493649364593e+02,1.898823126134822417e+02
4.365936593659365599e+02,1.897962868689431559e+02
4.366936693669366605e+02,1.897103195695451063e+02
4.367936793679367611e+02,1.896244106623593950e+02
4.368936893689368617e+02,1.895385600945170381e+02
4.369936993699369623e+02,1.894527678132090216e+02
4.370937093709370629e+02,1.893670337656859886e+02
4.371937193719371635e+02,1.892813578992582109e+02
4.372937293729372641e+02,1.891957401612957881e+02
4.373937393739373647e+02,1.891101804992279369e+02
4.374937493749374653e+02,1.890246788605434745e+02
4.375937593759375659e+02,1.889392351927906475e+02
4.376937693769376665e+02,1.888538494435767916e+02
4.377937793779377671e+02,1.887685215605685585e+02
4.378937893789378677e+02,1.886832514914914611e+02
4.379937993799379683e+02,1.885980391841303572e+02
4.380938093809380689e+02,1.885128845863287665e+02
4.381938193819381695e+02,1.884277876459891559e+02
4.382938293829382701e+02,1.883427483110727962e+02
4.383938393839383707e+02,1.882577665295995928e+02
4.384938493849384713e+02,1.881728422496480562e+02
4.385938593859385719e+02,1.880879754193554163e+02
4.386938693869386725e+02,1.880031659869169971e+02
4.387938793879387731e+02,1.879184139005868985e+02
4.388938893889388737e+02,1.878337191086772862e+02
4.389938993899389743e+02,1.877490815595585616e+02
4.390939093909390749e+02,1.876645012016593341e+02
4.391939193919391755e+02,1.875799779834661649e+02
4.392939293929392761e+02,1.874955118535237375e+02
4.393939393939393767e+02,1.874111027604346305e+02
4.394939493949394773e+02,1.873267506528591184e+02
4.395939593959395779e+02,1.872424554795152574e+02
4.396939693969396785e+02,1.871582171891789699e+02
4.397939793979397791e+02,1.870740357306835051e+02
4.398939893989398797e+02,1.869899110529198651e+02
4.399939993999399803e+02,1.869058431048362081e+02
4.400940094009400809e+02,1.868218318354382745e+02
4.401940194019401815e+02,1.867378771937891884e+02
4.402940294029402821e+02,1.866539791290088601e+02
4.403940394039403827e+02,1.865701375902747543e+02
4.404940494049404833e+02,1.864863525268212356e+02
4.405940594059405839e+02,1.864026238879395407e+02
4.406940694069406845e+02,1.863189516229779770e+02
4.407940794079407851e+02,1.862353356813414962e+02
4.408940894089408857e+02,1.861517760124920073e+02
4.409940994099409863e+02,1.860682725659479217e+02
4.410941094109410869e+02,1.859848252912842952e+02
4.411941194119411875e+02,1.859014341381326574e+02
4.412941294129412881e+02,1.858180990561811541e+02
4.413941394139413887e+02,1.857348199951740639e+02
4.414941494149414893e+02,1.856515969049120542e+02
4.415941594159415899e+02,1.855684297352519820e+02
4.416941694169416905e+02,1.854853184361069509e+02
4.417941794179417911e+02,1.854022629574460268e+02
4.418941894189418917e+02,1.853192632492942380e+02
4.419941994199419923e+02,1.852363192617326320e+02
4.420942094209420929e+02,1.851534309448979343e+02
4.421942194219421935e+02,1.850705982489828045e+02
4.422942294229422941e+02,1.849878211242355519e+02
4.423942394239423948e+02,1.849050995209599080e+02
4.424942494249424954e+02,1.848224333895154246e+02
4.425942594259425960e+02,1.847398226803169905e+02
4.426942694269426966e+02,1.846572673438347749e+02
4.427942794279427972e+02,1.845747673305944829e+02
4.428942894289428978e+02,1.844923225911768725e+02
4.429942994299429984e+02,1.844099330762179534e+02
4.430943094309430990e+02,1.843275987364088451e+02
4.431943194319430859e+02,1.842453195224957199e+02
4.432943294329431865e+02,1.841630953852794335e+02
4.433943394339432871e+02,1.840809262756160933e+02
4.434943494349433877e+02,1.839988121444163482e+02
4.435943594359434883e+02,1.839167529426457008e+02
4.436943694369435889e+02,1.838347486213241382e+02
4.437943794379436895e+02,1.837527991315264728e+02
4.438943894389437901e+02,1.836709044243819164e+02
4.439943994399438907e+02,1.835890644510739094e+02
4.440944094409439913e+02,1.835072791628406321e+02
4.441944194419440919e+02,1.834255485109742949e+02
4.442944294429441925e+02,1.833438724468213934e+02
4.443944394439442931e+02,1.832622509217825097e+02
4.444944494449443937e+02,1.831806838873123979e+02
4.445944594459444943e+02,1.830991712949197279e+02
4.446944694469445949e+02,1.830177130961671708e+02
4.447944794479446955e+02,1.829363092426711432e+02
4.448944894489447961e+02,1.828549596861019211e+02
4.449944994499448967e+02,1.827736643781835824e+02
4.450945094509449973e+02,1.826924232706936095e+02
4.451945194519450979e+02,1.826112363154632874e+02
4.452945294529451985e+02,1.825301034643772198e+02
4.453945394539452991e+02,1.824490246693735571e+02
4.454945494549453997e+02,1.823679998824437689e+02
4.455945594559455003e+02,1.822870290556325585e+02
4.456945694569456009e+02,1.822061121410378917e+02
4.457945794579457015e+02,1.821252490908109110e+02
4.458945894589458021e+02,1.820444398571557088e+02
4.459945994599459027e+02,1.819636843923294975e+02
4.460946094609460033e+02,1.818829826486423826e+02
4.461946194619461039e+02,1.818023345784572768e+02
4.462946294629462045e+02,1.817217401341900143e+02
4.463946394639463051e+02,1.816411992683089807e+02
4.464946494649464057e+02,1.815607119333353410e+02
4.465946594659465063e+02,1.814802780818427266e+02
4.466946694669466069e+02,1.813998976664573206e+02
4.467946794679467075e+02,1.813195706398578864e+02
4.468946894689468081e+02,1.812392969547753125e+02
4.469946994699469087e+02,1.811590765639928975e+02
4.470947094709470093e+02,1.810789094203463208e+02
4.471947194719471099e+02,1.809987954767231315e+02
4.472947294729472105e+02,1.809187346860632601e+02
4.473947394739473111e+02,1.808387270013583361e+02
4.474947494749474117e+02,1.807587723756522564e+02
4.475947594759475123e+02,1.806788707620407024e+02
4.476947694769476129e+02,1.805990221136710261e+02
4.477947794779477135e+02,1.805192263837425628e+02
4.478947894789478141e+02,1.804394835255061480e+02
4.479947994799479147e+02,1.803597934922642025e+02
4.480948094809480153e+02,1.802801562373709601e+02
4.481948194819481159e+02,1.802005717142318133e+02
4.482948294829482165e+02,1.801210398763037119e+02
4.483948394839483171e+02,1.800415606770949921e+02
4.484948494849484177e+02,1.799621340701650922e+02
4.485948594859485183e+02,1.798827600091248087e+02
4.486948694869486189e+02,1.798034384476360117e+02
4.487948794879487195e+02,1.797241693394115600e+02
4.488948894889488201e+02,1.796449526382155000e+02
4.489948994899489207e+02,1.795657882978625821e+02
4.490949094909490213e+02,1.794866762722186593e+02
4.491949194919491219e+02,1.794076165152002318e+02
4.492949294929492225e+02,1.793286089807744759e+02
4.493949394939493232e+02,1.792496536229594426e+02
4.494949494949494238e+02,1.791707503958235179e+02
4.495949594959495244e+02,1.790918992534858205e+02
4.496949694969496250e+02,1.790131001501158892e+02
4.497949794979497256e+02,1.789343530399335691e+02
4.498949894989498262e+02,1.788556578772091541e+02
4.499949994999499268e+02,1.787770146162630454e+02
4.500950095009500274e+02,1.786984232114660642e+02
4.501950195019501280e+02,1.786198836172389974e+02
4.502950295029502286e+02,1.785413957880527107e+02
4.503950395039503292e+02,1.784629596784280920e+02
4.504950495049504298e+02,1.783845752429360232e+02
4.505950595059505304e+02,1.783062424361970955e+02
4.506950695069506310e+02,1.782279612128818940e+02
4.507950795079507316e+02,1.781497315277105713e+02
4.508950895089508322e+02,1.780715533354530749e+02
4.509950995099509328e+02,1.779934265909289479e+02
4.510951095109510334e+02,1.779153512490071023e+02
4.511951195119511340e+02,1.778373272646061878e+02
4.512951295129512346e+02,1.777593545926941090e+02
4.513951395139513352e+02,1.776814331882880253e+02
4.514951495149514358e+02,1.776035630064546638e+02
4.515951595159515364e+02,1.775257440023096080e+02
4.516951695169516370e+02,1.774479761310178958e+02
4.517951795179517376e+02,1.773702593477935068e+02
4.518951895189518382e+02,1.772925936078994198e+02
4.519951995199519388e+02,1.772149788666476127e+02
4.520952095209520394e+02,1.771374150793990623e+02
4.521952195219521400e+02,1.770599022015633750e+02
4.522952295229522406e+02,1.769824401885990994e+02
4.523952395239523412e+02,1.769050289960132716e+02
4.524952495249524418e+02,1.768276685793617560e+02
4.525952595259525424e+02,1.767503588942489898e+02
4.526952695269526430e+02,1.766730998963277557e+02
4.527952795279527436e+02,1.765958915412994372e+02
4.528952895289528442e+02,1.765187337849137350e+02
4.529952995299529448e+02,1.764416265829686949e+02
4.530953095309530454e+02,1.763645698913105946e+02
4.531953195319531460e+02,1.762875636658338578e+02
4.532953295329532466e+02,1.762106078624811403e+02
4.533953395339533472e+02,1.761337024372431301e+02
4.534953495349534478e+02,1.760568473461584631e+02
4.535953595359535484e+02,1.759800425453137223e+02
4.536953695369536490e+02,1.759032879908434950e+02
4.537953795379537496e+02,1.758265836389300034e+02
4.538953895389538502e+02,1.757499294458033603e+02
4.539953995399539508e+02,1.756733253677412279e+02
4.540954095409540514e+02,1.755967713610690453e+02
4.541954195419541520e+02,1.755202673821598580e+02
4.542954295429542526e+02,1.754438133874338916e+02
4.543954395439543532e+02,1.753674093333592623e+02
4.544954495449544538e+02,1.752910551764510103e+02
4.545954595459545544e+02,1.752147508732718393e+02
4.546954695469546550e+02,1.751384963804316328e+02
4.547954795479547556e+02,1.750622916545872840e+02
4.548954895489548562e+02,1.749861366524430366e+02
4.549954995499549568e+02,1.749100313307501722e+02
4.550955095509550574e+02,1.748339756463068113e+02
4.551955195519551580e+02,1.747579695559582831e+02
4.552955295529552586e+02,1.746820130165965281e+02
4.553955395539553592e+02,1.746061059851605251e+02
4.554955495549554598e+02,1.745302484186360061e+02
4.555955595559555604e+02,1.744544402740552016e+02
4.556955695569556610e+02,1.743786815084972091e+02
4.557955795579557616e+02,1.743029720790876240e+02
4.558955895589558622e+02,1.742273119429985400e+02
4.559955995599559628e+02,1.741517010574485198e+02
4.560956095609560634e+02,1.740761393797026244e+02
4.561956195619561640e+02,1.740006268670720715e+02
4.562956295629562646e+02,1.739251634769146051e+02
4.563956395639563652e+02,1.738497491666338703e+02
4.564956495649564658e+02,1.737743838936799818e+02
4.565956595659565664e+02,1.736990676155489268e+02
4.566956695669566670e+02,1.736238002897828494e+02
4.567956795679567676e+02,1.735485818739699369e+02
4.568956895689568682e+02,1.734734123257440785e+02
4.569956995699569688e+02,1.733982916027851786e+02
4.570957095709570694e+02,1.733232196628190138e+02
4.571957195719571700e+02,1.732481964636168925e+02
4.572957295729572706e+02,1.731732219629959673e+02
4.573957395739573712e+02,1.730982961188189506e+02
4.574957495749574719e+02,1.730234188889941436e+02
4.575957595759575725e+02,1.729485902314753787e+02
4.576957695769576731e+02,1.728738101042617927e+02
4.577957795779577737e+02,1.727990784653980540e+02
4.578957895789578743e+02,1.727243952729741636e+02
4.579957995799579749e+02,1.726497604851252561e+02
4.580958095809580755e+02,1.725751740600319124e+02
4.581958195819581761e+02,1.725006359559195630e+02
4.582958295829582767e+02,1.724261461310589425e+02
4.583958395839583773e+02,1.723517045437658055e+02
4.584958495849584779e+02,1.722773111524007561e+02
4.585958595859585785e+02,1.722029659153694752e+02
4.586958695869586791e+02,1.721286687911223510e+02
4.587958795879587797e+02,1.720544197381547349e+02
4.588958895889588803e+02,1.719802187150066288e+02
4.589958995899589809e+02,1.719060656802626283e+02
4.590959095909590815e+02,1.718319605925521785e+02
4.591959195919591821e+02,1.717579034105491758e+02
4.592959295929592827e+02,1.716838940929719115e+02
4.593959395939593833e+02,1.716099325985834412e+02
4.594959495949594839e+02,1.715360188861908171e+02
4.595959595959595845e+02,1.714621529146457704e+02
4.596959695969596851e+02,1.713883346428442280e+02
4.597959795979597857e+02,1.713145640297261991e+02
4.598959895989598863e+02,1.712408410342760305e+02
4.599959995999599869e+02,1.711671656155221228e+02
4.600960096009600875e+02,1.710935377325369018e+02
4.601960196019601881e+02,1.710199573444368184e+02
4.602960296029602887e+02,1.709464244103823205e+02
4.603960396039603893e+02,1.708729388895775969e+02
4.604960496049604899e+02,1.707995007412708333e+02
4.605960596059605905e+02,1.707261099247538425e+02
4.606960696069606911e+02,1.706527663993622639e+02
4.607960796079607917e+02,1.705794701244753924e+02
4.608960896089608923e+02,1.705062210595158945e+02
4.609960996099609929e+02,1.704330191639504619e+02
4.610961096109610935e+02,1.703598643972887885e+02
4.611961196119611941e+02,1.702867567190842522e+02
4.612961296129612947e+02,1.702136960889336308e+02
4.613961396139613953e+02,1.701406824664768749e+02
4.614961496149614959e+02,1.700677158113972780e+02
4.615961596159615965e+02,1.699947960834213916e+02
4.616961696169616971e+02,1.699219232423188544e+02
4.617961796179617977e+02,1.698490972479025061e+02
4.618961896189618983e+02,1.697763180600280464e+02
4.619961996199619989e+02,1.697035856385943760e+02
4.620962096209620995e+02,1.696308999435431986e+02
4.621962196219620864e+02,1.695582609348591916e+02
4.622962296229621870e+02,1.694856685725696650e+02
4.623962396239622876e+02,1.694131228167449592e+02
4.624962496249623882e+02,1.693406236274979051e+02
4.625962596259624888e+02,1.692681709649841935e+02
4.626962696269625894e+02,1.691957647894018919e+02
4.627962796279626900e+02,1.691234050609918143e+02
4.628962896289627906e+02,1.690510917400372648e+02
4.629962996299628912e+02,1.689788247868638109e+02
4.630963096309629918e+02,1.689066041618395957e+02
4.631963196319630924e+02,1.688344298253749969e+02
4.632963296329631930e+02,1.687623017379226553e+02
4.633963396339632936e+02,1.686902198599775318e+02
4.634963496349633942e+02,1.686181841520766511e+02
4.635963596359634948e+02,1.685461945747992729e+02
4.636963696369635954e+02,1.684742510887665787e+02
4.637963796379636960e+02,1.684023536546418995e+02
4.638963896389637966e+02,1.683305022331303746e+02
4.639963996399638972e+02,1.682586967849791790e+02
4.640964096409639978e+02,1.681869372709772392e+02
4.641964196419640984e+02,1.681152236519553469e+02
4.642964296429641990e+02,1.680435558887859600e+02
4.643964396439642996e+02,1.679719339423832878e+02
4.644964496449644002e+02,1.679003577737031776e+02
4.645964596459645009e+02,1.678288273437429723e+02
4.646964696469646015e+02,1.677573426135416810e+02
4.647964796479647021e+02,1.676859035441795811e+02
4.648964896489648027e+02,1.676145100967786163e+02
4.649964996499649033e+02,1.675431622325019134e+02
4.650965096509650039e+02,1.674718599125539811e+02
4.651965196519651045e+02,1.674006030981806248e+02
4.652965296529652051e+02,1.673293917506688331e+02
4.653965396539653057e+02,1.672582258313466070e+02
4.654965496549654063e+02,1.671871053015834150e+02
4.655965596559655069e+02,1.671160301227894251e+02
4.656965696569656075e+02,1.670450002564159320e+02
4.657965796579657081e+02,1.669740156639552424e+02
4.658965896589658087e+02,1.669030763069404202e+02
4.659965996599659093e+02,1.668321821469455415e+02
4.660966096609660099e+02,1.667613331455852688e+02
4.661966196619661105e+02,1.666905292645152201e+02
4.662966296629662111e+02,1.666197704654315714e+02
4.663966396639663117e+02,1.665490567100711417e+02
4.664966496649664123e+02,1.664783879602113643e+02
4.665966596659665129e+02,1.664077641776702592e+02
4.666966696669666135e+02,1.663371853243062048e+02
4.667966796679667141e+02,1.662666513620181092e+02
4.668966896689668147e+02,1.661961622527451539e+02
4.669966996699669153e+02,1.661257179584669643e+02
4.670967096709670159e+02,1.660553184412034682e+02
4.671967196719671165e+02,1.659849636630145824e+02
4.672967296729672171e+02,1.659146535860006679e+02
4.673967396739673177e+02,1.658443881723021320e+02
4.674967496749674183e+02,1.657741673840993144e+02
4.675967596759675189e+02,1.657039911836127999e+02
4.676967696769676195e+02,1.656338595331028785e+02
4.677967796779677201e+02,1.655637723948700284e+02
4.678967896789678207e+02,1.654937297312544331e+02
4.679967996799679213e+02,1.654237315046361232e+02
4.680968096809680219e+02,1.653537776774348913e+02
4.681968196819681225e+02,1.652838682121103488e+02
4.682968296829682231e+02,1.652140030711615850e+02
4.683968396839683237e+02,1.651441822171275078e+02
4.684968496849684243e+02,1.650744056125864176e+02
4.685968596859685249e+02,1.650046732201562065e+02
4.686968696869686255e+02,1.649349850024943009e+02
4.687968796879687261e+02,1.648653409222974062e+02
4.688968896889688267e+02,1.647957409423017054e+02
4.689968996899689273e+02,1.647261850252826321e+02
4.690969096909690279e+02,1.646566731340548984e+02
4.691969196919691285e+02,1.645872052314724954e+02
4.692969296929692291e+02,1.645177812804284656e+02
4.693969396939693297e+02,1.644484012438549883e+02
4.694969496949694303e+02,1.643790650847235781e+02
4.695969596959695309e+02,1.643097727660443184e+02
4.696969696969696315e+02,1.642405242508665992e+02
4.697969796979697321e+02,1.641713195022785783e+02
4.698969896989698327e+02,1.641021584834073224e+02
4.699969996999699333e+02,1.640330411574188361e+02
4.700970097009700339e+02,1.639639674875176070e+02
4.701970197019701345e+02,1.638949374369471172e+02
4.702970297029702351e+02,1.638259509689895026e+02
4.703970397039703357e+02,1.637570080469652964e+02
4.704970497049704363e+02,1.636881086342339131e+02
4.705970597059705369e+02,1.636192526941930794e+02
4.706970697069706375e+02,1.635504401902790619e+02
4.707970797079707381e+02,1.634816710859666102e+02
4.708970897089708387e+02,1.634129453447687865e+02
4.709970997099709393e+02,1.633442629302370790e+02
4.710971097109710399e+02,1.632756238059610894e+02
4.711971197119711405e+02,1.632070279355688456e+02
4.712971297129712411e+02,1.631384752827265174e+02
4.713971397139713417e+02,1.630699658111383314e+02
4.714971497149714423e+02,1.630014994845466560e+02
4.715971597159715429e+02,1.629330762667319732e+02
4.716971697169716435e+02,1.628646961215126794e+02
4.717971797179717441e+02,1.627963590127451710e+02
4.718971897189718447e+02,1.627280649043236167e+02
4.719971997199719453e+02,1.626598137601802421e+02
4.720972097209720459e+02,1.625916055442849881e+02
4.721972197219721465e+02,1.625234402206455115e+02
4.722972297229722471e+02,1.624553177533072414e+02
4.723972397239723477e+02,1.623872381063532657e+02
4.724972497249724483e+02,1.623192012439042173e+02
4.725972597259725489e+02,1.622512071301184164e+02
4.726972697269726496e+02,1.621832557291915862e+02
4.727972797279727502e+02,1.621153470053570231e+02
4.728972897289728508e+02,1.620474809228854269e+02
4.729972997299729514e+02,1.619796574460848433e+02
4.730973097309730520e+02,1.619118765393006925e+02
4.731973197319731526e+02,1.618441381669156556e+02
4.732973297329732532e+02,1.617764422933495609e+02
4.733973397339733538e+02,1.617087888830597819e+02
4.734973497349734544e+02,1.616411779005403844e+02
4.735973597359735550e+02,1.615736093103228370e+02
4.736973697369736556e+02,1.615060830769755853e+02
4.737973797379737562e+02,1.614385991651039660e+02
4.738973897389738568e+02,1.613711575393505200e+02
4.739973997399739574e+02,1.613037581643943952e+02
4.740974097409740580e+02,1.612364010049519436e+02
4.741974197419741586e+02,1.611690860257760960e+02
4.742974297429742592e+02,1.611018131916566176e+02
4.743974397439743598e+02,1.610345824674200514e+02
4.744974497449744604e+02,1.609673938179296329e+02
4.745974597459745610e+02,1.609002472080851760e+02
4.746974697469746616e+02,1.608331426028231306e+02
4.747974797479747622e+02,1.607660799671164114e+02
4.748974897489748628e+02,1.606990592659745403e+02
4.749974997499749634e+02,1.606320804644435611e+02
4.750975097509750640e+02,1.605651435276056134e+02
4.751975197519751646e+02,1.604982484205796140e+02
4.752975297529752652e+02,1.604313951085205190e+02
4.753975397539753658e+02,1.603645835566196070e+02
4.754975497549754664e+02,1.602978137301044796e+02
4.755975597559755670e+02,1.602310855942388059e+02
4.756975697569756676e+02,1.601643991143224639e+02
4.757975797579757682e+02,1.600977542556914841e+02
4.758975897589758688e+02,1.600311509837177084e+02
4.759975997599759694e+02,1.599645892638093017e+02
4.760976097609760700e+02,1.598980690614101832e+02
4.761976197619761706e+02,1.598315903420001689e+02
4.762976297629762712e+02,1.597651530710950851e+02
4.763976397639763718e+02,1.596987572142464558e+02
4.764976497649764724e+02,1.596324027370416445e+02
4.765976597659765730e+02,1.595660896051037696e+02
4.766976697669766736e+02,1.594998177840915332e+02
4.767976797679767742e+02,1.594335872396995626e+02
4.768976897689768748e+02,1.593673979376575858e+02
4.769976997699769754e+02,1.593012498437313695e+02
4.770977097709770760e+02,1.592351429237219520e+02
4.771977197719771766e+02,1.591690771434659553e+02
4.772977297729772772e+02,1.591030524688352727e+02
4.773977397739773778e+02,1.590370688657374387e+02
4.774977497749774784e+02,1.589711263001150314e+02
4.775977597759775790e+02,1.589052247379460141e+02
4.776977697769776796e+02,1.588393641452437350e+02
4.777977797779777802e+02,1.587735444880566149e+02
4.778977897789778808e+02,1.587077657324683173e+02
4.779977997799779814e+02,1.586420278445974645e+02
4.780978097809780820e+02,1.585763307905979218e+02
4.781978197819781826e+02,1.585106745366585130e+02
4.782978297829782832e+02,1.584450590490031061e+02
4.783978397839783838e+02,1.583794842938904708e+02
4.784978497849784844e+02,1.583139502376141934e+02
4.785978597859785850e+02,1.582484568465028474e+02
4.786978697869786856e+02,1.581830040869197376e+02
4.787978797879787862e+02,1.581175919252630422e+02
4.788978897889788868e+02,1.580522203279656424e+02
4.789978997899789874e+02,1.579868892614948663e+02
4.790979097909790880e+02,1.579215986923529726e+02
4.791979197919791886e+02,1.578563485870767522e+02
4.792979297929792892e+02,1.577911389122374999e+02
4.793979397939793898e+02,1.577259696344410429e+02
4.794979497949794904e+02,1.576608407203277409e+02
4.795979597959795910e+02,1.575957521365721448e+02
4.796979697969796916e+02,1.575307038498835084e+02
4.797979797979797922e+02,1.574656958270052485e+02
4.798979897989798928e+02,1.574007280347151152e+02
4.799979997999799934e+02,1.573358004398251637e+02
4.800980098009800940e+02,1.572709130091814984e+02
4.801980198019801946e+02,1.572060657096645855e+02
4.802980298029802952e+02,1.571412585081889688e+02
4.803980398039803958e+02,1.570764913717031845e+02
4.804980498049804964e+02,1.570117642671900455e+02
4.805980598059805970e+02,1.569470771616659874e+02
4.806980698069806976e+02,1.568824300221818078e+02
4.807980798079807983e+02,1.568178228158219838e+02
4.808980898089808989e+02,1.567532555097049567e+02
4.809980998099809995e+02,1.566887280709829611e+02
4.810981098109811001e+02,1.566242404668421386e+02
4.811981198119812007e+02,1.565597926645021687e+02
4.812981298129811876e+02,1.564953846312166661e+02
4.813981398139812882e+02,1.564310163342726980e+02
4.814981498149813888e+02,1.563666877409910683e+02
4.815981598159814894e+02,1.563023988187263171e+02
4.816981698169815900e+02,1.562381495348663520e+02
4.817981798179816906e+02,1.561739398568324759e+02
4.818981898189817912e+02,1.561097697520797567e+02
4.819981998199818918e+02,1.560456391880964588e+02
4.820982098209819924e+02,1.559815481324042992e+02
4.821982198219820930e+02,1.559174965525583332e+02
4.822982298229821936e+02,1.558534844161469834e+02
4.823982398239822942e+02,1.557895116907916702e+02
4.824982498249823948e+02,1.557255783441473227e+02
4.825982598259824954e+02,1.556616843439018965e+02
4.826982698269825960e+02,1.555978296577766002e+02
4.827982798279826966e+02,1.555340142535256120e+02
4.828982898289827972e+02,1.554702380989360790e+02
4.829982998299828978e+02,1.554065011618284586e+02
4.830983098309829984e+02,1.553428034100558932e+02
4.831983198319830990e+02,1.552791448115046364e+02
4.832983298329831996e+02,1.552155253340937691e+02
4.833983398339833002e+02,1.551519449457751421e+02
4.834983498349834008e+02,1.550884036145335472e+02
4.835983598359835014e+02,1.550249013083864895e+02
4.836983698369836020e+02,1.549614379953841592e+02
4.837983798379837026e+02,1.548980136436096018e+02
4.838983898389838032e+02,1.548346282211782068e+02
4.839983998399839038e+02,1.547712816962382760e+02
4.840984098409840044e+02,1.547079740369704837e+02
4.841984198419841050e+02,1.546447052115881604e+02
4.842984298429842056e+02,1.545814751883370377e+02
4.843984398439843062e+02,1.545182839354954751e+02
4.844984498449844068e+02,1.544551314213738351e+02
4.845984598459845074e+02,1.543920176143152503e+02
4.846984698469846080e+02,1.543289424826951119e+02
4.847984798479847086e+02,1.542659059949208995e+02
4.848984898489848092e+02,1.542029081194326068e+02
4.849984998499849098e+02,1.541399488247021736e+02
4.850985098509850104e+02,1.540770280792339122e+02
4.851985198519851110e+02,1.540141458515641943e+02
4.852985298529852116e+02,1.539513021102615369e+02
4.853985398539853122e+02,1.538884968239264595e+02
4.854985498549854128e+02,1.538257299611913709e+02
4.855985598559855134e+02,1.537630014907209386e+02
4.856985698569856140e+02,1.537003113812114350e+02
4.857985798579857146e+02,1.536376596013914195e+02
4.858985898589858152e+02,1.535750461200210566e+02
4.859985998599859158e+02,1.535124709058922861e+02
4.860986098609860164e+02,1.534499339278289085e+02
4.861986198619861170e+02,1.533874351546865284e+02
4.862986298629862176e+02,1.533249745553523553e+02
4.863986398639863182e+02,1.532625520987453456e+02
4.864986498649864188e+02,1.532001677538160891e+02
4.865986598659865194e+02,1.531378214895465533e+02
4.866986698669866200e+02,1.530755132749505094e+02
4.867986798679867206e+02,1.530132430790731064e+02
4.868986898689868212e+02,1.529510108709910128e+02
4.869986998699869218e+02,1.528888166198123884e+02
4.870987098709870224e+02,1.528266602946766284e+02
4.871987198719871230e+02,1.527645418647545625e+02
4.872987298729872236e+02,1.527024612992483696e+02
4.873987398739873242e+02,1.526404185673915208e+02
4.874987498749874248e+02,1.525784136384486658e+02
4.875987598759875254e+02,1.525164464817156897e+02
4.876987698769876260e+02,1.524545170665195712e+02
4.877987798779877266e+02,1.523926253622186096e+02
4.878987898789878273e+02,1.523307713382019415e+02
4.879987998799879279e+02,1.522689549638899962e+02
4.880988098809880285e+02,1.522071762087341256e+02
4.881988198819881291e+02,1.521454350422165192e+02
4.882988298829882297e+02,1.520837314338504029e+02
4.883988398839883303e+02,1.520220653531800394e+02
4.884988498849884309e+02,1.519604367697803866e+02
4.885988598859885315e+02,1.518988456532573537e+02
4.886988698869886321e+02,1.518372919732474031e+02
4.887988798879887327e+02,1.517757756994180625e+02
4.888988898889888333e+02,1.517142968014673272e+02
4.889988998899889339e+02,1.516528552491239736e+02
4.890989098909890345e+02,1.515914510121475587e+02
4.891989198919891351e+02,1.515300840603279084e+02
4.892989298929892357e+02,1.514687543634856297e+02
4.893989398939893363e+02,1.514074618914718258e+02
4.894989498949894369e+02,1.513462066141681532e+02
4.895989598959895375e+02,1.512849885014866231e+02
4.896989698969896381e+02,1.512238075233695724e+02
4.897989798979897387e+02,1.511626636497900336e+02
4.898989898989898393e+02,1.511015568507511091e+02
4.899989998999899399e+02,1.510404870962862844e+02
4.900990099009900405e+02,1.509794543564594278e+02
4.901990199019901411e+02,1.509184586013643354e+02
4.902990299029902417e+02,1.508574998011253001e+02
4.903990399039903423e+02,1.507965779258966279e+02
4.904990499049904429e+02,1.507356929458628940e+02
4.905990599059905435e+02,1.506748448312385449e+02
4.906990699069906441e+02,1.506140335522682960e+02
4.907990799079907447e+02,1.505532590792266490e+02
4.908990899089908453e+02,1.504925213824182606e+02
4.909990999099909459e+02,1.504318204321776875e+02
4.910991099109910465e+02,1.503711561988693290e+02
4.911991199119911471e+02,1.503105286528875979e+02
4.912991299129912477e+02,1.502499377646565222e+02
4.913991399139913483e+02,1.501893835046301433e+02
4.914991499149914489e+02,1.501288658432920613e+02
4.915991599159915495e+02,1.500683847511557758e+02
4.916991699169916501e+02,1.500079401987644871e+02
4.917991799179917507e+02,1.499475321566907837e+02
4.918991899189918513e+02,1.498871605955371820e+02
4.919991999199919519e+02,1.498268254859355579e+02
4.920992099209920525e+02,1.497665267985475452e+02
4.921992199219921531e+02,1.497062645040640803e+02
4.922992299229922537e+02,1.496460385732057432e+02
4.923992399239923543e+02,1.495858489767223887e+02
4.924992499249924549e+02,1.495256956853933730e+02
4.925992599259925555e+02,1.494655786700274120e+02
4.926992699269926561e+02,1.494054979014625530e+02
4.927992799279927567e+02,1.493454533505662312e+02
4.928992899289928573e+02,1.492854449882349002e+02
4.929992999299929579e+02,1.492254727853944303e+02
4.930993099309930585e+02,1.491655367129998240e+02
4.931993199319931591e+02,1.491056367420353297e+02
4.932993299329932597e+02,1.490457728435142144e+02
4.933993399339933603e+02,1.489859449884787921e+02
4.934993499349934609e+02,1.489261531480005658e+02
4.935993599359935615e+02,1.488663972931799719e+02
4.936993699369936621e+02,1.488066773951463517e+02
4.937993799379937627e+02,1.487469934250582924e+02
4.938993899389938633e+02,1.486873453541028596e+02
4.939993999399939639e+02,1.486277331534963366e+02
4.940994099409940645e+02,1.485681567944837127e+02
4.941994199419941651e+02,1.485086162483387682e+02
4.942994299429942657e+02,1.484491114863641030e+02
4.943994399439943663e+02,1.483896424798911369e+02
4.944994499449944669e+02,1.483302092002797110e+02
4.945994599459945675e+02,1.482708116189186285e+02
4.946994699469946681e+02,1.482114497072251993e+02
4.947994799479947687e+02,1.481521234366453541e+02
4.948994899489948693e+02,1.480928327786536727e+02
4.949994999499949699e+02,1.480335777047530428e+02
4.950995099509950705e+02,1.479743581864750297e+02
4.951995199519951711e+02,1.479151741953796488e+02
4.952995299529952717e+02,1.478560257030553089e+02
4.953995399539953723e+02,1.477969126811188971e+02
4.954995499549954729e+02,1.477378351012154383e+02
4.955995599559955735e+02,1.476787929350184925e+02
4.956995699569956741e+02,1.476197861542298995e+02
4.957995799579957747e+02,1.475608147305796649e+02
4.958995899589958753e+02,1.475018786358260741e+02
4.959995999599959760e+02,1.474429778417556633e+02
4.960996099609960766e+02,1.473841123201829362e+02
4.961996199619961772e+02,1.473252820429507040e+02
4.962996299629962778e+02,1.472664869819297735e+02
4.963996399639963784e+02,1.472077271090191175e+02
4.964996499649964790e+02,1.471490023961456188e+02
4.965996599659965796e+02,1.470903128152641273e+02
4.966996699669966802e+02,1.470316583383575448e+02
4.967996799679967808e+02,1.469730389374367121e+02
4.968996899689968814e+02,1.469144545845401808e+02
4.969996999699969820e+02,1.468559052517347254e+02
4.970997099709970826e+02,1.467973909111143769e+02
4.971997199719971832e+02,1.467389115348015309e+02
4.972997299729972838e+02,1.466804670949459251e+02
4.973997399739973844e+02,1.466220575637252921e+02
4.974997499749974850e+02,1.465636829133449908e+02
4.975997599759975856e+02,1.465053431160377784e+02
4.976997699769976862e+02,1.464470381440643507e+02
4.977997799779977868e+02,1.463887679697130011e+02
4.978997899789978874e+02,1.463305325652993361e+02
4.979997999799979880e+02,1.462723319031667586e+02
4.980998099809980886e+02,1.462141659556858997e+02
4.981998199819981892e+02,1.461560346952550162e+02
4.982998299829982898e+02,1.460979380942997352e+02
4.983998399839983904e+02,1.460398761252731390e+02
4.984998499849984910e+02,1.459818487606555664e+02
4.985998599859985916e+02,1.459238559729548967e+02
4.986998699869986922e+02,1.458658977347059817e+02
4.987998799879987928e+02,1.458079740184711568e+02
4.988998899889988934e+02,1.457500847968399285e+02
4.989998999899989940e+02,1.456922300424290881e+02
4.990999099909990946e+02,1.456344097278825132e+02
4.991999199919991952e+02,1.455766238258711383e+02
4.992999299929992958e+02,1.455188723090931262e+02
4.993999399939993964e+02,1.454611551502736404e+02
4.994999499949994970e+02,1.454034723221649870e+02
4.995999599959995976e+02,1.453458237975463874e+02
4.996999699969996982e+02,1.452882095492239500e+02
4.997999799979997988e+02,1.452306295500308693e+02
4.998999899989998994e+02,1.451730837728272263e+02
5.000000000000000000e+02,1.451155721904999325e+02
