3.000000000000000000e+02,1.074975902522590469e-08,1.074971890922637259e-08,1.074874659315552492e-08,-1.402098254900865926e-02,-1.402093359439863240e-01,-7.009873518231388712e-01,1.000000000000000000e+03,2.000000000000000000e+03,1.264910627177676588e+03
3.040066777963272102e+02,1.076781339582871109e-08,1.076777189828288815e-08,1.076676610341219078e-08,-1.424257778548297486e-02,-1.424252639307763135e-01,-7.120640377795295350e-01,1.000000000000000000e+03,2.000000000000000000e+03,1.264910627177676588e+03
3.080133555926544204e+02,1.078619231884494603e-08,1.078614940188707633e-08,1.078510921105973437e-08,-1.446575493426352152e-02,-1.446570100311443119e-01,-7.232196920115023797e-01,1.000000000000000000e+03,2.000000000000000000e+03,1.264910627177676588e+03
3.120200333889816307e+02,1.080489984123848986e-08,1.080485546591488142e-08,1.080377993564478720e-08,-1.469055105874249832e-02,-1.469049448406103686e-01,-7.344561628466579339e-01,1.000000000000000000e+03,2.000000000000000000e+03,1.264910627177676588e+03
3.160267111853088409e+02,1.082394011556113901e-08,1.082389424178933581e-08,1.082278240127426891e-08,-1.491700407013571254e-02,-1.491694474313453034e-01,-7.457753408040358467e-01,1.000000000000000000e+03,2.000000000000000000e+03,1.264910627177676588e+03
3.200333889816360511e+02,1.084331740282293266e-08,1.084326998934920581e-08,1.084212083944288414e-08,-1.514515275554479713e-02,-1.514509056327187630e-01,-7.571791599878291423e-01,1.000000000000000000e+03,2.000000000000000000e+03,1.264910627177676588e+03
3.240400667779632613e+02,1.086303607546751477e-08,1.086298707982256868e-08,1.086179959196358026e-08,-1.537503680704160186e-02,-1.537497163220642171e-01,-7.686695995317164298e-01,1.000000000000000000e+03,2.000000000000000000e+03,1.264910627177676588e+03
3.280467445742904715e+02,1.088310062045686928e-08,1.088304999890965846e-08,1.088182311400511998e-08,-1.560669685181946542e-02,-1.560662857261089220e-01,-7.802486850960292930e-01,1.000000000000000000e+03,2.000000000000000000e+03,1.264910627177676588e+03
3.320534223706176817e+02,1.090351564246983890e-08,1.090346334997943436e-08,1.090219597724120762e-08,-1.584017448345839338e-02,-1.584010297335395889e-01,-7.919184904200656794e-01,1.000000000000000000e+03,2.000000000000000000e+03,1.264910627177676588e+03
3.360601001669448920e+02,1.092428586721928816e-08,1.092423185738466422e-08,1.092292287311570846e-08,-1.607551229435356943e-02,-1.607543742191950009e-01,-8.036811389319981069e-01,1.000000000000000000e+03,2.000000000000000000e+03,1.264910627177676588e+03
3.400667779632721022e+02,1.094541614489273465e-08,1.094536036990040841e-08,1.094400861622884987e-08,-1.631275390935883404e-02,-1.631267553804050807e-01,-8.155388054189185443e-01,1.000000000000000000e+03,2.000000000000000000e+03,1.264910627177676588e+03
3.440734557595993124e+02,1.096691145372177237e-08,1.096685386429114693e-08,1.096545814784941532e-08,-1.655194402069960422e-02,-1.655186200860185863e-01,-8.274937177597102567e-01,1.000000000000000000e+03,2.000000000000000000e+03,1.264910627177676588e+03
3.480801335559265226e+02,1.098877690368564882e-08,1.098871744901198579e-08,1.098727653955824670e-08,-1.679312842421227733e-02,-1.679304262386899504e-01,-8.395481587235603671e-01,1.000000000000000000e+03,2.000000000000000000e+03,1.264910627177676588e+03
3.520868113522537328e+02,1.101101774035481432e-08,1.101095636804968178e-08,1.100946899702866811e-08,-1.703635405697001212e-02,-1.703626431510248118e-01,-8.517044678370677691e-01,1.000000000000000000e+03,2.000000000000000000e+03,1.264910627177676588e+03
3.560934891485809430e+02,1.103363934888037274e-08,1.103357600490946276e-08,1.103204086394961826e-08,-1.728166903635807231e-02,-1.728157519362142347e-01,-8.639650433230589011e-01,1.000000000000000000e+03,2.000000000000000000e+03,1.264910627177676588e+03
3.601001669449082101e+02,1.105664725813585757e-08,1.105658188675402109e-08,1.105499762609765549e-08,-1.752912270066474959e-02,-1.752902459138191704e-01,-8.763323441143718862e-01,1.000000000000000000e+03,2.000000000000000000e+03,1.264910627177676588e+03
3.641068447412353635e+02,1.108004714501785636e-08,1.107997968870123637e-08,1.107834491556430561e-08,-1.777876565125763655e-02,-1.777866310314006604e-01,-8.888088919460425119e-01,1.000000000000000000e+03,2.000000000000000000e+03,1.264910627177676588e+03
3.681135225375626305e+02,1.110384483891259585e-08,1.110377523828766353e-08,1.110208851514547602e-08,-1.803064979641855539e-02,-1.803054263027299153e-01,-9.013972735295073813e-01,1.000000000000000000e+03,2.000000000000000000e+03,1.264910627177676588e+03
3.721202003338897839e+02,1.112804632633568733e-08,1.112797452010508695e-08,1.112623436290009433e-08,-1.828482839691393871e-02,-1.828471642633451300e-01,-9.141001428126093176e-01,1.000000000000000000e+03,2.000000000000000000e+03,1.264910627177676588e+03
3.761268781302170510e+02,1.115265775575288393e-08,1.115258368061783508e-08,1.115078855688544611e-08,-1.854135611338213890e-02,-1.854123914442690757e-01,-9.269202233294163706e-01,1.000000000000000000e+03,2.000000000000000000e+03,1.264910627177676588e+03
3.801335559265442043e+02,1.117768544258981735e-08,1.117760903316899164e-08,1.117575736007703668e-08,-1.880028905562267441e-02,-1.880016688647375422e-01,-9.398603106440412969e-01,1.000000000000000000e+03,2.000000000000000000e+03,1.264910627177676588e+03
3.841402337228714714e+02,1.120313587443942567e-08,1.120305706318400028e-08,1.120114720548130351e-08,-1.906168483387765678e-02,-1.906155725448403226e-01,-9.529232748929085117e-01,1.000000000000000000e+03,2.000000000000000000e+03,1.264910627177676588e+03
3.881469115191986816e+02,1.122901571647587033e-08,1.122893443358065736e-08,1.122696470144986452e-08,-1.932560261219982284e-02,-1.932546940390184320e-01,-9.661120634301119114e-01,1.000000000000000000e+03,2.000000000000000000e+03,1.264910627177676588e+03
3.921535893155258918e+02,1.125533181708457721e-08,1.125524799039494599e-08,1.125321663720442614e-08,-1.959210316400731081e-02,-1.959196409914179537e-01,-9.794297035807947305e-01,1.000000000000000000e+03,2.000000000000000000e+03,1.264910627177676588e+03
3.961602671118531021e+02,1.128209121371824187e-08,1.128200476863262420e-08,1.127990998858204238e-08,-1.986124892993006499e-02,-1.986110377141499239e-01,-9.928793055077175245e-01,1.000000000000000000e+03,2.000000000000000000e+03,1.264910627177676588e+03
4.001669449081803123e+02,1.130930113898936058e-08,1.130921199835713688e-08,1.130705192401086440e-08,-2.013310407805915872e-02,-2.013295257895668100e-01,-1.006464065196477353e+00,1.000000000000000000e+03,2.000000000000000000e+03,1.264910627177676588e+03
4.041736227045075225e+02,1.133696902701034800e-08,1.133687711102479695e-08,1.133464981072703812e-08,-2.040773456671586550e-02,-2.040757646977235662e-01,-1.020187267565137335e+00,1.000000000000000000e+03,2.000000000000000000e+03,1.264910627177676588e+03
4.081803005008347327e+02,1.136510251999285360e-08,1.136500774607894669e-08,1.136271122124408378e-08,-2.068520820986410186e-02,-2.068504324702599706e-01,-1.034052289704333383e+00,1.000000000000000000e+03,2.000000000000000000e+03,1.264910627177676588e+03
4.121869782971619429e+02,1.139370947511867951e-08,1.139361175781539480e-08,1.139124394008658950e-08,-2.096559474529662015e-02,-2.096542263720056753e-01,-1.048062604254280883e+00,1.000000000000000000e+03,2.000000000000000000e+03,1.264910627177676588e+03
4.161936560934891531e+02,1.142279797169515420e-08,1.142269722253202786e-08,1.142025597080077541e-08,-2.124896590573260163e-02,-2.124878636116837027e-01,-1.062221782925432567e+00,1.000000000000000000e+03,2.000000000000000000e+03,1.264910627177676588e+03
4.202003338898163634e+02,1.145237631860875940e-08,1.145227244597636742e-08,1.144975554325510207e-08,-2.153539549297222092e-02,-2.153520820831680282e-01,-1.076533500169948532e+00,1.000000000000000000e+03,2.000000000000000000e+03,1.264910627177676588e+03
4.242070116861435736e+02,1.148245306209142296e-08,1.148234597110536786e-08,1.147975112124493227e-08,-2.182495945526169087e-02,-2.182476411388285242e-01,-1.091001537011518696e+00,1.000000000000000000e+03,2.000000000000000000e+03,1.264910627177676588e+03
4.282136894824707838e+02,1.151303699381472270e-08,1.151292658617287868e-08,1.151025141041590549e-08,-2.211773596803149125e-02,-2.211753223965890192e-01,-1.105629785041524205e+00,1.000000000000000000e+03,2.000000000000000000e+03,1.264910627177676588e+03
4.322203672787979940e+02,1.154413715932822219e-08,1.154402333316072759e-08,1.154126536652158936e-08,-2.241380551817952205e-02,-2.241359305824145998e-01,-1.120422250589968582e+00,1.000000000000000000e+03,2.000000000000000000e+03,1.264910627177676588e+03
4.362270450751252042e+02,1.157576286685887749e-08,1.157564551657054861e-08,1.157280220403184402e-08,-2.271325099208090781e-02,-2.271302944100454801e-01,-1.135383059080106838e+00,1.000000000000000000e+03,2.000000000000000000e+03,1.264910627177676588e+03
4.402337228714524144e+02,1.160792369648963171e-08,1.160780271259430501e-08,1.160487140510920419e-08,-2.301615776751696901e-02,-2.301592674998992616e-01,-1.150516459576205630e+00,1.000000000000000000e+03,2.000000000000000000e+03,1.264910627177676588e+03
4.442404006677796247e+02,1.164062950973622600e-08,1.164050477868256047e-08,1.163748272897168688e-08,-2.332261380972706910e-02,-2.332237293391779265e-01,-1.165826829534434506e+00,1.000000000000000000e+03,2.000000000000000000e+03,1.264910627177676588e+03
4.482470784641068349e+02,1.167389045954238185e-08,1.167376186353065504e-08,1.167064622166132788e-08,-2.363270977179893206e-02,-2.363245862853341484e-01,-1.181318679767460855e+00,1.000000000000000000e+03,2.000000000000000000e+03,1.264910627177676588e+03
4.522537562604340451e+02,1.170771700071479205e-08,1.170758441750409423e-08,1.170437222623907527e-08,-2.394653909962626490e-02,-2.394627726151828395e-01,-1.196996659633961846e+00,1.000000000000000000e+03,2.000000000000000000e+03,1.264910627177676588e+03
4.562604340567612553e+02,1.174211990082042622e-08,1.174198320352572646e-08,1.173867139342765091e-08,-2.426419814167574823e-02,-2.426392516220778617e-01,-1.212865562464921831e+00,1.000000000000000000e+03,2.000000000000000000e+03,1.264910627177676588e+03
4.602671118530884655e+02,1.177711025157021189e-08,1.177696930844866427e-08,1.177355469272546639e-08,-2.458578626382062343e-02,-2.458550167637219286e-01,-1.228930331239308282e+00,1.000000000000000000e+03,2.000000000000000000e+03,1.264910627177676588e+03
4.642737896494156757e+02,1.181269948071443105e-08,1.181255415494026568e-08,1.180903342401585811e-08,-2.491140596951333525e-02,-2.491110928633348265e-01,-1.245196064522480883e+00,1.000000000000000000e+03,2.000000000000000000e+03,1.264910627177676588e+03
4.682804674457429428e+02,1.184889936447676676e-08,1.184874951390408419e-08,1.184511922969754701e-08,-2.524116302558656807e-02,-2.524085373670680310e-01,-1.261668022681490253e+00,1.000000000000000000e+03,2.000000000000000000e+03,1.264910627177676588e+03
4.722871452420700962e+02,1.188572204055557562e-08,1.188556751746825207e-08,1.188182410736356707e-08,-2.557516659398991962e-02,-2.557484416607386235e-01,-1.278351634392307590e+00,1.000000000000000000e+03,2.000000000000000000e+03,1.264910627177676588e+03
4.762938230383973632e+02,1.192318002172267586e-08,1.192302067257064980e-08,1.191916042305780903e-08,-2.591352936978862098e-02,-2.591319324491404008e-01,-1.295252503454950022e+00,1.000000000000000000e+03,2.000000000000000000e+03,1.264910627177676588e+03
4.803005008347245166e+02,1.196128621005185143e-08,1.196112187517288646e-08,1.195714092513980160e-08,-2.625636772577081418e-02,-2.625601732013978507e-01,-1.312376415933460327e+00,1.000000000000000000e+03,2.000000000000000000e+03,1.264910627177676588e+03
4.843071786310517837e+02,1.200005391181126289e-08,1.199988442513726720e-08,1.199577875879057258e-08,-2.660380186403249470e-02,-2.660343656660476008e-01,-1.329729347638763270e+00,1.000000000000000000e+03,2.000000000000000000e+03,1.264910627177676588e+03
4.883138564273789370e+02,1.203949685305601698e-08,1.203932204180297801e-08,1.203508748119414109e-08,-2.695595597493180562e-02,-2.695557514597625159e-01,-1.347317471973567216e+00,1.000000000000000000e+03,2.000000000000000000e+03,1.264910627177676588e+03
4.923205342237062041e+02,1.207962919595962031e-08,1.207944888030008093e-08,1.207508107743161277e-08,-2.731295840383047430e-02,-2.731256137338928802e-01,-1.365147168159701385e+00,1.000000000000000000e+03,2.000000000000000000e+03,1.264910627177676588e+03
4.963272120200333575e+02,1.212046555592530219e-08,1.212027954864222698e-08,1.211577397712696203e-08,-2.767494182606630715e-02,-2.767452789232567878e-01,-1.383225029869569411e+00,1.000000000000000000e+03,2.000000000000000000e+03,1.264910627177676588e+03
5.003338898163606245e+02,1.216202101952094470e-08,1.216182912564181988e-08,1.215718107188625263e-08,-2.804204343063017302e-02,-2.804161185819142310e-01,-1.401557874284836469e+00,1.000000000000000000e+03,2.000000000000000000e+03,1.264910627177676588e+03
5.043405676126877779e+02,1.220431116328416368e-08,1.220411317969399245e-08,1.219931773357452084e-08,-2.841440511305167588e-02,-2.841395513109575277e-01,-1.420152751606943431e+00,1.000000000000000000e+03,2.000000000000000000e+03,1.264910627177676588e+03
5.083472454090150450e+02,1.224735207344710544e-08,1.224714778847891714e-08,1.224219983347759969e-08,-2.879217367803139568e-02,-2.879170447836940649e-01,-1.439016955045678836e+00,1.000000000000000000e+03,2.000000000000000000e+03,1.264910627177676588e+03
5.123539232053421983e+02,1.229116036663377130e-08,1.229094955963515063e-08,1.228584376239900456e-08,-2.917550105239282571e-02,-2.917501178739460577e-01,-1.458158031313755210e+00,1.000000000000000000e+03,2.000000000000000000e+03,1.264910627177676588e+03
5.163606010016694654e+02,1.233575321158621577e-08,1.233553565246022089e-08,1.233026645174551153e-08,-2.956454450896655803e-02,-2.956403428935882038e-01,-1.477583791657239187e+00,1.000000000000000000e+03,2.000000000000000000e+03,1.264910627177676588e+03
5.203672787979966188e+02,1.238114835197969662e-08,1.238092380069846206e-08,1.237548539565837962e-08,-2.995946690205999324e-02,-2.995893479458454078e-01,-1.497302323453638451e+00,1.000000000000000000e+03,2.000000000000000000e+03,1.264910627177676588e+03
5.243739565943238858e+02,1.242736413039094621e-08,1.242713233648008961e-08,1.242151867425113222e-08,-3.036043691521096016e-02,-3.035988194013315988e-01,-1.517322002411670034e+00,1.000000000000000000e+03,2.000000000000000000e+03,1.264910627177676588e+03
5.283806343906510392e+02,1.247441951348801314e-08,1.247418021547982582e-08,1.246838497801872890e-08,-3.076762932197151662e-02,-3.076705045042822384e-01,-1.537651505408999197e+00,1.000000000000000000e+03,2.000000000000000000e+03,1.264910627177676588e+03
5.323873121869783063e+02,1.252233411851495093e-08,1.252208704336822008e-08,1.251610363348756765e-08,-3.118122526052025112e-02,-3.118062141169539170e-01,-1.558299824006792011e+00,1.000000000000000000e+03,2.000000000000000000e+03,1.264910627177676588e+03
5.363939899833055733e+02,1.257112824114949920e-08,1.257087310363362720e-08,1.256469463018016832e-08,-3.160141252295713132e-02,-3.160078256107239913e-01,-1.579276278682585577e+00,1.000000000000000000e+03,2.000000000000000000e+03,1.264910627177676588e+03
5.404006677796327267e+02,1.262082288481762672e-08,1.262055938685849177e-08,1.261417864897381085e-08,-3.202838586019535194e-02,-3.202772859130230132e-01,-1.600590533825920758e+00,1.000000000000000000e+03,2.000000000000000000e+03,1.264910627177676588e+03
5.444073455759598801e+02,1.267143979155434302e-08,1.267116762153924905e-08,1.266457709193761825e-08,-3.246234730343001973e-02,-3.246166147198883412e-01,-1.622252613544296063e+00,1.000000000000000000e+03,2.000000000000000000e+03,1.264910627177676588e+03
5.484140233722871471e+02,1.272300147450697312e-08,1.272272030654565160e-08,1.271591211373867054e-08,-3.290350650323341924e-02,-3.290279078846233274e-01,-1.644272918330416555e+00,1.000000000000000000e+03,2.000000000000000000e+03,1.264910627177676588e+03
5.524207011686144142e+02,1.277553125218350206e-08,1.277524074532205878e-08,1.276820665471396776e-08,-3.335208108740322225e-02,-3.335133409938110804e-01,-1.666662242645352121e+00,1.000000000000000000e+03,2.000000000000000000e+03,1.264910627177676588e+03
5.564273789649415676e+02,1.282905328455642287e-08,1.282875308194076388e-08,1.282148447571211942e-08,-3.380829703877227810e-02,-3.380751731427567019e-01,-1.689431793476204646e+00,1.000000000000000000e+03,2.000000000000000000e+03,1.264910627177676588e+03
5.604340567612687209e+02,1.288359261114035658e-08,1.288328233912534116e-08,1.287577019481589382e-08,-3.427238909427746810e-02,-3.427157509233150767e-01,-1.712593209931154048e+00,1.000000000000000000e+03,2.000000000000000000e+03,1.264910627177676588e+03
5.644407345575959880e+02,1.293917519117037687e-08,1.293885445837069558e-08,1.293108932606501246e-08,-3.474460116668199455e-02,-3.474375126380312984e-01,-1.736158583939387379e+00,1.000000000000000000e+03,2.000000000000000000e+03,1.264910627177676588e+03
5.684474123539232551e+02,1.299582794601760010e-08,1.299549634229597243e-08,1.298746832030710154e-08,-3.522518679045039819e-02,-3.522429927555650875e-01,-1.760140482128465633e+00,1.000000000000000000e+03,2.000000000000000000e+03,1.264910627177676588e+03
5.724540901502504084e+02,1.305357880398865369e-08,1.305323589937659226e-08,1.304493460831430271e-08,-3.571440959338861160e-02,-3.571348266235054858e-01,-1.784551968957104107e+00,1.000000000000000000e+03,2.000000000000000000e+03,1.264910627177676588e+03
5.764607679465775618e+02,1.311245674766680745e-08,1.311210209121280709e-08,1.310351664631317662e-08,-3.621254379578545818e-02,-3.621157554559114589e-01,-1.809406631187272296e+00,1.000000000000000000e+03,2.000000000000000000e+03,1.264910627177676588e+03
5.804674457429048289e+02,1.317249186396458640e-08,1.317212498250411152e-08,1.316324396408662873e-08,-3.671987473892569104e-02,-3.671886316142564111e-01,-1.834718603785925106e+00,1.000000000000000000e+03,2.000000000000000000e+03,1.264910627177676588e+03
5.844741235392320959e+02,1.323371539707084908e-08,1.323333579391201318e-08,1.322414721581864512e-08,-3.723669944499002904e-02,-3.723564242019044568e-01,-1.860502597353655752e+00,1.000000000000000000e+03,2.000000000000000000e+03,1.264910627177676588e+03
5.884808013355592493e+02,1.329615980448940041e-08,1.329576695800773672e-08,1.328625823386567614e-08,-3.776332721051746388e-02,-3.776222249938359088e-01,-1.886773927185131372e+00,1.000000000000000000e+03,2.000000000000000000e+03,1.264910627177676588e+03
5.924874791318864027e+02,1.335985881638198266e-08,1.335945217851701696e-08,1.334961008565270469e-08,-3.830008023577644027e-02,-3.829892547250590140e-01,-1.913548544074442193e+00,1.000000000000000000e+03,2.000000000000000000e+03,1.264910627177676588e+03
5.964941569282136697e+02,1.342484749844502995e-08,1.342442649309083523e-08,1.341423713390738369e-08,-3.884729429258077654e-02,-3.884608697630242968e-01,-1.940843066987435028e+00,1.000000000000000000e+03,2.000000000000000000e+03,1.264910627177676588e+03
6.005008347245409368e+02,1.349116231856837035e-08,1.349072633984944117e-08,1.348017510046263401e-08,-3.940531943329102921e-02,-3.940405691914101727e-01,-1.968674817732922966e+00,1.000000000000000000e+03,2.000000000000000000e+03,1.264910627177676588e+03
6.045075125208680902e+02,1.355884121754383063e-08,1.355838962796695152e-08,1.354746113387613003e-08,-3.997452074396667943e-02,-3.997320023348859830e-01,-1.997061857775324079e+00,1.000000000000000000e+03,2.000000000000000000e+03,1.264910627177676588e+03
6.085141903171952436e+02,1.362792368411388732e-08,1.362745581258566708e-08,1.361613388113526829e-08,-4.055527914487880303e-02,-4.055389767569010373e-01,-2.026023027342924721e+00,1.000000000000000000e+03,2.000000000000000000e+03,1.264910627177676588e+03
6.125208681135225106e+02,1.369845083467432874e-08,1.369796597437322370e-08,1.368623356373784053e-08,-4.114799224186176108e-02,-4.114654667652221653e-01,-2.055577986998691653e+00,1.000000000000000000e+03,2.000000000000000000e+03,1.264910627177676588e+03
6.165275459098497777e+02,1.377046549797127640e-08,1.376996290406178931e-08,1.375780205846242372e-08,-4.175307523227422130e-02,-4.175156224628725488e-01,-2.085747261854469237e+00,1.000000000000000000e+03,2.000000000000000000e+03,1.264910627177676588e+03
6.205342237061769310e+02,1.384401230516152467e-08,1.384349119233711099e-08,1.383088298316851136e-08,-4.237096186966283345e-02,-4.236937793853221557e-01,-2.116552288624621081e+00,1.000000000000000000e+03,2.000000000000000000e+03,1.264910627177676588e+03
6.245409015025041981e+02,1.391913778563683057e-08,1.391859732547675699e-08,1.390552178799477573e-08,-4.300210549157265638e-02,-4.300044687683055034e-01,-2.148015465731868190e+00,1.000000000000000000e+03,2.000000000000000000e+03,1.264910627177676588e+03
6.285475792988313515e+02,1.399589046904710982e-08,1.399532978717102741e-08,1.398176585235487538e-08,-4.364698011533536814e-02,-4.364524284944851784e-01,-2.180160206696292846e+00,1.000000000000000000e+03,2.000000000000000000e+03,1.264910627177676588e+03
6.325542570951586185e+02,1.407432099399574797e-08,1.407373916699815583e-08,1.405966458816442563e-08,-4.430608160709153392e-02,-4.430426147714344731e-01,-2.213010997058630913e+00,1.000000000000000000e+03,2.000000000000000000e+03,1.264910627177676588e+03
6.365609348914858856e+02,1.415448222392160711e-08,1.415387827606664547e-08,1.413926954976998339e-08,-4.497992892976963863e-02,-4.497802145980550059e-01,-2.246593455110893700e+00,1.000000000000000000e+03,2.000000000000000000e+03,1.264910627177676588e+03
6.405676126878130390e+02,1.423642937072858162e-08,1.423580227038350365e-08,1.422063455109196003e-08,-4.566906547625876334e-02,-4.566706590816864697e-01,-2.280934396731656655e+00,1.000000000000000000e+03,2.000000000000000000e+03,1.264910627177676588e+03
6.445742904841401923e+02,1.432022012677377595e-08,1.431956878255733180e-08,1.430381579053845942e-08,-4.637406049457853258e-02,-4.637196376738108028e-01,-2.316061904649949987e+00,1.000000000000000000e+03,2.000000000000000000e+03,1.264910627177676588e+03
6.485809682804674594e+02,1.440591480588137102e-08,1.440523806250088900e-08,1.438887198429650503e-08,-4.709551061247432835e-02,-4.709331133984827611e-01,-2.352005402491034847e+00,1.000000000000000000e+03,2.000000000000000000e+03,1.264910627177676588e+03
6.525876460767947265e+02,1.449357649411065067e-08,1.449287312785872708e-08,1.447586450866176045e-08,-4.783404146955600594e-02,-4.783173391545114117e-01,-2.388795733989726333e+00,1.000000000000000000e+03,2.000000000000000000e+03,1.264910627177676588e+03
6.565943238731218798e+02,1.458327121107472687e-08,1.458253992495351737e-08,1.456485755212798844e-08,-4.859030946586117422e-02,-4.858788751800118266e-01,-2.426465247792615632e+00,1.000000000000000000e+03,2.000000000000000000e+03,1.264910627177676588e+03
6.606010016694490332e+02,1.467506808268163145e-08,1.467430750111923988e-08,1.465591827802370647e-08,-4.936500363656728951e-02,-4.936246077763710161e-01,-2.465047888310000435e+00,1.000000000000000000e+03,2.000000000000000000e+03,1.264910627177676588e+03
6.646076794657763003e+02,1.476903952625292340e-08,1.476824818937244966e-08,1.474911699855682741e-08,-5.015884766351290380e-02,-5.015617693979953495e-01,-2.504579293121999228e+00,1.000000000000000000e+03,2.000000000000000000e+03,1.264910627177676588e+03
6.686143572621035673e+02,1.486526144906704869e-08,1.486443780646473302e-08,1.484452736120908871e-08,-5.097260203522435695e-02,-5.096979602245460539e-01,-2.545096897491605059e+00,1.000000000000000000e+03,2.000000000000000000e+03,1.264910627177676588e+03
6.726210350584307207e+02,1.496381346147759268e-08,1.496295586546145458e-08,1.494222654851152917e-08,-5.180706636829734285e-02,-5.180411713438626276e-01,-2.586640046591080377e+00,1.000000000000000000e+03,2.000000000000000000e+03,1.264910627177676588e+03
6.766277128547578741e+02,1.506477910587024302e-08,1.506388580410525280e-08,1.504229549233174441e-08,-5.266308190426192276e-02,-5.265998096865314171e-01,-2.629250116107465729e+00,1.000000000000000000e+03,2.000000000000000000e+03,1.264910627177676588e+03
6.806343906510851411e+02,1.516824610284928443e-08,1.516731523034896946e-08,1.514481910391361766e-08,-5.354153419748591131e-02,-5.353827248672754502e-01,-2.672970641959105720e+00,1.000000000000000000e+03,2.000000000000000000e+03,1.264910627177676588e+03
6.846410684474124082e+02,1.527430661618579720e-08,1.527333618658317528e-08,1.524988652103268450e-08,-5.444335601126090024e-02,-5.443992381041904416e-01,-2.717847459928580456e+00,1.000000000000000000e+03,2.000000000000000000e+03,1.264910627177676588e+03
6.886477462437395616e+02,1.538305753821737183e-08,1.538204543424041315e-08,1.535759137376604932e-08,-5.536953044098787136e-02,-5.536591734045150925e-01,-2.763928856099269193e+00,1.000000000000000000e+03,2.000000000000000000e+03,1.264910627177676588e+03
6.926544240400667150e+02,1.549460079756558355e-08,1.549354476063335311e-08,1.546803207052743425e-08,-5.632109428536294371e-02,-5.631728912254052588e-01,-2.811265729074132302e+00,1.000000000000000000e+03,2.000000000000000000e+03,1.264910627177676588e+03
6.966611018363939820e+02,1.560904369123433731e-08,1.560794131008009840e-08,1.558131210618632590e-08,-5.729914168868067981e-02,-5.729513248402701153e-01,-2.859911765057196575e+00,1.000000000000000000e+03,2.000000000000000000e+03,1.264910627177676588e+03
7.006677796327212491e+02,1.572649924337343874e-08,1.572534794158955949e-08,1.569754039427867137e-08,-5.830482807986072519e-02,-5.830060196660342697e-01,-2.909923626992330092e+00,1.000000000000000000e+03,2.000000000000000000e+03,1.264910627177676588e+03
7.046744574290484024e+02,1.584708659323954289e-08,1.584588361562600859e-08,1.581683162552694379e-08,-5.933937443659258182e-02,-5.933491758344715539e-01,-2.961361159081484118e+00,1.000000000000000000e+03,2.000000000000000000e+03,1.264910627177676588e+03
7.086811352253755558e+02,1.597093141516514472e-08,1.596967381274887021e-08,1.593930665512270700e-08,-6.040407190613193006e-02,-6.039936943220450827e-01,-3.014287608147782738e+00,1.000000000000000000e+03,2.000000000000000000e+03,1.264910627177676588e+03
7.126878130217028229e+02,1.609816637366000476e-08,1.609685098723520418e-08,1.606509292148859069e-08,-6.150028681781152806e-02,-6.149532269878404955e-01,-3.068769863469585690e+00,1.000000000000000000e+03,2.000000000000000000e+03,1.264910627177676588e+03
7.166944908180300899e+02,1.622893161712271541e-08,1.622755505914345868e-08,1.619432489953259527e-08,-6.262946612631388466e-02,-6.262422309088785388e-01,-3.124878716892377728e+00,1.000000000000000000e+03,2.000000000000000000e+03,1.264910627177676588e+03
7.207011686143572433e+02,1.636337531403945318e-08,1.636193394867341984e-08,1.632714459174008972e-08,-6.379314332924806985e-02,-6.378760274468697755e-01,-3.182689145228994931e+00,1.000000000000000000e+03,2.000000000000000000e+03,1.264910627177676588e+03
7.247078464106843967e+02,1.650165423599803676e-08,1.650014415712543072e-08,1.646370206082294648e-08,-6.499294490766180377e-02,-6.498708665311486721e-01,-3.242280617188250336e+00,1.000000000000000000e+03,2.000000000000000000e+03,1.264910627177676588e+03
7.287145242070116637e+02,1.664393439235717766e-08,1.664235139926952730e-08,1.660415600806706346e-08,-6.623059734388307696e-02,-6.622439966999336125e-01,-3.303737427331482124e+00,1.000000000000000000e+03,2.000000000000000000e+03,1.264910627177676588e+03
7.327212020033389308e+02,1.679039172199080926e-08,1.678873129251123384e-08,1.674867440199515507e-08,-6.750793477763016026e-02,-6.750137415072136049e-01,-3.367149059850074622e+00,1.000000000000000000e+03,2.000000000000000000e+03,1.264910627177676588e+03
7.367278797996660842e+02,1.694121284818760276e-08,1.693947010889548672e-08,1.689743516249976242e-08,-6.882690736877036808e-02,-6.881995829766563988e-01,-3.432610585289743721e+00,1.000000000000000000e+03,2.000000000000000000e+03,1.264910627177676588e+03
7.407345575959932376e+02,1.709659590353722553e-08,1.709476559673577319e-08,1.705062690621035306e-08,-7.018959044358484556e-02,-7.018222528683246697e-01,-3.500223093725084667e+00,1.000000000000000000e+03,2.000000000000000000e+03,1.264910627177676588e+03
7.447412353923205046e+02,1.725675143249280633e-08,1.725482787950634991e-08,1.720844975954903377e-08,-7.159819451107454769e-02,-7.159038326203092106e-01,-3.570094168317545336e+00,1.000000000000000000e+03,2.000000000000000000e+03,1.264910627177676588e+03
7.487479131886477717e+02,1.742190338027998880e-08,1.741988044060812077e-08,1.737111624671384834e-08,-7.305507624690971147e-02,-7.304678629375317422e-01,-3.642338403679457048e+00,1.000000000000000000e+03,2.000000000000000000e+03,1.264910627177676588e+03
7.527545909849750387e+02,1.759229017794707651e-08,1.759016120373294280e-08,1.753885226072142455e-08,-7.456275055531064178e-02,-7.455394641261977595e-01,-3.717077974025612797e+00,1.000000000000000000e+03,2.000000000000000000e+03,1.264910627177676588e+03
7.567612687813021921e+02,1.776816593464131056e-08,1.776592371983021149e-08,1.771189812665818718e-08,-7.612390383371243907e-02,-7.611454684172831442e-01,-3.794443256732829006e+00,1.000000000000000000e+03,2.000000000000000000e+03,1.264910627177676588e+03
7.607679465776293455e+02,1.794980174968162886e-08,1.794743847315089620e-08,1.789050976745142271e-08,-7.774140858183274660e-02,-7.773145656892201938e-01,-3.874573517660311328e+00,1.000000000000000000e+03,2.000000000000000000e+03,1.264910627177676588e+03
7.647746243739566125e+02,1.813748715871094423e-08,1.813499432054100865e-08,1.807495998380072174e-08,-7.941833951609776621e-02,-7.940774641922505594e-01,-3.957617665424324027e+00,1.000000000000000000e+03,2.000000000000000000e+03,1.264910627177676588e+03
7.687813021702838796e+02,1.833153173019129454e-08,1.832890008011658759e-08,1.826553986143414339e-08,-8.115799137273937980e-02,-8.114670680992391860e-01,-4.043735082788191271e+00,1.000000000000000000e+03,2.000000000000000000e+03,1.264910627177676588e+03
7.727879799666110330e+02,1.853226683079909648e-08,1.852948628772352585e-08,1.846256032060332710e-08,-8.296389860878272682e-02,-8.295186739652787855e-01,-4.133096544443903397e+00,1.000000000000000000e+03,2.000000000000000000e+03,1.264910627177676588e+03
7.767946577629381864e+02,1.874004758094283370e-08,1.873710714222221380e-08,1.866635382474514787e-08,-8.483985724024006858e-02,-8.482701884775893930e-01,-4.225885231750556414e+00,1.000000000000000000e+03,2.000000000000000000e+03,1.264910627177676588e+03
7.808013355592654534e+02,1.895525502472872179e-08,1.895214266370662747e-08,1.887727626755941033e-08,-8.678994909187943974e-02,-8.677623702255192750e-01,-4.322297856487492318e+00,1.000000000000000000e+03,2.000000000000000000e+03,1.264910627177676588e+03
7.848080133555927205e+02,1.917829854232302586e-08,1.917500109234995907e-08,1.909570906043441537e-08,-8.881856877386422322e-02,-8.880390986271113896e-01,-4.422545907412634314e+00,1.000000000000000000e+03,2.000000000000000000e+03,1.264910627177676588e+03
7.888146911519198738e+02,1.940961853690177675e-08,1.940612155976173384e-08,1.932206144525851120e-08,-9.093045374848450491e-02,-9.091476736247023904e-01,-4.526857035432720444e+00,1.000000000000000000e+03,2.000000000000000000e+03,1.264910627177676588e+03
7.928213689482470272e+02,1.964968943335886484e-08,1.964597706966140768e-08,1.955677306125980317e-08,-9.313071790646976211e-02,-9.311391503207946396e-01,-4.635476595543760681e+00,1.000000000000000000e+03,2.000000000000000000e+03,1.264910627177676588e+03
7.968280467445742943e+02,1.989902303180728403e-08,1.989507783046458761e-08,1.980031679870805673e-08,-9.542488913863256261e-02,-9.540687133832577160e-01,-4.748669366450092966e+00,1.000000000000000000e+03,2.000000000000000000e+03,1.264910627177676588e+03
8.008347245409015613e+02,2.015817226583443762e-08,2.015397498921434731e-08,2.005320197719885824e-08,-9.781895146686080122e-02,-9.779960968256852238e-01,-4.866721471994772230e+00,1.000000000000000000e+03,2.000000000000000000e+03,1.264910627177676588e+03
8.048414023372287147e+02,2.042773542367781446e-08,2.042326482438570997e-08,2.031597789194897431e-08,-1.003193923912084756e-01,-1.002986055688837697e+00,-4.989942532324709745e+00,1.000000000000000000e+03,2.000000000000000000e+03,1.264910627177676588e+03
8.088480801335558681e+02,2.070836090024045820e-08,2.070359346470878825e-08,2.058923777821712796e-08,-1.029332562200694773e-01,-1.029108897242457354e+00,-5.118668077182660703e+00,1.000000000000000000e+03,2.000000000000000000e+03,1.264910627177676588e+03
8.128547579298831351e+02,2.100075255949857812e-08,2.099566221262093953e-08,2.087362325181365505e-08,-1.056682042819045292e-01,-1.056441080630481366e+00,-5.253262259001612478e+00,1.000000000000000000e+03,2.000000000000000000e+03,1.264910627177676588e+03
8.168614357262104022e+02,2.130567580077618813e-08,2.130023356467161284e-08,2.116982929289924388e-08,-1.085325830743721215e-01,-1.085065895442592021e+00,-5.394120909741992875e+00,1.000000000000000000e+03,2.000000000000000000e+03,1.264910627177676588e+03
8.208681135225375556e+02,2.162396443908792106e-08,2.161813803766843833e-08,2.147860985117185569e-08,-1.115355015957930629e-01,-1.115074231568429441e+00,-5.541674992864130900e+00,1.000000000000000000e+03,2.000000000000000000e+03,1.264910627177676588e+03
8.248747913188648226e+02,2.195652852992003225e-08,2.195028192919367895e-08,2.180078416343211380e-08,-1.146869193318943991e-01,-1.146565454949073581e+00,-5.696394510719510862e+00,1.000000000000000000e+03,2.000000000000000000e+03,1.264910627177676588e+03
8.288814691151919760e+02,2.230436329323947014e-08,2.229765616512578593e-08,2.213724388980585752e-08,-1.179977466468619396e-01,-1.179648406573508668e+00,-5.858792938288145180e+00,1.000000000000000000e+03,2.000000000000000000e+03,1.264910627177676588e+03
8.328881469115192431e+02,2.266855932121008501e-08,2.266134641596453765e-08,2.248896119308179019e-08,-1.214799596634034973e-01,-1.214442545389330830e+00,-6.029432266973906884e+00,1.000000000000000000e+03,2.000000000000000000e+03,1.264910627177676588e+03
8.368948247078463964e+02,2.305031429034666713e-08,2.304254469934013691e-08,2.285699790729420284e-08,-1.251467321264210786e-01,-1.251079259850893743e+00,-6.208928757578685342e+00,1.000000000000000000e+03,2.000000000000000000e+03,1.264910627177676588e+03
8.409015025041736635e+02,2.345094644330666921e-08,2.344256272969680782e-08,2.324251596758780416e-08,-1.290125872477109192e-01,-1.289703377798462336e+00,-6.397959520215829698e+00,1.000000000000000000e+03,2.000000000000000000e+03,1.264910627177676588e+03
8.449081803005008169e+02,2.387191016032628513e-08,2.386284732984094687e-08,2.364678930445025544e-08,-1.330935731488557816e-01,-1.330474910484627404e+00,-6.597270061554286968e+00,1.000000000000000000e+03,2.000000000000000000e+03,1.264910627177676588e+03
8.489148580968280839e+02,2.431481400819605618e-08,2.430499828549540058e-08,2.407121744270932763e-08,-1.374074662871627717e-01,-1.373571074143884241e+00,-6.807682967367593818e+00,1.000000000000000000e+03,2.000000000000000000e+03,1.264910627177676588e+03
8.529215358931552373e+02,2.478144173920181526e-08,2.477078910665610851e-08,2.451734109063995669e-08,-1.419740082054191110e-01,-1.419188641933175177e+00,-7.030107922111947794e+00,1.000000000000000000e+03,2.000000000000000000e+03,1.264910627177676588e+03
8.569282136894825044e+02,2.527377681829289098e-08,2.526219126291755725e-08,2.498686005881324537e-08,-1.468151821431229187e-01,-1.467546690872320925e+00,-7.265553308724015835e+00,1.000000000000000000e+03,2.000000000000000000e+03,1.264910627177676588e+03
8.609348914858096578e+02,2.579403119001676636e-08,2.578140258994613614e-08,2.548165391403566019e-08,-1.519555375541004616e-01,-1.518889823263221528e+00,-7.515139682988775327e+00,1.000000000000000000e+03,2.000000000000000000e+03,1.264910627177676588e+03
8.649415692821369248e+02,2.634467916561974560e-08,2.633088072878803204e-08,2.600380585345368513e-08,-1.574225724851436303e-01,-1.573491960866333583e+00,-7.780115480220652024e+00,1.000000000000000000e+03,2.000000000000000000e+03,1.264910627177676588e+03
8.689482470784640782e+02,2.692849752603245525e-08,2.691338266916620946e-08,2.655563038080426241e-08,-1.632471862055085710e-01,-1.631660834063986654e+00,-8.061875390901255045e+00,1.000000000000000000e+03,2.000000000000000000e+03,1.264910627177676588e+03
8.729549248747913452e+02,2.754861321289227805e-08,2.753201173642498767e-08,2.713970548476173559e-08,-1.694642176035675851e-01,-1.693743318959779254e+00,-8.361981940566062477e+00,1.000000000000000000e+03,2.000000000000000000e+03,1.264910627177676588e+03
8.769616026711184986e+02,2.820856033719547505e-08,2.819027370838174425e-08,2.775891016308839042e-08,-1.761130889096497454e-01,-1.760131815043914916e+00,-8.682190933147353462e+00,1.000000000000000000e+03,2.000000000000000000e+03,1.264910627177676588e+03
8.809682804674457657e+02,2.891234870089244986e-08,2.889214419910878358e-08,2.841646831153865987e-08,-1.832385795716086063e-01,-1.831271907696248036e+00,-9.024481573374577792e+00,1.000000000000000000e+03,2.000000000000000000e+03,1.264910627177676588e+03
8.849749582637729191e+02,2.966454663844723808e-08,2.964215003753547081e-08,2.911600020995180749e-08,-1.908917620284744376e-01,-1.907671627543604309e+00,-9.391092282167409877e+00,1.000000000000000000e+03,2.000000000000000000e+03,1.264910627177676588e+03
8.889816360601001861e+02,3.047038179576480233e-08,3.044546814979919544e-08,2.986158309752423926e-08,-1.991311402936676023e-01,-1.989912708311343481e+00,-9.784563471702780291e+00,1.000000000000000000e+03,2.000000000000000000e+03,1.264910627177676588e+03
8.929883138564273395e+02,3.133586454731996044e-08,3.130804649592522370e-08,3.065782264357348775e-08,-2.080240445139846794e-01,-2.078664364447304180e+00,-1.020778887048045647e+01,1.000000000000000000e+03,2.000000000000000000e+03,1.264910627177676588e+03
8.969949916527546065e+02,3.226794021500549203e-08,3.223675301390674253e-08,3.150993749817154093e-08,-2.176483512153369881e-01,-2.174700271040947985e+00,-1.066407740512563507e+01,1.000000000000000000e+03,2.000000000000000000e+03,1.264910627177676588e+03
9.010016694490817599e+02,3.327467824761672326e-08,3.323956043182532807e-08,3.242385955671127077e-08,-2.280946215170505387e-01,-2.278919648118861829e+00,-1.115722818391504489e+01,1.000000000000000000e+03,2.000000000000000000e+03,1.264910627177676588e+03
9.050083472454090270e+02,3.436550927268702779e-08,3.432577743153304905e-08,3.340635309779166588e-08,-2.394687807351312536e-01,-2.392373653661091559e+00,-1.169162182577614395e+01,1.000000000000000000e+03,2.000000000000000000e+03,1.264910627177676588e+03
9.090150250417361804e+02,3.555152477605124890e-08,3.550634029607782855e-08,3.446515654944569703e-08,-2.518955062737305850e-01,-2.516298710738734457e+00,-1.227233228918391461e+01,1.000000000000000000e+03,2.000000000000000000e+03,1.264910627177676588e+03
9.130217028380634474e+02,3.684585960149306706e-08,3.679418431267983438e-08,3.560915127986645865e-08,-2.655225522072914290e-01,-2.652158988204201595e+00,-1.290526454604164819e+01,1.000000000000000000e+03,2.000000000000000000e+03,1.264910627177676588e+03
9.170283806343906008e+02,3.826418526239290071e-08,3.820472154139514124e-08,3.684856243213971964e-08,-2.805263271864297248e-01,-2.801701103997911613e+00,-1.359732500568314961e+01,1.000000000000000000e+03,2.000000000000000000e+03,1.264910627177676588e+03
9.210350584307178679e+02,3.982535341799956040e-08,3.975646219150175868e-08,3.819519729174850671e-08,-2.971191708184520164e-01,-2.967025353527692477e+00,-1.435663363924783553e+01,1.000000000000000000e+03,2.000000000000000000e+03,1.264910627177676588e+03
9.250417362270450212e+02,4.155224569192182132e-08,4.147183249753568032e-08,3.966272671833509994e-08,-3.155589640101345572e-01,-3.150679585186874743e+00,-1.519278943047133978e+01,1.000000000000000000e+03,2.000000000000000000e+03,1.264910627177676588e+03
9.290484140233722883e+02,4.347291138470326967e-08,4.337826542430808695e-08,4.126701426628911884e-08,-3.361619958205772085e-01,-3.355784577178852590e+00,-1.611720425966210968e+01,1.000000000000000000e+03,2.000000000000000000e+03,1.264910627177676588e+03
9.330550918196994417e+02,4.562211367142221480e-08,4.550967629858055436e-08,4.302649478073697839e-08,-3.593204510356896031e-01,-3.586203951795763345e+00,-1.714352480129035072e+01,1.000000000000000000e+03,2.000000000000000000e+03,1.264910627177676588e+03
9.370617696160267087e+02,4.804346627586462025e-08,4.790849119299563871e-08,4.496259767100125413e-08,-3.855265773472648649e-01,-3.846778201628452187e+00,-1.828816763640124421e+01,1.000000000000000000e+03,2.000000000000000000e+03,1.264910627177676588e+03
9.410684474123538621e+02,5.079244157355580769e-08,5.062848471431991496e-08,4.710019640642511677e-08,-4.154067106806197396e-01,-4.143652866599797591e+00,-1.957099954833823219e+01,1.000000000000000000e+03,2.000000000000000000e+03,1.264910627177676588e+03
9.450751252086811292e+02,5.394069498674215937e-08,5.373882904596829018e-08,4.946803900528379733e-08,-4.497701918181427616e-01,-4.484748089665798076e+00,-2.101620244784582781e+01,1.000000000000000000e+03,2.000000000000000000e+03,1.264910627177676588e+03
9.490818030050083962e+02,5.758243048314079416e-08,5.733000018481591657e-08,5.209906351903881340e-08,-4.896813751767263301e-01,-4.880445845263579940e+00,-2.265336907097621122e+01,1.000000000000000000e+03,2.000000000000000000e+03,1.264910627177676588e+03
9.530884808013355496e+02,6.184402703841901874e-08,6.152261070220654172e-08,5.503040847227597962e-08,-5.365685325935589667e-01,-5.344621914872591972e+00,-2.451887764759372956e+01,1.000000000000000000e+03,2.000000000000000000e+03,1.264910627177676588e+03
9.570951585976628166e+02,6.689905683288579008e-08,6.648099905089579563e-08,5.830275763994920204e-08,-5.923937637212061125e-01,-5.896241736673572653e+00,-2.665758219411197061e+01,1.000000000000000000e+03,2.000000000000000000e+03,1.264910627177676588e+03
9.611018363939899700e+02,7.299258080890829440e-08,7.243482753368979187e-08,6.195835689100962632e-08,-6.599278862634121445e-01,-6.561913303603287950e+00,-2.912481049042103010e+01,1.000000000000000000e+03,2.000000000000000000e+03,1.264910627177676588e+03
9.651085141903172371e+02,8.048217439694822795e-08,7.971472215292860257e-08,6.603652767560387053e-08,-7.432146580997601726e-01,-7.380135699117976067e+00,-3.198854412777260237e+01,1.000000000000000000e+03,2.000000000000000000e+03,1.264910627177676588e+03
9.691151919866443905e+02,8.991086462866561664e-08,8.881371242239471538e-08,7.056468707323947113e-08,-8.483961797507096891e-01,-8.408707048988906863e+00,-3.533138697789414095e+01,1.000000000000000000e+03,2.000000000000000000e+03,1.264910627177676588e+03
9.731218697829716575e+02,1.021452451691277910e-07,1.004987195940329991e-07,7.554176310113346044e-08,-9.852761219891198463e-01,-9.738382020152627661e+00,-3.925137534449186916e+01,1.000000000000000000e+03,2.000000000000000000e+03,1.264910627177676588e+03
9.771285475792988109e+02,1.186585932001581702e-07,1.160254230092940500e-07,8.090986388910592796e-08,-1.170524797922477322e+00,-1.151981246950184179e+01,-4.385965560128212815e+01,1.000000000000000000e+03,2.000000000000000000e+03,1.264910627177676588e+03
9.811352253756260779e+02,1.421741840314937625e-07,1.375823498671523251e-07,8.651071976711958346e-08,-1.434964209166414761e+00,-1.402129626145501184e+01,-4.927143436377962615e+01,1.000000000000000000e+03,2.000000000000000000e+03,1.264910627177676588e+03
9.851419031719532313e+02,1.783469344242533932e-07,1.692813163797193120e-07,9.202989658896427342e-08,-1.842621219336544103e+00,-1.776598297479047162e+01,-5.558484151655123640e+01,1.000000000000000000e+03,2.000000000000000000e+03,1.264910627177676588e+03
9.891485809682804984e+02,2.411552449878288577e-07,2.194972249575229312e-07,9.695073934690430091e-08,-2.551876623231051244e+00,-2.390102037183109474e+01,-6.284263048858406364e+01,1.000000000000000000e+03,2.000000000000000000e+03,1.264910627177676588e+03
9.931552587646076518e+02,3.770666766194486278e-07,3.057021205152311417e-07,1.005721337984709750e-07,-4.090156573326057199e+00,-3.531884741589715304e+01,-7.097901666940892085e+01,1.000000000000000000e+03,2.000000000000000000e+03,1.264910627177676588e+03
9.971619365609349188e+02,8.869106913213759047e-07,4.450881591279486836e-07,1.021595094052497865e-07,-9.902547333336404023e+00,-5.963356511729595155e+01,-7.977282484156891940e+01,1.000000000000000000e+03,2.000000000000000000e+03,1.264910627177676588e+03
1.001168614357262072e+03,1.985247390741008802e-06,4.912999229225433871e-07,1.012283117022645889e-07,-1.567470133215347516e+02,-1.023789098798924613e+02,-8.884818054244861685e+01,1.000000000000000000e+03,2.000000000000000000e+03,1.264910627177676588e+03
1.005175292153589339e+03,4.791625564446322818e-07,3.458504705069321203e-07,9.779898800988068955e-08,-1.743887785651076285e+02,-1.351264724221545350e+02,-9.775180693975073609e+01,1.000000000000000000e+03,2.000000000000000000e+03,1.264910627177676588e+03
1.009181969949916493e+03,2.674128456949530857e-07,2.350004699142621977e-07,9.240501973527613689e-08,-1.767883212703522702e+02,-1.505147496891781600e+02,-1.060771956874682473e+02,1.000000000000000000e+03,2.000000000000000000e+03,1.264910627177676588e+03
1.013188647746243760e+03,1.838542653534081471e-07,1.719319756190149825e-07,8.583908385658558818e-08,-1.777322356139779345e+02,-1.582891240254505476e+02,-1.135598282164903452e+02,1.000000000000000000e+03,2.000000000000000000e+03,1.264910627177676588e+03
1.017195325542570913e+03,1.391599049234400895e-07,1.336214613131547847e-07,7.885110689145231768e-08,-1.782358464262331381e+02,-1.628120709490155207e+02,-1.200967777841450328e+02,1.000000000000000000e+03,2.000000000000000000e+03,1.264910627177676588e+03
1.021202003338898180e+03,1.113337854956818780e-07,1.083553135223107342e-07,7.198171577576360906e-08,-1.785484472436065460e+02,-1.657320697839237198e+02,-1.257078834528017524e+02,1.000000000000000000e+03,2.000000000000000000e+03,1.264910627177676588e+03
1.025208681135225333e+03,9.234139953619737011e-08,9.057260050129039498e-08,6.554391659500903474e-08,-1.787610114357033240e+02,-1.677597971092224327e+02,-1.304812042187129464e+02,1.000000000000000000e+03,2.000000000000000000e+03,1.264910627177676588e+03
1.029215358931552601e+03,7.855096965319197832e-08,7.742310704537322121e-08,5.967785973423881546e-08,-1.789146412602302121e+02,-1.692437945298434840e+02,-1.345300666268157386e+02,1.000000000000000000e+03,2.000000000000000000e+03,1.264910627177676588e+03
1.033222036727879640e+03,6.808136485124425894e-08,6.732289585867663571e-08,5.441606868070105186e-08,-1.790306191017075435e+02,-1.703731475132522064e+02,-1.379678206033878212e+02,1.000000000000000000e+03,2.000000000000000000e+03,1.264910627177676588e+03
1.037228714524207135e+03,5.986078921271849231e-08,5.932935189613203009e-08,4.973340369339301466e-08,-1.791210670315143716e+02,-1.712587379967647792e+02,-1.408962086058425314e+02,1.000000000000000000e+03,2.000000000000000000e+03,1.264910627177676588e+03
1.041235392320534174e+03,5.323382125447151888e-08,5.284917443162136281e-08,4.557865170533291664e-08,-1.791933951615060323e+02,-1.719696776542361647e+02,-1.434017126149442163e+02,1.000000000000000000e+03,2.000000000000000000e+03,1.264910627177676588e+03
1.045242070116861441e+03,4.777713066171461229e-08,4.749136184313472046e-08,4.189228217259923471e-08,-1.792523872636172086e+02,-1.725511958683501064e+02,-1.455557923014957566e+02,1.000000000000000000e+03,2.000000000000000000e+03,1.264910627177676588e+03
1.049248747913188708e+03,4.320510561885062825e-08,4.298822923942701578e-08,3.861549739372125752e-08,-1.793012686497593791e+02,-1.730340919419233785e+02,-1.474166732426935766e+02,1.000000000000000000e+03,2.000000000000000000e+03,1.264910627177676588e+03
1.053255425709515748e+03,3.931806351726118860e-08,3.915056662078366245e-08,3.569431776072752313e-08,-1.793422921154725884e+02,-1.734400398138110404e+02,-1.490315243988860914e+02,1.000000000000000000e+03,2.000000000000000000e+03,1.264910627177676588e+03
1.057262103505843015e+03,3.597219661906271395e-08,3.584095648948847083e-08,3.308102495639596306e-08,-1.793770779282392027e+02,-1.737847180089304118e+02,-1.504385214649970237e+02,1.000000000000000000e+03,2.000000000000000000e+03,1.264910627177676588e+03
1.061268781302170282e+03,3.306130669420848919e-08,3.295724657446999462e-08,3.073429066933546258e-08,-1.794068204206730286e+02,-1.740797359977750034e+02,-1.516686193844072932e+02,1.000000000000000000e+03,2.000000000000000000e+03,1.264910627177676588e+03
1.065275459098497322e+03,3.050526483718322360e-08,3.042195223310508567e-08,2.861871024127533978e-08,-1.794324184895104111e+02,-1.743338632306407305e+02,-1.527470047403457443e+02,1.000000000000000000e+03,2.000000000000000000e+03,1.264910627177676588e+03
1.069282136894824816e+03,2.824247470231309791e-08,2.817525356350467948e-08,2.670411429225765611e-08,-1.794545607962618590e+02,-1.745538379617103715e+02,-1.536942573618096617e+02,1.000000000000000000e+03,2.000000000000000000e+03,1.264910627177676588e+03
1.073288814691151856e+03,2.622480745372487097e-08,2.617024432957478951e-08,2.496484223675207620e-08,-1.794737829986222550e+02,-1.747449140674740988e+02,-1.545272681523060783e+02,1.000000000000000000e+03,2.000000000000000000e+03,1.264910627177676588e+03
1.077295492487479123e+03,2.441411175018159708e-08,2.436963276721367527e-08,2.337906150641394377e-08,-1.794905071562455703e+02,-1.749112395465353416e+02,-1.552599604701833584e+02,1.000000000000000000e+03,2.000000000000000000e+03,1.264910627177676588e+03
1.081302170283806390e+03,2.277975552573277092e-08,2.274340274948437108e-08,2.192816493515589486e-08,-1.795050694553498545e+02,-1.750561239923922585e+02,-1.559038563804347461e+02,1.000000000000000000e+03,2.000000000000000000e+03,1.264910627177676588e+03
1.085308848080133430e+03,2.129686040129549774e-08,2.126712483797913213e-08,2.059625347262982207e-08,-1.795177400875491855e+02,-1.751822310826347859e+02,-1.564685216070944591e+02,1.000000000000000000e+03,2.000000000000000000e+03,1.264910627177676588e+03
1.089315525876460924e+03,1.994501126028689953e-08,1.992071620453530130e-08,1.936969976824199618e-08,-1.795287377412360286e+02,-1.752917193391723458e+02,-1.569619159835561106e+02,1.000000000000000000e+03,2.000000000000000000e+03,1.264910627177676588e+03
1.093322203672787964e+03,1.870729820322941481e-08,1.868751635197779099e-08,1.823678353703715942e-08,-1.795382403186468707e+02,-1.753863465040039955e+02,-1.573906702564594866e+02,1.000000000000000000e+03,2.000000000000000000e+03,1.264910627177676588e+03
1.097328881469115231e+03,1.756959511313928374e-08,1.755358875471810585e-08,1.718738844090609138e-08,-1.795463929594700119e+02,-1.754675478607243804e+02,-1.577603053244303624e+02,1.000000000000000000e+03,2.000000000000000000e+03,1.264910627177676588e+03
1.101335559265442498e+03,1.652000935200201584e-08,1.650718659589656553e-08,1.621275064242284865e-08,-1.795533141087420574e+02,-1.755364955814188477e+02,-1.580754062555068913e+02,1.000000000000000000e+03,2.000000000000000000e+03,1.264910627177676588e+03
1.105342237061769538e+03,1.554845703035907837e-08,1.553833936293896235e-08,1.530525026558020981e-08,-1.795591001408359659e+02,-1.755941440276233152e+02,-1.583397605402121826e+02,1.000000000000000000e+03,2.000000000000000000e+03,1.264910627177676588e+03
1.109348914858096805e+03,1.464633164497594146e-08,1.463852959770446977e-08,1.445823825723856672e-08,-1.795638288995731102e+02,-1.756412644830060117e+02,-1.585564678200636877e+02,1.000000000000000000e+03,2.000000000000000000e+03,1.264910627177676588e+03
1.113355592654424072e+03,1.380624298521903623e-08,1.380043769103628878e-08,1.366589236493969847e-08,-1.795675624105922736e+02,-1.756784717983742894e+02,-1.587280266294231126e+02,1.000000000000000000e+03,2.000000000000000000e+03,1.264910627177676588e+03
1.117362270450751112e+03,1.302180951697091016e-08,1.301773859328347761e-08,1.292309703927958340e-08,-1.795703489496375482e+02,-1.757062447318049010e+02,-1.588564023776368117e+02,1.000000000000000000e+03,2.000000000000000000e+03,1.264910627177676588e+03
1.121368948247078606e+03,1.228749188706169324e-08,1.228493853468353658e-08,1.222534300488103110e-08,-1.795722245988713723e+02,-1.757249412688189238e+02,-1.589430797812243554e+02,1.000000000000000000e+03,2.000000000000000000e+03,1.264910627177676588e+03
1.125375626043405646e+03,1.159845835012614377e-08,1.159724286872192295e-08,1.156864302607227093e-08,-1.795732143858279244e+02,-1.757348098444881259e+02,-1.589891021575349157e+02,1.000000000000000000e+03,2.000000000000000000e+03,1.264910627177676588e+03
1.129382303839732913e+03,1.095047519837625245e-08,1.095044833663724323e-08,1.094946103741034900e-08,-1.795733330716214198e+02,-1.757359971175739020e+02,-1.589950993542831270e+02,1.000000000000000000e+03,2.000000000000000000e+03,1.264910627177676588e+03
1.133388981636060180e+03,1.033981693742641032e-08,1.034085465040227836e-08,1.036465233499816939e-08,-1.795725856333768604e+02,-1.757285527362833477e+02,-1.589613055692548755e+02,1.000000000000000000e+03,2.000000000000000000e+03,1.264910627177676588e+03
1.137395659432387220e+03,9.763192177614733571e-09,9.765191474175533696e-09,9.811412951811326444e-09,-1.795709674683402852e+02,-1.757124313646495182e+02,-1.588875678764223949e+02,1.000000000000000000e+03,2.000000000000000000e+03,1.264910627177676588e+03
1.141402337228714487e+03,9.217682123866714806e-09,9.220557767473594001e-09,9.287236686761043839e-09,-1.795684643320839768e+02,-1.756874920919410101e+02,-1.587733458907200088e+02,1.000000000000000000e+03,2.000000000000000000e+03,1.264910627177676588e+03
1.145409015025041754e+03,8.700689234199386850e-09,8.704371119050951101e-09,8.789878538248746103e-09,-1.795650520093290652e+02,-1.756534952120666730e+02,-1.586177026504203695e+02,1.000000000000000000e+03,2.000000000000000000e+03,1.264910627177676588e+03
1.149415692821368793e+03,8.209894138212587502e-09,8.214325206626999897e-09,8.317323521294173227e-09,-1.795606957019712411e+02,-1.756100962242994399e+02,-1.584192864528441476e+02,1.000000000000000000e+03,2.000000000000000000e+03,1.264910627177676588e+03
1.153422370617696288e+03,7.743219305658802799e-09,7.748353905596122961e-09,7.867760033464696103e-09,-1.795553491037514959e+02,-1.755568367594917163e+02,-1.581763030267914871e+02,1.000000000000000000e+03,2.000000000000000000e+03,1.264910627177676588e+03
1.157429048414023327e+03,7.298798262599935131e-09,7.304600869613957840e-09,7.439557087395857138e-09,-1.795489531133299579e+02,-1.754931319646416910e+02,-1.578864770443980774e+02,1.000000000000000000e+03,2.000000000000000000e+03,1.264910627177676588e+03
1.161435726210350595e+03,6.874949391409768153e-09,6.881393639287253660e-09,7.031244853690174003e-09,-1.795414341156650551e+02,-1.754182536675775168e+02,-1.575470015457807733e+02,1.000000000000000000e+03,2.000000000000000000e+03,1.264910627177676588e+03
1.165442404006677862e+03,6.470153537604687282e-09,6.477221518182682377e-09,6.641498063191297866e-09,-1.795327017333906667e+02,-1.753313083719645249e+02,-1.571544733494052366e+02,1.000000000000000000e+03,2.000000000000000000e+03,1.264910627177676588e+03
1.169449081803004901e+03,6.083034793470814561e-09,6.090716599940990989e-09,6.269121906840960418e-09,-1.795226459122639540e+02,-1.752312087719843419e+02,-1.567048119241618167e+02,1.000000000000000000e+03,2.000000000000000000e+03,1.264910627177676588e+03
1.173455759599332168e+03,5.712343944896413661e-09,5.720637445424121865e-09,5.913040148640297187e-09,-1.795111331533081511e+02,-1.751166369843636801e+02,-1.561931584768430810e+02,1.000000000000000000e+03,2.000000000000000000e+03,1.264910627177676588e+03
1.177462437395659435e+03,5.356944160603605929e-09,5.365855001353307989e-09,5.572285236248794951e-09,-1.794980016324228984e+02,-1.749859970115628016e+02,-1.556137511291862268e+02,1.000000000000000000e+03,2.000000000000000000e+03,1.264910627177676588e+03
1.181469115191986475e+03,5.015798577332879231e-09,5.025340427107486701e-09,5.245990257792667209e-09,-1.794830548459986233e+02,-1.748373529811877631e+02,-1.549597709890222461e+02,1.000000000000000000e+03,2.000000000000000000e+03,1.264910627177676588e+03
1.185475792988313970e+03,4.687959494452874552e-09,4.698154558451611778e-09,4.933382655756248754e-09,-1.794660532729759552e+02,-1.746683483103562651e+02,-1.542231526321124022e+02,1.000000000000000000e+03,2.000000000000000000e+03,1.264910627177676588e+03
1.189482470784641009e+03,4.372558940006670258e-09,4.383438789459241117e-09,4.633779672717786354e-09,-1.794467033253618524e+02,-1.744760988957418419e+02,-1.533943509936114253e+02,1.000000000000000000e+03,2.000000000000000000e+03,1.264910627177676588e+03
1.193489148580968276e+03,4.068800409733543429e-09,4.080407199937538674e-09,4.346585572720880649e-09,-1.794246425308980122e+02,-1.742570503713409380e+02,-1.524620549516404822e+02,1.000000000000000000e+03,2.000000000000000000e+03,1.264910627177676588e+03
1.197495826377295543e+03,3.775951612971971754e-09,3.788339798448885503e-09,4.071290760097769837e-09,-1.793994193880066064e+02,-1.740067848189275992e+02,-1.514128360928662858e+02,1.000000000000000000e+03,2.000000000000000000e+03,1.264910627177676588e+03
1.201502504173622583e+03,3.493338086010566042e-09,3.506576794305083908e-09,3.807473008602903374e-09,-1.793704655435251993e+02,-1.737197550758607747e+02,-1.502307195904819537e+02,1.000000000000000000e+03,2.000000000000000000e+03,1.264910627177676588e+03
1.205509181969950077e+03,3.220337555581237103e-09,3.234513860856390077e-09,3.554801121416487028e-09,-1.793370566751488013e+02,-1.733889132686056769e+02,-1.488966634712638779e+02,1.000000000000000000e+03,2.000000000000000000e+03,1.264910627177676588e+03
1.209515859766277117e+03,2.956374953752174518e-09,2.971598415092523074e-09,3.313041468692302415e-09,-1.792982563665477187e+02,-1.730051814157270087e+02,-1.473879341601499959e+02,1.000000000000000000e+03,2.000000000000000000e+03,1.264910627177676588e+03
1.213522537562604384e+03,2.700918001328825948e-09,2.717327028921833318e-09,3.082067990255035735e-09,-1.792528337004882530e+02,-1.725566804354537283e+02,-1.456773726917460010e+02,1.000000000000000000e+03,2.000000000000000000e+03,1.264910627177676588e+03
1.217529215358931651e+03,2.453473290867173328e-09,2.471244231142471942e-09,2.861876390468121664e-09,-1.791991390224974339e+02,-1.720275793644140947e+02,-1.437325622480397556e+02,1.000000000000000000e+03,2.000000000000000000e+03,1.264910627177676588e+03
1.221535893155258691e+03,2.213582813570910195e-09,2.232943206053298346e-09,2.652603346160212246e-09,-1.791349108424286385e+02,-1.713963288537325980e+02,-1.415149424615621854e+02,1.000000000000000000e+03,2.000000000000000000e+03,1.264910627177676588e+03
1.225542570951585958e+03,1.980820888287882362e-09,2.002069347628395940e-09,2.454551496538776909e-09,-1.790569648418960469e+02,-1.706328607054472570e+02,-1.389789841325942064e+02,1.000000000000000000e+03,2.000000000000000000e+03,1.264910627177676588e+03
1.229549248747913225e+03,1.754791468605967434e-09,1.778328510234447781e-09,2.268220578944780530e-09,-1.789606715370834138e+02,-1.696939794265191210e+02,-1.360716632638573458e+02,1.000000000000000000e+03,2.000000000000000000e+03,1.264910627177676588e+03
1.233555926544240265e+03,1.535125832587613779e-09,1.561503622338191263e-09,2.094343922215004925e-09,-1.788390336854758402e+02,-1.685154404221759705e+02,-1.327326880893159853e+02,1.000000000000000000e+03,2.000000000000000000e+03,1.264910627177676588e+03
1.237562604340567759e+03,1.321480716592275376e-09,1.351487369339724709e-09,1.933926935375096893e-09,-1.786809533228172313e+02,-1.669976135203658316e+02,-1.288962682031832969e+02,1.000000000000000000e+03,2.000000000000000000e+03,1.264910627177676588e+03
1.241569282136894799e+03,1.113537090355708887e-09,1.148348307162207177e-09,1.788279258979614567e-09,-1.784677158393569130e+02,-1.649779003454023893e+02,-1.244956610253263136e+02,1.000000000000000000e+03,2.000000000000000000e+03,1.264910627177676588e+03
1.245575959933222066e+03,9.110001498757037091e-10,9.524730351393510808e-10,1.659023952280820613e-09,-1.781651089141967930e+02,-1.621736505134746551e+02,-1.194721341364996050e+02,1.000000000000000000e+03,2.000000000000000000e+03,1.264910627177676588e+03
1.249582637729549333e+03,7.136023651011861980e-10,7.649006318757714495e-10,1.548055926072577671e-09,-1.777032080725887226e+02,-1.580534654493940820e+02,-1.137898611755957461e+02,1.000000000000000000e+03,2.000000000000000000e+03,1.264910627177676588e+03
1.253589315525876373e+03,5.211166703619317489e-10,5.882072693969682903e-10,1.457412644931888016e-09,-1.769133942076591381e+02,-1.515191368988590739e+02,-1.074566714108732270e+02,1.000000000000000000e+03,2.000000000000000000e+03,1.264910627177676588e+03
1.257595993322203640e+03,3.334178400677841079e-10,4.291797031200933395e-10,1.389025741105019782e-09,-1.752599025132337260e+02,-1.400774791140640900e+02,-1.005464827730365869e+02,1.000000000000000000e+03,2.000000000000000000e+03,1.264910627177676588e+03
1.261602671118530907e+03,1.509911642944596124e-10,3.073312831487209325e-10,1.344360798697315796e-09,-1.696704377311296241e+02,-1.182795293367804277e+02,-9.321333564703364516e+01,1.000000000000000000e+03,2.000000000000000000e+03,1.264910627177676588e+03
1.265609348914857947e+03,4.091025042332136855e-11,2.682900193254041188e-10,1.324027559361340585e-09,-4.060082813171341343e+01,-8.275929831475588117e+01,-8.568395976882034404e+01,1.000000000000000000e+03,2.000000000000000000e+03,1.264910627177676588e+03
1.269616026711185441e+03,2.084018671706001052e-10,3.352837652896134325e-10,1.327511895809490904e-09,-7.222135884426835517e+00,-5.136746629673511677e+01,-7.822282738595616536e+01,1.000000000000000000e+03,2.000000000000000000e+03,1.264910627177676588e+03
1.273622704507512481e+03,3.795918139533265454e-10,4.601942367946888857e-10,1.353166941960484235e-09,-3.897289333023557401e+00,-3.408781563144413695e+01,-7.108038199687933911e+01,1.000000000000000000e+03,2.000000000000000000e+03,1.264910627177676588e+03
1.277629382303839748e+03,5.477352221543360904e-10,6.053386825372676652e-10,1.398479407592789823e-09,-2.660453310170757923e+00,-2.482664967494178399e+01,-6.444770495868010585e+01,1.000000000000000000e+03,2.000000000000000000e+03,1.264910627177676588e+03
1.281636060100167015e+03,7.126585982489331580e-10,7.570092879156600519e-10,1.460487930894869082e-09,-2.016025215362959866e+00,-1.933456653278744497e+01,-5.843590375057200959e+01,1.000000000000000000e+03,2.000000000000000000e+03,1.264910627177676588e+03
1.285642737896494054e+03,8.744490703400210775e-10,9.102906853243617319e-10,1.536186540048613756e-09,-1.621120223876755029e+00,-1.576458567398983668e+01,-5.308147471023185204e+01,1.000000000000000000e+03,2.000000000000000000e+03,1.264910627177676588e+03
1.289649415692821321e+03,1.033236868292849097e-09,1.063184261845001124e-09,1.622806758977609875e-09,-1.354618854564937136e+00,-1.327832061649344730e+01,-4.836635199092039272e+01,1.000000000000000000e+03,2.000000000000000000e+03,1.264910627177676588e+03
1.293656093489148589e+03,1.189159882058057975e-09,1.214794156723651975e-09,1.717959170083419670e-09,-1.162857216081502054e+00,-1.145553022969299839e+01,-4.424032431849224167e+01,1.000000000000000000e+03,2.000000000000000000e+03,1.264910627177676588e+03
1.297662771285475628e+03,1.342354602659045533e-09,1.364700400848664949e-09,1.819668011591655155e-09,-1.018411013061671255e+00,-1.006591302081170980e+01,-4.063889798343952009e+01,1.000000000000000000e+03,2.000000000000000000e+03,1.264910627177676588e+03
1.301669449081803123e+03,1.492953304885574904e-09,1.512710953268315436e-09,1.926343914292126910e-09,-9.058063507407303483e-01,-8.973749906141533117e+00,-3.749492902130208449e+01,1.000000000000000000e+03,2.000000000000000000e+03,1.264910627177676588e+03
1.305676126878130162e+03,1.641083154409820050e-09,1.658751810688989631e-09,2.036729964726424494e-09,-8.156504927668287719e-01,-8.094240875324651086e+00,-3.474504256313902317e+01,1.000000000000000000e+03,2.000000000000000000e+03,1.264910627177676588e+03
1.309682804674457429e+03,1.786866013101481719e-09,1.802813673709893998e-09,2.149842194312851189e-09,-7.419121281510161481e-01,-7.371820410750022923e+00,-3.233253336916927623e+01,1.000000000000000000e+03,2.000000000000000000e+03,1.264910627177676588e+03
1.313689482470784696e+03,1.930418523656227294e-09,1.944924118592648648e-09,2.264914748918787727e-09,-6.805413632101153798e-01,-6.768623986088512012e+00,-3.020819839590934208e+01,1.000000000000000000e+03,2.000000000000000000e+03,1.264910627177676588e+03
1.317696160267111736e+03,2.071852310558239160e-09,2.085132211892948999e-09,2.381353483717178079e-09,-6.287179538295482040e-01,-6.257990603846237398e+00,-2.833009226497044608e+01,1.000000000000000000e+03,2.000000000000000000e+03,1.264910627177676588e+03
1.321702838063439003e+03,2.211274227717229229e-09,2.223499601076264445e-09,2.498698432053482386e-09,-5.844176519927590796e-01,-5.820620557371037229e+00,-2.666280198194646545e+01,1.000000000000000000e+03,2.000000000000000000e+03,1.264910627177676588e+03
1.325709515859766270e+03,2.348786620971542603e-09,2.360095161838490901e-09,2.616594202418468130e-09,-5.461499711506516697e-01,-5.442207657663103326e+00,-2.517656816449461132e+01,1.000000000000000000e+03,2.000000000000000000e+03,1.264910627177676588e+03
1.329716193656093537e+03,2.484487590329426526e-09,2.494991688916943230e-09,2.734766939155288612e-09,-5.127932057381577868e-01,-5.111927470610743818e+00,-2.384641679967022654e+01,1.000000000000000000e+03,2.000000000000000000e+03,1.264910627177676588e+03
1.333722871452420804e+03,2.618471244665512169e-09,2.628263806509166288e-09,2.853006503929214591e-09,-4.834870760304645909e-01,-4.821441989735801847e+00,-2.265137386308129663e+01,1.000000000000000000e+03,2.000000000000000000e+03,1.264910627177676588e+03
1.337729549248747844e+03,2.750827945470916764e-09,2.759986630412604907e-09,2.971152720311248358e-09,-4.575608085905040201e-01,-4.564226489587333901e+00,-2.157378685540890828e+01,1.000000000000000000e+03,2.000000000000000000e+03,1.264910627177676588e+03
1.341736227045075111e+03,2.881644538248269637e-09,2.890234906303405126e-09,3.089084744688944304e-09,-4.344837184200517344e-01,-4.335103372998444726e+00,-2.059875367640781008e+01,1.000000000000000000e+03,2.000000000000000000e+03,1.264910627177676588e+03
1.345742904841402378e+03,3.011004571190632537e-09,3.019082456607946630e-09,3.206712830446525718e-09,-4.138304866718903741e-01,-4.129912512832835780e+00,-1.971364892154393900e+01,1.000000000000000000e+03,2.000000000000000000e+03,1.264910627177676588e+03
1.349749582637729645e+03,3.138988501338620669e-09,3.146601831240574417e-09,3.323971922132799102e-09,-3.952562764987722077e-01,-3.945273709438981591e+00,-1.890773418769750691e+01,1.000000000000000000e+03,2.000000000000000000e+03,1.264910627177676588e+03
1.353756260434056685e+03,3.265673888699669713e-09,3.272864095138043985e-09,3.440816650845592290e-09,-3.784785817623419479e-01,-3.778412617486130998e+00,-1.817183877601914688e+01,1.000000000000000000e+03,2.000000000000000000e+03,1.264910627177676588e+03
1.357762938230383952e+03,3.391135578956579169e-09,3.397938708713701263e-09,3.557217405762569706e-09,-3.632637751301790452e-01,-3.627031229358639308e+00,-1.749809841630690599e+01,1.000000000000000000e+03,2.000000000000000000e+03,1.264910627177676588e+03
1.361769616026711219e+03,3.515445875453627732e-09,3.521893471987481824e-09,3.673157235517895660e-09,-3.494169949309917644e-01,-3.489210171663851057e+00,-1.687974136248725188e+01,1.000000000000000000e+03,2.000000000000000000e+03,1.264910627177676588e+03
1.365776293823038486e+03,3.638674701162810860e-09,3.644794512582234756e-09,3.788629392505272355e-09,-3.367744424700980233e-01,-3.363334068241125241e+00,-1.631091297022629760e+01,1.000000000000000000e+03,2.000000000000000000e+03,1.264910627177676588e+03
1.369782971619365526e+03,3.760889751321125880e-09,3.766706303978903120e-09,3.903635377817734249e-09,-3.251974452029584572e-01,-3.248033864428261364e+00,-1.578653146947783981e+01,1.000000000000000000e+03,2.000000000000000000e+03,1.264910627177676588e+03
1.373789649415692793e+03,3.882156637404074062e-09,3.887691704572089428e-09,4.018183378074443513e-09,-3.145678309133101980e-01,-3.142141784918379255e+00,-1.530216902013465408e+01,1.000000000000000000e+03,2.000000000000000000e+03,1.264910627177676588e+03
1.377796327212020060e+03,4.002539023066788140e-09,4.007812010886702562e-09,4.132287010635608606e-09,-3.047842871849165691e-01,-3.044655813881251838e+00,-1.485395328262106140e+01,1.000000000000000000e+03,2.000000000000000000e+03,1.264910627177676588e+03
1.381803005008347327e+03,4.122098752648429329e-09,4.127127020260011773e-09,4.245964312777648153e-09,-2.957594697632813796e-01,-2.954711431163357993e+00,-1.443848566846269676e+01,1.000000000000000000e+03,2.000000000000000000e+03,1.264910627177676588e+03
1.385809682804674367e+03,4.240895972797652366e-09,4.245695099649337479e-09,4.359236924859265336e-09,-2.874176860762655550e-01,-2.871558933956390280e+00,-1.405277318881391224e+01,1.000000000000000000e+03,2.000000000000000000e+03,1.264910627177676588e+03
1.389816360601001634e+03,4.358989247740941858e-09,4.363573258183516858e-09,4.472129428521921394e-09,-2.796930247631096433e-01,-2.794545098550611950e+00,-1.369417142248991404e+01,1.000000000000000000e+03,2.000000000000000000e+03,1.264910627177676588e+03
1.393823038397328901e+03,4.476435668680303071e-09,4.480817221758710746e-09,4.584668809395784601e-09,-2.725278341726482534e-01,-2.723098244098194343e+00,-1.336033660724643113e+01,1.000000000000000000e+03,2.000000000000000000e+03,1.264910627177676588e+03
1.397829716193656168e+03,4.593290957774205970e-09,4.597481508470752360e-09,4.696884020264939061e-09,-2.658714761917580494e-01,-2.656715984923008200e+00,-1.304918524278361858e+01,1.000000000000000000e+03,2.000000000000000000e+03,1.264910627177676588e+03
1.401836393989983208e+03,4.709609567124405636e-09,4.713619504031930130e-09,4.808805625656896295e-09,-2.596792990032078530e-01,-2.594955123820599674e+00,-1.275885990097847689e+01,1.000000000000000000e+03,2.000000000000000000e+03,1.264910627177676588e+03
1.405843071786310475e+03,4.825444773163073508e-09,4.829283536580248557e-09,4.920465512716299546e-09,-2.539117851997180764e-01,-2.537423262550595027e+00,-1.248770018415359218e+01,1.000000000000000000e+03,2.000000000000000000e+03,1.264910627177676588e+03
1.409849749582637742e+03,4.940848766807960944e-09,4.944524950479688374e-09,5.031896656264054454e-09,-2.485338413174255912e-01,-2.483771798898010363e+00,-1.223421796855748589e+01,1.000000000000000000e+03,2.000000000000000000e+03,1.264910627177676588e+03
1.413856427378965009e+03,5.055872739729363916e-09,5.059394178850732057e-09,5.143132928331379655e-09,-2.435142021554114466e-01,-2.433690050438515939e+00,-1.199707622780120531e+01,1.000000000000000000e+03,2.000000000000000000e+03,1.264910627177676588e+03
1.417863105175292048e+03,5.170566967050202186e-09,5.173940814674027594e-09,5.254208944341541020e-09,-2.388249288296367123e-01,-2.386900299318729601e+00,-1.177507085778875329e+01,1.000000000000000000e+03,2.000000000000000000e+03,1.264910627177676588e+03
1.421869782971619316e+03,5.284980886780380326e-09,5.288213680387185601e-09,5.365159939605239066e-09,-2.344409838089860920e-01,-2.343153594161937914e+00,-1.156711502701175576e+01,1.000000000000000000e+03,2.000000000000000000e+03,1.264910627177676588e+03
1.425876460767946583e+03,5.399163176267936745e-09,5.402260895951659581e-09,5.476021670984712685e-09,-2.303398695173512201e-01,-2.302226177694932208e+00,-1.137222565893515558e+01,1.000000000000000000e+03,2.000000000000000000e+03,1.264910627177676588e+03
1.429883138564273850e+03,5.513161825932873799e-09,5.516129945409054585e-09,5.586830339532907336e-09,-2.265013196926740913e-01,-2.263916434111958864e+00,-1.118951172050802612e+01,1.000000000000000000e+03,2.000000000000000000e+03,1.264910627177676588e+03
1.433889816360600889e+03,5.627024210534087165e-09,5.629867741977273492e-09,5.697622530678436909e-09,-2.229070347445483435e-01,-2.228042270213513198e+00,-1.101816404569269459e+01,1.000000000000000000e+03,2.000000000000000000e+03,1.264910627177676588e+03
1.437896494156928156e+03,5.740797158206160853e-09,5.743520691760223393e-09,5.808435169144003769e-09,-2.195404539751585893e-01,-2.194438860224633636e+00,-1.085744646776977085e+01,1.000000000000000000e+03,2.000000000000000000e+03,1.264910627177676588e+03
1.441903171953255423e+03,5.854527017490204576e-09,5.857134756161492899e-09,5.919305486285889436e-09,-2.163865588208311874e-01,-2.162956696845690807e+00,-1.070668807099002962e+01,1.000000000000000000e+03,2.000000000000000000e+03,1.264910627177676588e+03
1.445909849749582690e+03,5.968259722571851576e-09,5.970755513104962867e-09,6.030270997948995341e-09,-2.134317023064442598e-01,-2.133459901227424460e+00,-1.056527640245315958e+01,1.000000000000000000e+03,2.000000000000000000e+03,1.264910627177676588e+03
1.449916527545909730e+03,6.082040856929464956e-09,6.084428217174147313e-09,6.141369491264199014e-09,-2.106634607381957791e-01,-2.105824752732355698e+00,-1.043265151012945147e+01,1.000000000000000000e+03,2.000000000000000000e+03,1.264910627177676588e+03
1.453923205342236997e+03,6.195915715586666147e-09,6.198197858788578628e-09,6.252639019087457044e-09,-2.080705043345057459e-01,-2.079938405962198367e+00,-1.030830069368813540e+01,1.000000000000000000e+03,2.000000000000000000e+03,1.264910627177676588e+03
1.457929883138564264e+03,6.309929366155497190e-09,6.312109222540138766e-09,6.364117901004482945e-09,-2.056424840431285705e-01,-2.055697767916507601e+00,-1.019175387204566441e+01,1.000000000000000000e+03,2.000000000000000000e+03,1.264910627177676588e+03
1.461936560934891531e+03,6.424126708849599235e-09,6.426206944815602229e-09,6.475844730010372041e-09,-2.033699322405067567e-01,-2.033008512551143010e+00,-1.008257948593261766e+01,1.000000000000000000e+03,2.000000000000000000e+03,1.264910627177676588e+03
1.465943238731218798e+03,6.538552535640818216e-09,6.540535570834035616e-09,6.587858384127432585e-09,-2.012441753769939889e-01,-2.011784213621229611e+00,-9.980380865812628954e+00,1.000000000000000000e+03,2.000000000000000000e+03,1.264910627177676588e+03
1.469949916527545838e+03,6.653251588727581363e-09,6.655139611229501777e-09,6.700198042352643977e-09,-1.992572569345251454e-01,-1.991945579675478806e+00,-9.884793005584381120e+00,1.000000000000000000e+03,2.000000000000000000e+03,1.264910627177676588e+03
1.473956594323873105e+03,6.768268618479139823e-09,6.770063598311061795e-09,6.812903204433509519e-09,-1.974018693140047187e-01,-1.973419777538037545e+00,-9.795479690995287925e+00,1.000000000000000000e+03,2.000000000000000000e+03,1.264910627177676588e+03
1.477963272120200372e+03,6.883648441016202533e-09,6.885352142133137530e-09,6.926013714060873165e-09,-1.956712934779487323e-01,-1.956139832666724088e+00,-9.712130938867421293e+00,1.000000000000000000e+03,2.000000000000000000e+03,1.264910627177676588e+03
1.481969949916527639e+03,6.999435995585973527e-09,7.001049986510865002e-09,7.039569785143419154e-09,-1.940593453475831232e-01,-1.940044096489070169e+00,-9.634460709305416870e+00,1.000000000000000000e+03,2.000000000000000000e+03,1.264910627177676588e+03
1.485976627712854679e+03,7.115676401887641119e-09,7.117202065116254224e-09,7.153612030892904887e-09,-1.925603280989437449e-01,-1.925075772251718442e+00,-9.562204858207060454e+00,1.000000000000000000e+03,2.000000000000000000e+03,1.264910627177676588e+03
1.489983305509181946e+03,7.232415017503011677e-09,7.233853557792535290e-09,7.268181495503801963e-09,-1.911689896245906684e-01,-1.911182492123666199e+00,-9.495119301780121646e+00,1.000000000000000000e+03,2.000000000000000000e+03,1.264910627177676588e+03
1.493989983305509213e+03,7.349697495586622502e-09,7.351049947225915139e-09,7.383319688258109999e-09,-1.898804845304007949e-01,-1.898315939309694222e+00,-9.432978368507878741e+00,1.000000000000000000e+03,2.000000000000000000e+03,1.264910627177676588e+03
1.497996661101836480e+03,7.467569842970010810e-09,7.468837076116324414e-09,7.499068619926572718e-09,-1.886903401238536337e-01,-1.886431509789429750e+00,-9.375573317203748758e+00,1.000000000000000000e+03,2.000000000000000000e+03,1.264910627177676588e+03
1.502003338898163520e+03,7.586078478835547845e-09,7.587261204991144215e-09,7.615470841372585030e-09,-1.875944259239612499e-01,-1.875488009026376357e+00,-9.322711002537309000e+00,1.000000000000000000e+03,2.000000000000000000e+03,1.264910627177676588e+03
1.506010016694490787e+03,7.705270294117004112e-09,7.706369070809001175e-09,7.732569484295673893e-09,-1.865889262857092223e-01,-1.865447379611457457e+00,-9.274212671770687422e+00,1.000000000000000000e+03,2.000000000000000000e+03,1.264910627177676588e+03
1.510016694490818054e+03,7.825192711786436138e-09,7.826207946504327466e-09,7.850408304078622729e-09,-1.856703157853753228e-01,-1.856274456334830791e+00,-9.229912878474449300e+00,1.000000000000000000e+03,2.000000000000000000e+03,1.264910627177676588e+03
1.514023372287145321e+03,7.945893748190053242e-09,7.946825701627471882e-09,7.969031724726387540e-09,-1.848353370588614875e-01,-1.847936745632731359e+00,-9.189658500745386149e+00,1.000000000000000000e+03,2.000000000000000000e+03,1.264910627177676588e+03
1.518030050083472361e+03,8.067422075599592292e-09,8.068270864239902000e-09,8.088484885906496807e-09,-1.840809808244375789e-01,-1.840404226744719818e+00,-9.153307852965911096e+00,1.000000000000000000e+03,2.000000000000000000e+03,1.264910627177676588e+03
1.522036727879799628e+03,8.189827086150335033e-09,8.190592684229212229e-09,8.208813692120496944e-09,-1.834044678550652285e-01,-1.833649172251204496e+00,-9.120729881461086208e+00,1.000000000000000000e+03,2.000000000000000000e+03,1.264910627177676588e+03
1.526043405676126895e+03,8.313158957342470300e-09,8.313841198215010284e-09,8.330064864054062450e-09,-1.828032326945939756e-01,-1.827645985949529095e+00,-9.091803435553346802e+00,1.000000000000000000e+03,2.000000000000000000e+03,1.264910627177676588e+03
1.530050083472454162e+03,8.437468719288632849e-09,8.438067296223204959e-09,8.452285992170366937e-09,-1.822749089373018883e-01,-1.822371056276497647e+00,-9.066416606512186505e+00,1.000000000000000000e+03,2.000000000000000000e+03,1.264910627177676588e+03
1.534056761268781202e+03,8.562808323897718150e-09,8.563322790314001872e-09,8.575525592627396588e-09,-1.818173159120817783e-01,-1.817802623701508802e+00,-9.044466127766174424e+00,1.000000000000000000e+03,2.000000000000000000e+03,1.264910627177676588e+03
1.538063439065108469e+03,8.689230716193149065e-09,8.689660485357387464e-09,8.699833165615167262e-09,-1.814284466315370103e-01,-1.813920660702503573e+00,-9.025856830506580053e+00,1.000000000000000000e+03,2.000000000000000000e+03,1.264910627177676588e+03
1.542070116861435736e+03,8.816789907972727064e-09,8.817134252158872993e-09,8.825259256223746998e-09,-1.811064568827755739e-01,-1.810706763100816019e+00,-9.010501149479512861e+00,1.000000000000000000e+03,2.000000000000000000e+03,1.264910627177676588e+03
1.546076794657763003e+03,8.945541054027494043e-09,8.945799103149108010e-09,8.951855517967793879e-09,-1.808496553511170779e-01,-1.808144051674069219e+00,-8.998318674350535673e+00,1.000000000000000000e+03,2.000000000000000000e+03,1.264910627177676588e+03
1.550083472454090042e+03,9.075540531148080322e-09,9.075711270861911397e-09,9.079674779107902388e-09,-1.806564946805581384e-01,-1.806217083091627762e+00,-8.989235742542415863e+00,1.000000000000000000e+03,2.000000000000000000e+03,1.264910627177676588e+03
1.554090150250417310e+03,9.206846020159562684e-09,9.206928289438084425e-09,9.208771111923795062e-09,-1.805255633859257913e-01,-1.804911769327083082e+00,-8.983185069903033337e+00,1.000000000000000000e+03,2.000000000000000000e+03,1.264910627177676588e+03
1.558096828046744577e+03,9.339516591239212028e-09,9.339509079405742465e-09,9.339199905109436057e-09,-1.804555785414039548e-01,-1.804215304799070996e+00,-8.980105415963956617e+00,1.000000000000000000e+03,2.000000000000000000e+03,1.264910627177676588e+03
1.562103505843071844e+03,9.473612792787162061e-09,9.473514036003539012e-09,9.471017939475917554e-09,-1.804453791787169747e-01,-1.804116100577137560e+00,-8.979941280908075640e+00,1.000000000000000000e+03,2.000000000000000000e+03,1.264910627177676588e+03
1.566110183639398883e+03,9.609196744135842909e-09,9.609005121329090509e-09,9.604283467163545772e-09,-1.804939203358705557e-01,-1.804603725064936937e+00,-8.982642631682802303e+00,1.000000000000000000e+03,2.000000000000000000e+03,1.264910627177676588e+03
1.570116861435726150e+03,9.746332232402712762e-09,9.746045960613392950e-09,9.739056294581818231e-09,-1.806002677040987880e-01,-1.805668850640114842e+00,-8.988164654978909596e+00,1.000000000000000000e+03,2.000000000000000000e+03,1.264910627177676588e+03
1.574123539232053417e+03,9.885084813810386888e-09,9.884701942941532794e-09,9.875397869313267068e-09,-1.807635928266758951e-01,-1.807303205789902556e+00,-8.996467535048301656e+00,1.000000000000000000e+03,2.000000000000000000e+03,1.264910627177676588e+03
1.578130217028380684e+03,1.002552191982011407e-08,1.002504032676182900e-08,1.001337137123605416e-08,-1.809831688086133428e-01,-1.809499532334724270e+00,-9.007516254561206637e+00,1.000000000000000000e+03,2.000000000000000000e+03,1.264910627177676588e+03
1.582136894824707724e+03,1.016771296844843461e-08,1.016713035054906794e-08,1.015304180813985105e-08,-1.812583665010708278e-01,-1.812251547379902794e+00,-9.021280416907377031e+00,1.000000000000000000e+03,2.000000000000000000e+03,1.264910627177676588e+03
1.586143572621034991e+03,1.031172948116278607e-08,1.031104334901336733e-08,1.029447611613066611e-08,-1.815886511286277094e-01,-1.815553909678437439e+00,-9.037734088530081422e+00,1.000000000000000000e+03,2.000000000000000000e+03,1.264910627177676588e+03
1.590150250417362258e+03,1.045764520578033594e-08,1.045685287527435556e-08,1.043774326514279241e-08,-1.819735793314675998e-01,-1.819402190126658603e+00,-9.056855660048507062e+00,1.000000000000000000e+03,2.000000000000000000e+03,1.264910627177676588e+03
1.594156928213689525e+03,1.060553624582572838e-08,1.060463482945153151e-08,1.058291436990049269e-08,-1.824127965980666122e-01,-1.823792846149746794e+00,-9.078627725075872235e+00,1.000000000000000000e+03,2.000000000000000000e+03,1.264910627177676588e+03
1.598163606010016792e+03,1.075548119683728210e-08,1.075446759415510048e-08,1.073006280669766914e-08,-1.829060350672076507e-01,-1.828723199766193241e+00,-9.103036975779103201e+00,1.000000000000000000e+03,2.000000000000000000e+03,1.264910627177676588e+03
1.602170283806343832e+03,1.090756129014872219e-08,1.090643217739875121e-08,1.087926433639204354e-08,-1.834531116811031481e-01,-1.834191419149719948e+00,-9.130074114353220693e+00,1.000000000000000000e+03,2.000000000000000000e+03,1.264910627177676588e+03
1.606176961602671099e+03,1.106186054471434842e-08,1.106061236349621130e-08,1.103059723404057361e-08,-1.840539266741432756e-01,-1.840196503534379691e+00,-9.159733779700985679e+00,1.000000000000000000e+03,2.000000000000000000e+03,1.264910627177676588e+03
1.610183639398998366e+03,1.121846592759042360e-08,1.121709487254768461e-08,1.118414242563535966e-08,-1.847084623843256446e-01,-1.846738271333754122e+00,-9.192014488717580534e+00,1.000000000000000000e+03,2.000000000000000000e+03,1.264910627177676588e+03
1.614190317195325633e+03,1.137746752373464077e-08,1.137596952917084918e-08,1.133998363243487417e-08,-1.854167823768045620e-01,-1.853817351368885147e+00,-9.226918591682059301e+00,1.000000000000000000e+03,2.000000000000000000e+03,1.264910627177676588e+03
1.618196994991652673e+03,1.153895871583934409e-08,1.153732944118407875e-08,1.149820752342342537e-08,-1.861790308712407138e-01,-1.861435177121838702e+00,-9.264452241353602346e+00,1.000000000000000000e+03,2.000000000000000000e+03,1.264910627177676588e+03
1.622203672787979940e+03,1.170303637497336833e-08,1.170127118900819782e-08,1.165890387647360316e-08,-1.869954324667772450e-01,-1.869593983953127037e+00,-9.304625375461801795e+00,1.000000000000000000e+03,2.000000000000000000e+03,1.264910627177676588e+03
1.626210350584307207e+03,1.186980106287215127e-08,1.186789502661663765e-08,1.182216574883123579e-08,-1.878662921605226133e-01,-1.878296809241640108e+00,-9.347451712367751853e+00,1.000000000000000000e+03,2.000000000000000000e+03,1.264910627177676588e+03
1.630217028380634474e+03,1.203935724678712135e-08,1.203730509493465711e-08,1.198808965759192405e-08,-1.887919956574272973e-01,-1.887547495425632826e+00,-9.392948759757256738e+00,1.000000000000000000e+03,2.000000000000000000e+03,1.264910627177676588e+03
1.634223706176961514e+03,1.221181352788387352e-08,1.220960964866519217e-08,1.215677577089115915e-08,-1.897730099714007579e-01,-1.897350695942832122e+00,-9.441137836309817288e+00,1.000000000000000000e+03,2.000000000000000000e+03,1.264910627177676588e+03
1.638230383973288781e+03,1.238728288426484714e-08,1.238492129760430242e-08,1.232832811058861492e-08,-1.908098843194694361e-01,-1.907711884087061716e+00,-9.492044106368439316e+00,1.000000000000000000e+03,2.000000000000000000e+03,1.264910627177676588e+03
1.642237061769616048e+03,1.256588292978721778e-08,1.256335726360246434e-08,1.250285476729000085e-08,-1.919032513127296447e-01,-1.918637364818230884e+00,-9.545696627715905436e+00,1.000000000000000000e+03,2.000000000000000000e+03,1.264910627177676588e+03
1.646243739565943315e+03,1.274773618995193900e-08,1.274503965443155681e-08,1.268046812861972331e-08,-1.930538284498363455e-01,-1.930134289582203788e+00,-9.602128412644406197e+00,1.000000000000000000e+03,2.000000000000000000e+03,1.264910627177676588e+03
1.650250417362270355e+03,1.293297039625530330e-08,1.293009575593130079e-08,1.286128512173240378e-08,-1.942624199207960700e-01,-1.942210674217183408e+00,-9.661376502587701864e+00,1.000000000000000000e+03,2.000000000000000000e+03,1.264910627177676588e+03
1.654257095158597622e+03,1.312171880052220872e-08,1.311865834393422600e-08,1.304542747113414051e-08,-1.955299187309390563e-01,-1.954875420044146050e+00,-9.723482056669070062e+00,1.000000000000000000e+03,2.000000000000000000e+03,1.264910627177676588e+03
1.658263772954924889e+03,1.331412051088214462e-08,1.331086601760812042e-08,1.323302197297427778e-08,-1.968573091571374778e-01,-1.968138338260553732e+00,-9.788490454605566882e+00,1.000000000000000000e+03,2.000000000000000000e+03,1.264910627177676588e+03
1.662270450751252156e+03,1.351032085120504374e-08,1.350686355600821493e-08,1.342420078706731016e-08,-1.982456695506520372e-01,-1.982010177779522264e+00,-9.856451414499350250e+00,1.000000000000000000e+03,2.000000000000000000e+03,1.264910627177676588e+03
1.666277128547579196e+03,1.371047174598799603e-08,1.370680229980219276e-08,1.361910174801217372e-08,-1.996961755034439567e-01,-1.996502656680914090e+00,-9.927419126142313033e+00,1.000000000000000000e+03,2.000000000000000000e+03,1.264910627177676588e+03
1.670283806343906463e+03,1.391473213287647691e-08,1.391084056032038931e-08,1.381786869689487769e-08,-2.012101033974166286e-01,-2.011628497466857457e+00,-1.000145240056051854e+01,1.000000000000000000e+03,2.000000000000000000e+03,1.264910627177676588e+03
1.674290484140233730e+03,1.412326840521725113e-08,1.411914405829329396e-08,1.402065183518966132e-08,-2.027888343588824249e-01,-2.027401466342124703e+00,-1.007861483663212177e+01,1.000000000000000000e+03,2.000000000000000000e+03,1.264910627177676588e+03
1.678297161936560997e+03,1.433625488727889721e-08,1.433188639487248348e-08,1.422760810261665441e-08,-2.044338586436149907e-01,-2.043836416770208775e+00,-1.015897500572709689e+01,1.000000000000000000e+03,2.000000000000000000e+03,1.264910627177676588e+03
1.682303839732888036e+03,1.455387434504019988e-08,1.454924955779080830e-08,1.443890158086999699e-08,-2.061467804811872861e-01,-2.060949337588831920e+00,-1.024260665544026772e+01,1.000000000000000000e+03,2.000000000000000000e+03,1.264910627177676588e+03
1.686310517529215304e+03,1.477631853574279195e-08,1.477142446580759772e-08,1.465470392530226656e-08,-2.079293234109511612e-01,-2.078757406004844821e+00,-1.032958893362287256e+01,1.000000000000000000e+03,2.000000000000000000e+03,1.264910627177676588e+03
1.690317195325542571e+03,1.500378879973397414e-08,1.499861155490786963e-08,1.487519482683958732e-08,-2.097833361460318680e-01,-2.097279045828037702e+00,-1.042000663406262539e+01,1.000000000000000000e+03,2.000000000000000000e+03,1.264910627177676588e+03
1.694323873121869838e+03,1.523649669849528179e-08,1.523102141008638834e-08,1.510056250661025689e-08,-2.117107990061488365e-01,-2.116533991347274934e+00,-1.051395046532053001e+01,1.000000000000000000e+03,2.000000000000000000e+03,1.264910627177676588e+03
1.698330550918196877e+03,1.547466470316489088e-08,1.546887544695143106e-08,1.533100424599782786e-08,-2.137138309649866119e-01,-2.136543357300774826e+00,-1.061151734440592698e+01,1.000000000000000000e+03,2.000000000000000000e+03,1.264910627177676588e+03
1.702337228714524144e+03,1.571852693832569619e-08,1.571240664783654891e-08,1.556672695508221209e-08,-2.157946973632972332e-01,-2.157329715446190121e+00,-1.071281071716102318e+01,1.000000000000000000e+03,2.000000000000000000e+03,1.264910627177676588e+03
1.706343906510851411e+03,1.596832998635053101e-08,1.596186035761697215e-08,1.580794778270995145e-08,-2.179558183450024111e-01,-2.178917178296152279e+00,-1.081794090743558634e+01,1.000000000000000000e+03,2.000000000000000000e+03,1.264910627177676588e+03
1.710350584307178679e+03,1.622433375818165658e-08,1.621749514499947523e-08,1.605489477174223316e-08,-2.201997780803692240e-01,-2.201331490651964096e+00,-1.092702549736370266e+01,1.000000000000000000e+03,2.000000000000000000e+03,1.264910627177676588e+03
1.714357262103505946e+03,1.648681243707973787e-08,1.647958373569717188e-08,1.630780756336705031e-08,-2.225293348479494560e-01,-2.224600129643173219e+00,-1.104018974130985065e+01,1.000000000000000000e+03,2.000000000000000000e+03,1.264910627177676588e+03
1.718363939899832985e+03,1.675605550262127658e-08,1.674841402462657480e-08,1.656693815473673863e-08,-2.249474320555419626e-01,-2.248752414065034344e+00,-1.115756701633513792e+01,1.000000000000000000e+03,2.000000000000000000e+03,1.264910627177676588e+03
1.722370617696160252e+03,1.703236884306294826e-08,1.702429017508303756e-08,1.683255171460536292e-08,-2.274572102900766779e-01,-2.273819623900787068e+00,-1.127929931234977801e+01,1.000000000000000000e+03,2.000000000000000000e+03,1.264910627177676588e+03
1.726377295492487519e+03,1.731607596514163498e-08,1.730753381377667208e-08,1.710492746209749744e-08,-2.300620204972043115e-01,-2.299835131022638812e+00,-1.140553776546822640e+01,1.000000000000000000e+03,2.000000000000000000e+03,1.264910627177676588e+03
1.730383973288814786e+03,1.760751931145700590e-08,1.759848533166092095e-08,1.738435961424678399e-08,-2.327654384036896285e-01,-2.326834542186398735e+00,-1.153644323847494846e+01,1.000000000000000000e+03,2.000000000000000000e+03,1.264910627177676588e+03
1.734390651085141826e+03,1.790706169680686210e-08,1.789750530167606180e-08,1.767115840850199800e-08,-2.355712803096572938e-01,-2.354855855571755807e+00,-1.167218695274535456e+01,1.000000000000000000e+03,2.000000000000000000e+03,1.264910627177676588e+03
1.738397328881469093e+03,1.821508787623840431e-08,1.820497602588463752e-08,1.796565120701942310e-08,-2.384836203936048227e-01,-2.383939632275905662e+00,-1.181295117645569626e+01,1.000000000000000000e+03,2.000000000000000000e+03,1.264910627177676588e+03
1.742404006677796360e+03,1.853200625916594498e-08,1.852130322601745565e-08,1.826818369024723206e-08,-2.415068096911407447e-01,-2.414129184345332746e+00,-1.195892997446321715e+01,1.000000000000000000e+03,2.000000000000000000e+03,1.264910627177676588e+03
1.746410684474123627e+03,1.885825078571927570e-08,1.884691789320934539e-08,1.857912114806946488e-08,-2.446454969290165760e-01,-2.445470781132589977e+00,-1.211033002585327800e+01,1.000000000000000000e+03,2.000000000000000000e+03,1.264910627177676588e+03
1.750417362270450667e+03,1.919428298356164539e-08,1.918227831471570557e-08,1.889884987762110116e-08,-2.479046514195714368e-01,-2.478013875995734860e+00,-1.226737151584072727e+01,1.000000000000000000e+03,2.000000000000000000e+03,1.264910627177676588e+03
1.754424040066777934e+03,1.954059422579723785e-08,1.952787229770725905e-08,1.922777869782162229e-08,-2.512895882477098608e-01,-2.511811355622531661e+00,-1.243028910949133348e+01,1.000000000000000000e+03,2.000000000000000000e+03,1.264910627177676588e+03
1.758430717863105201e+03,1.989770821332212115e-08,1.988421961288639043e-08,1.956634059171052267e-08,-2.548059960135400925e-01,-2.546919814564907902e+00,-1.259933301560516306e+01,1.000000000000000000e+03,2.000000000000000000e+03,1.264910627177676588e+03
1.762437395659432468e+03,2.026618370812475156e-08,2.025187468371563911e-08,1.991499448881847677e-08,-2.584599674295093852e-01,-2.583399857918465603e+00,-1.277477015009405648e+01,1.000000000000000000e+03,2.000000000000000000e+03,1.264910627177676588e+03
1.766444073455759508e+03,2.064661754767762016e-08,2.063142955055931474e-08,2.027422720107896419e-08,-2.622580331120641373e-01,-2.621316435484296381e+00,-1.295688540930312449e+01,1.000000000000000000e+03,2.000000000000000000e+03,1.264910627177676588e+03
1.770450751252086775e+03,2.103964797477087428e-08,2.102351714309922353e-08,2.064455552719477313e-08,-2.662071989555261364e-01,-2.660739211215811917e+00,-1.314598306499210700e+01,1.000000000000000000e+03,2.000000000000000000e+03,1.264910627177676588e+03
1.774457429048414042e+03,2.144595832201897273e-08,2.142881489908617560e-08,2.102652854193063612e-08,-2.703149875311330330e-01,-2.701742972292396683e+00,-1.334238829412574390e+01,1.000000000000000000e+03,2.000000000000000000e+03,1.264910627177676588e+03
1.778464106844741309e+03,2.186628109594773217e-08,2.184804877295010589e-08,2.142073008852501507e-08,-2.745894840184453511e-01,-2.744408082788054593e+00,-1.354644885824981237e+01,1.000000000000000000e+03,2.000000000000000000e+03,1.264910627177676588e+03
1.782470784641068349e+03,2.230140251218450930e-08,2.228199768414686340e-08,2.182778149431055263e-08,-2.790393872511958140e-01,-2.788820987632443238e+00,-1.375853694907633340e+01,1.000000000000000000e+03,2.000000000000000000e+03,1.264910627177676588e+03
1.786477462437395616e+03,2.275216754100870935e-08,2.273149846253970183e-08,2.224834453172259890e-08,-2.836740665471885747e-01,-2.835074773413330806e+00,-1.397905121900325831e+01,1.000000000000000000e+03,2.000000000000000000e+03,1.264910627177676588e+03
1.790484140233722883e+03,2.321948553158267420e-08,2.319745135679421999e-08,2.268312464916583423e-08,-2.885036250944063019e-01,-2.883269793566404449e+00,-1.420841901768537063e+01,1.000000000000000000e+03,2.000000000000000000e+03,1.264910627177676588e+03
1.794490818030050150e+03,2.370433649383970285e-08,2.368082618195708280e-08,2.313287449871946232e-08,-2.935389707860673880e-01,-2.933514366669091267e+00,-1.444709885850044806e+01,1.000000000000000000e+03,2.000000000000000000e+03,1.264910627177676588e+03
1.798497495826377190e+03,2.420777812956550422e-08,2.418266919437873797e-08,2.359839779039063789e-08,-2.987918955394697762e-01,-2.985925557933347907e+00,-1.469558314186435233e+01,1.000000000000000000e+03,2.000000000000000000e+03,1.264910627177676588e+03
1.802504173622704457e+03,2.473095371906492662e-08,2.470411079629765172e-08,2.408055350558641454e-08,-3.042751643015398355e-01,-3.040630055620549221e+00,-1.495440116590144619e+01,1.000000000000000000e+03,2.000000000000000000e+03,1.264910627177676588e+03
1.806510851419031724e+03,2.527510098742756485e-08,2.524637418916433769e-08,2.458026050565467059e-08,-3.100026151433584176e-01,-3.097765156030466649e+00,-1.522412245903625738e+01,1.000000000000000000e+03,2.000000000000000000e+03,1.264910627177676588e+03
1.810517529215358991e+03,2.584156209538303360e-08,2.581078511469543397e-08,2.509850257473559350e-08,-3.159892720832515045e-01,-3.157479873009366500e+00,-1.550536047371648429e+01,1.000000000000000000e+03,2.000000000000000000e+03,1.264910627177676588e+03
1.814524207011686030e+03,2.643179492478857853e-08,2.639878284637722167e-08,2.563633393972892329e-08,-3.222514725614517017e-01,-3.219936190656820241e+00,-1.579877668579192296e+01,1.000000000000000000e+03,2.000000000000000000e+03,1.264910627177676588e+03
1.818530884808013298e+03,2.704738585882439454e-08,2.701193262251938235e-08,2.619488531387001774e-08,-3.288070118290727928e-01,-3.285310481184019249e+00,-1.610508515015937903e+01,1.000000000000000000e+03,2.000000000000000000e+03,1.264910627177676588e+03
1.822537562604340565e+03,2.769006429310388865e-08,2.765193974602273516e-08,2.677537051412852331e-08,-3.356753069228996522e-01,-3.353795113808129447e+00,-1.642505757025340429e+01,1.000000000000000000e+03,2.000000000000000000e+03,1.264910627177676588e+03
1.826544240400667832e+03,2.836171915754976854e-08,2.832066561706237218e-08,2.737909370626542490e-08,-3.428775833912068305e-01,-3.425600285308123105e+00,-1.675952894694412265e+01,1.000000000000000000e+03,2.000000000000000000e+03,1.264910627177676588e+03
1.830550918196994871e+03,2.906441778181646800e-08,2.902014601451962836e-08,2.800745733471336806e-08,-3.504370885345961528e-01,-3.500956108606877226e+00,-1.710940388154209657e+01,1.000000000000000000e+03,2.000000000000000000e+03,1.264910627177676588e+03
1.834557595993322138e+03,2.980042750150359047e-08,2.975261200226616108e-08,2.866197079719745529e-08,-3.583793356550972753e-01,-3.580115002720762885e+00,-1.747566361806451241e+01,1.000000000000000000e+03,2.000000000000000000e+03,1.264910627177676588e+03
1.838564273789649405e+03,3.057224048126570541e-08,3.052051390989932173e-08,2.934425992578756376e-08,-3.667323846988961855e-01,-3.663354435934830899e+00,-1.785937392186299633e+01,1.000000000000000000e+03,2.000000000000000000e+03,1.264910627177676588e+03
1.842570951585976673e+03,3.138260232784730113e-08,3.132654892755388582e-08,3.005607733630817425e-08,-3.755271657745254399e-01,-3.750980084506117862e+00,-1.826169390534042236e+01,1.000000000000000000e+03,2.000000000000000000e+03,1.264910627177676588e+03
1.846577629382303940e+03,3.223454518576704506e-08,3.217369296518634916e-08,3.079931370593238627e-08,-3.847978533824409908e-01,-3.843329482065438452e+00,-1.868388592698459405e+01,1.000000000000000000e+03,2.000000000000000000e+03,1.264910627177676588e+03
1.850584307178630979e+03,3.313142615695723418e-08,3.306523756369634151e-08,3.157601003327123003e-08,-3.945823008728006065e-01,-3.940776250820388071e+00,-1.912732670751992359e+01,1.000000000000000000e+03,2.000000000000000000e+03,1.264910627177676588e+03
1.854590984974958246e+03,3.407697207108251427e-08,3.400483281545393619e-08,3.238837092482515200e-08,-4.049225467459081074e-01,-4.043735025490184931e+00,-1.959351982679945792e+01,1.000000000000000000e+03,2.000000000000000000e+03,1.264910627177676588e+03
1.858597662771285513e+03,3.507533186595364270e-08,3.499653746442988580e-08,3.323877893422673665e-08,-4.158654070422782012e-01,-4.152667205712421428e+00,-2.008410978726773877e+01,1.000000000000000000e+03,2.000000000000000000e+03,1.264910627177676588e+03
1.862604340567612780e+03,3.613113813120600445e-08,3.604487762323048426e-08,3.412980995344517750e-08,-4.274631713926165810e-01,-4.268087703881398909e+00,-2.060089785448313648e+01,1.000000000000000000e+03,2.000000000000000000e+03,1.264910627177676588e+03
1.866611018363939820e+03,3.724957974155061829e-08,3.715491588181547533e-08,3.506424961416822979e-08,-4.397744245195487345e-01,-4.390572894896867417e+00,-2.114585991221704120e+01,1.000000000000000000e+03,2.000000000000000000e+03,1.264910627177676588e+03
1.870617696160267087e+03,3.843648798302349858e-08,3.833233301169598215e-08,3.604511059767425434e-08,-4.528650203809128083e-01,-4.520770024643268492e+00,-2.172116659875694467e+01,1.000000000000000000e+03,2.000000000000000000e+03,1.264910627177676588e+03
1.874624373956594354e+03,3.969843918995797134e-08,3.958352501828929727e-08,3.707565066548776177e-08,-4.668092430946372273e-01,-4.659408398570088039e+00,-2.232920602158131018e+01,1.000000000000000000e+03,2.000000000000000000e+03,1.264910627177676588e+03
1.878631051752921621e+03,4.104287770717000292e-08,4.091571900111269060e-08,3.815939110128872923e-08,-4.816911978000004146e-01,-4.807312755093646750e+00,-2.297260937836644601e+01,1.000000000000000000e+03,2.000000000000000000e+03,1.264910627177676588e+03
1.882637729549248661e+03,4.247826403334187342e-08,4.233711219868086188e-08,3.930013508381045703e-08,-4.976064863941314642e-01,-4.965419336959981500e+00,-2.365427984133037143e+01,1.000000000000000000e+03,2.000000000000000000e+03,1.264910627177676588e+03
1.886644407345575928e+03,4.401425437429101608e-08,4.385703979379698220e-08,4.050198527317239323e-08,-5.146642386144730796e-01,-5.134795315840271712e+00,-2.437742508600211622e+01,1.000000000000000000e+03,2.000000000000000000e+03,1.264910627177676588e+03
1.890651085141903195e+03,4.566191966002286862e-08,4.548617863436776146e-08,4.176935956560772651e-08,-5.329895895905373271e-01,-5.316662413302507773e+00,-2.514559385961458204e+01,1.000000000000000000e+03,2.000000000000000000e+03,1.264910627177676588e+03
1.894657762938230462e+03,4.743401452924070836e-08,4.723679612334889092e-08,4.310700352237607889e-08,-5.527267227087984125e-01,-5.512425811822204480e+00,-2.596271698082063040e+01,1.000000000000000000e+03,2.000000000000000000e+03,1.264910627177676588e+03
1.898664440734557502e+03,4.934531010613449457e-08,4.912305634440701148e-08,4.451999736618826466e-08,-5.740426342165396711e-01,-5.723709786677058986e+00,-2.683315312986961843e+01,1.000000000000000000e+03,2.000000000000000000e+03,1.264910627177676588e+03
1.902671118530884769e+03,5.141300894536235622e-08,5.116139929645331479e-08,4.601375460839808896e-08,-5.971318274924948266e-01,-5.952401947924498060e+00,-2.776173970985274764e+01,1.000000000000000000e+03,2.000000000000000000e+03,1.264910627177676588e+03
1.906677796327212036e+03,5.365726682992216776e-08,5.337101431316568938e-08,4.759400825266224378e-08,-6.222222163081447821e-01,-6.200708611362768075e+00,-2.875384891043474411e+01,1.000000000000000000e+03,2.000000000000000000e+03,1.264910627177676588e+03
1.910684474123539303e+03,5.610185496118022043e-08,5.577443593143703094e-08,4.926677902797519478e-08,-6.495826166150456826e-01,-6.471224692336067008e+00,-2.981544885007401291e+01,1.000000000000000000e+03,2.000000000000000000e+03,1.264910627177676588e+03
1.914691151919866343e+03,5.877500867555972094e-08,5.839830051568484265e-08,5.103831812928151272e-08,-6.795323489481613910e-01,-6.767022746813344369e+00,-3.095316926044998240e+01,1.000000000000000000e+03,2.000000000000000000e+03,1.264910627177676588e+03
1.918697829716193610e+03,6.171052700055374177e-08,6.127431614763460490e-08,5.291501436454800408e-08,-7.124536792912915528e-01,-7.091767537559496404e+00,-3.217437053671887526e+01,1.000000000000000000e+03,2.000000000000000000e+03,1.264910627177676588e+03
1.922704507512520877e+03,6.494921401557896431e-08,6.444051863602613422e-08,5.490325229483894028e-08,-7.488081279526438427e-01,-7.449865036762323811e+00,-3.348721401164509359e+01,1.000000000000000000e+03,2.000000000000000000e+03,1.264910627177676588e+03
1.926711185308848144e+03,6.854079274008430878e-08,6.794291604520235131e-08,5.700920379972763913e-08,-7.891581260718750768e-01,-7.846658492950172814e+00,-3.490072988951246202e+01,1.000000000000000000e+03,2.000000000000000000e+03,1.264910627177676588e+03
1.930717863105175184e+03,7.254648270360898232e-08,7.183766767386347434e-08,5.923853046632632048e-08,-8.341961835771962708e-01,-8.288689731266401850e+00,-3.642487722685973495e+01,1.000000000000000000e+03,2.000000000000000000e+03,1.264910627177676588e+03
1.934724540901502451e+03,7.704252613820365412e-08,7.619400855451787766e-08,6.159596841532601660e-08,-8.847847943448896579e-01,-8.784052264983793989e+00,-3.807058746179200170e+01,1.000000000000000000e+03,2.000000000000000000e+03,1.264910627177676588e+03
1.938731218697829718e+03,8.212509665962859514e-08,8.109822961367408604e-08,6.408476110446980219e-08,-9.420119908185851099e-01,-9.342875802492512705e+00,-3.984977903424354650e+01,1.000000000000000000e+03,2.000000000000000000e+03,1.264910627177676588e+03
1.942737896494156985e+03,8.791726690304454057e-08,8.665917689423320822e-08,6.670590035715532974e-08,-1.007270208070063289e+00,-9.978002272643170301e+00,-4.177532537798190049e+01,1.000000000000000000e+03,2.000000000000000000e+03,1.264910627177676588e+03
1.946744574290484024e+03,9.457911822447805842e-08,9.301597453577236267e-08,6.945713343433891158e-08,-1.082370723865700990e+00,-1.070594666169703224e+01,-4.386095186789561495e+01,1.000000000000000000e+03,2.000000000000000000e+03,1.264910627177676588e+03
1.950751252086811292e+03,1.023227795103344670e-07,1.003490628379375280e-07,7.233169805196616462e-08,-1.169713917359402888e+00,-1.154829084745231071e+01,-4.612102930080796881e+01,1.000000000000000000e+03,2.000000000000000000e+03,1.264910627177676588e+03
1.954757929883138559e+03,1.114354461229772277e-07,1.088962726144152984e-07,7.531676367604599212e-08,-1.272549914760063627e+00,-1.253375187786635081e+01,-4.857022285256787342e+01,1.000000000000000000e+03,2.000000000000000000e+03,1.264910627177676588e+03
1.958764607679465826e+03,1.223157969959659523e-07,1.189766973248939989e-07,7.839159460854165023e-08,-1.395391026105539556e+00,-1.370132912387664881e+01,-5.122294786442384407e+01,1.000000000000000000e+03,2.000000000000000000e+03,1.264910627177676588e+03
1.962771285475792865e+03,1.355338817392210515e-07,1.310268535769882777e-07,8.152551878552644070e-08,-1.544690162535630185e+00,-1.510522814087192245e+01,-5.409258053350439610e+01,1.000000000000000000e+03,2.000000000000000000e+03,1.264910627177676588e+03
1.966777963272120132e+03,1.519342392367484972e-07,1.456564636486402049e-07,8.467589575927566162e-08,-1.730009385310494308e+00,-1.682280339692357174e+01,-5.719037805207388203e+01,1.000000000000000000e+03,2.000000000000000000e+03,1.264910627177676588e+03
1.970784641068447399e+03,1.728236124426946048e-07,1.637356144666714331e-07,8.778643087743798980e-08,-1.966148075636810155e+00,-1.896780033487569028e+01,-6.052408669312852396e+01,1.000000000000000000e+03,2.000000000000000000e+03,1.264910627177676588e+03
1.974791318864774667e+03,2.003369767218716745e-07,1.865306140681754789e-07,9.078636423239758425e-08,-2.277295342189555427e+00,-2.171319570162988200e+01,-6.409626661523004998e+01,1.000000000000000000e+03,2.000000000000000000e+03,1.264910627177676588e+03
1.978797996661101934e+03,2.382164026357236871e-07,2.159063263315283176e-07,9.359122218166199687e-08,-2.705874140763151914e+00,-2.533182830790356022e+01,-6.790244496552199394e+01,1.000000000000000000e+03,2.000000000000000000e+03,1.264910627177676588e+03
1.982804674457428973e+03,2.936705936908274083e-07,2.545728013850695211e-07,9.610586053868592433e-08,-3.333687887761017432e+00,-3.026984052448105444e+01,-7.192932065437764777e+01,1.000000000000000000e+03,2.000000000000000000e+03,1.264910627177676588e+03
1.986811352253756240e+03,3.825840343494732448e-07,3.061062961124461549e-07,9.823032345561668690e-08,-4.341310792414965647e+00,-3.727475243126985305e+01,-7.615336247043782691e+01,1.000000000000000000e+03,2.000000000000000000e+03,1.264910627177676588e+03
1.990818030050083507e+03,5.480743493531696563e-07,3.733410474515323724e-07,9.986848732219577987e-08,-6.220771608603374858e+00,-4.757043210414118306e+01,-8.054022005452513611e+01,1.000000000000000000e+03,2.000000000000000000e+03,1.264910627177676588e+03
1.994824707846410774e+03,9.607371116932073315e-07,4.501976752987479692e-07,1.009385815884229129e-07,-1.094170590407232346e+01,-6.279959530646214461e+01,-8.504534164768128335e+01,1.000000000000000000e+03,2.000000000000000000e+03,1.264910627177676588e+03
1.998831385642737814e+03,3.293867452263123600e-06,5.032917983996233811e-07,1.013837314857581553e-07,-4.056500357171556459e+01,-8.352403062730030570e+01,-8.961601468731110742e+01,1.000000000000000000e+03,2.000000000000000000e+03,1.264910627177676588e+03
2.002838063439065081e+03,1.683847906732810138e-06,4.871663080672183527e-07,1.011801053617379871e-07,-1.605962241461025144e+02,-1.060236118287874945e+02,-9.419472491808335235e+01,1.000000000000000000e+03,2.000000000000000000e+03,1.264910627177676588e+03
2.006844741235392348e+03,7.327430187288893986e-07,4.178105958710387029e-07,1.003405015827557045e-07,-1.716928961145070218e+02,-1.245336755144355720e+02,-9.872336138031643316e+01,1.000000000000000000e+03,2.000000000000000000e+03,1.264910627177676588e+03
2.010851419031719615e+03,4.652763959620436568e-07,3.431890031542134929e-07,9.891235341200834247e-08,-1.747394063348820907e+02,-1.374483337243264316e+02,-1.031475300243632489e+02,1.000000000000000000e+03,2.000000000000000000e+03,1.264910627177676588e+03
2.014858096828046655e+03,3.405807748603641324e-07,2.828719429078724070e-07,9.697073199016679040e-08,-1.761539927382228257e+02,-1.461459112252071577e+02,-1.074202032978236190e+02,1.000000000000000000e+03,2.000000000000000000e+03,1.264910627177676588e+03
2.018864774624373922e+03,2.685520292489902657e-07,2.373742082590168837e-07,9.460826465903884246e-08,-1.769698984550198304e+02,-1.521458432443321840e+02,-1.115041444808593951e+02,1.000000000000000000e+03,2.000000000000000000e+03,1.264910627177676588e+03
2.022871452420701189e+03,2.216664849136116195e-07,2.031175089591206531e-07,9.192440548896146499e-08,-1.775005844832784589e+02,-1.564475880853547949e+02,-1.153729013955046696e+02,1.000000000000000000e+03,2.000000000000000000e+03,1.264910627177676588e+03
2.026878130217028456e+03,1.887221921344242304e-07,1.768616384914888257e-07,8.901613109575661797e-08,-1.778732842539968431e+02,-1.596493816880063719e+02,-1.190105103217688054e+02,1.000000000000000000e+03,2.000000000000000000e+03,1.264910627177676588e+03
2.030884808013355496e+03,1.643080444315386884e-07,1.562914373191915846e-07,8.597124884292722867e-08,-1.781493741938010373e+02,-1.621110145133059461e+02,-1.224102718473387910e+02,1.000000000000000000e+03,2.000000000000000000e+03,1.264910627177676588e+03
2.034891485809682763e+03,1.454914503031962178e-07,1.398304055757639379e-07,8.286457354774917546e-08,-1.783620913501005418e+02,-1.640558356014622063e+02,-1.255730240987264779e+02,1.000000000000000000e+03,2.000000000000000000e+03,1.264910627177676588e+03
2.038898163606010030e+03,1.305454818315879431e-07,1.264041382479435066e-07,7.975657275596132794e-08,-1.785309982785676652e+02,-1.656277165001893934e+02,-1.285052826523002807e+02,1.000000000000000000e+03,2.000000000000000000e+03,1.264910627177676588e+03
2.042904841402337297e+03,1.183871772757853581e-07,1.152683765597753131e-07,7.669378347757107763e-08,-1.786683585102045697e+02,-1.669226806692900880e+02,-1.312175034706226597e+02,1.000000000000000000e+03,2.000000000000000000e+03,1.264910627177676588e+03
2.046911519198664337e+03,1.083030340116397461e-07,1.058967105013918676e-07,7.371028715786454639e-08,-1.787822498229429300e+02,-1.680069053618595376e+02,-1.337226084325668012e+02,1.000000000000000000e+03,2.000000000000000000e+03,1.264910627177676588e+03
2.050918196994991376e+03,9.980386411349867726e-08,9.790879573973567495e-08,7.082966569827827379e-08,-1.788782094595591445e+02,-1.689273113799887369e+02,-1.360348213784739357e+02,1.000000000000000000e+03,2.000000000000000000e+03,1.264910627177676588e+03
2.054924874791318871e+03,9.254307985928251831e-08,9.102419851698883436e-08,6.806704227335385413e-08,-1.789601599931484088e+02,-1.697180070108333894e+02,-1.381688038526766036e+02,1.000000000000000000e+03,2.000000000000000000e+03,1.264910627177676588e+03
2.058931552587646365e+03,8.626826948084528975e-08,8.503224681443968426e-08,6.543097409219372326e-08,-1.790309578326684914e+02,-1.704043368402617773e+02,-1.401390494891560365e+02,1.000000000000000000e+03,2.000000000000000000e+03,1.264910627177676588e+03
2.062938230383972950e+03,8.079124835084490962e-08,7.977195593668961467e-08,6.292508603912525612e-08,-1.790927323770767430e+02,-1.710055015693768894e+02,-1.419594856215533696e+02,1.000000000000000000e+03,2.000000000000000000e+03,1.264910627177676588e+03
2.066944908180300445e+03,7.596885433703097854e-08,7.511839468424541528e-08,6.054941314799187374e-08,-1.791471034579109300e+02,-1.715362989508100782e+02,-1.436432319704095164e+02,1.000000000000000000e+03,2.000000000000000000e+03,1.264910627177676588e+03
2.070951585976627939e+03,7.169024456101660291e-08,7.097324559670654584e-08,5.830146478848146663e-08,-1.791953251493662549e+02,-1.720083088244388705e+02,-1.452024730851544234e+02,1.000000000000000000e+03,2.000000000000000000e+03,1.264910627177676588e+03
2.074958263772954979e+03,6.786826315714994042e-08,6.725814883973761130e-08,5.617704489323073450e-08,-1.792383834799989870e+02,-1.724307174259808733e+02,-1.466484097908464150e+02,1.000000000000000000e+03,2.000000000000000000e+03,1.264910627177676588e+03
2.078964941569282018e+03,6.443343525247531740e-08,6.390992835524147365e-08,5.417086957452451856e-08,-1.792770644105187614e+02,-1.728109021024839933e+02,-1.479912631652492792e+02,1.000000000000000000e+03,2.000000000000000000e+03,1.264910627177676588e+03
2.082971619365609513e+03,6.132970006677642895e-08,6.087711357422366866e-08,5.227702257698509850e-08,-1.793120021237669732e+02,-1.731548534848083705e+02,-1.492403116531818341e+02,1.000000000000000000e+03,2.000000000000000000e+03,1.264910627177676588e+03
2.086978297161936553e+03,5.851132270297349817e-08,5.811736788702025243e-08,5.048928437936893861e-08,-1.793437139726211740e+02,-1.734674852416954423e+02,-1.504039475700545268e+02,1.000000000000000000e+03,2.000000000000000000e+03,1.264910627177676588e+03
2.090984974958263592e+03,5.594062150034421423e-08,5.559556173034106221e-08,4.880136485526085815e-08,-1.793726261970104758e+02,-1.737528647027234285e+02,-1.514897435385243227e+02,1.000000000000000000e+03,2.000000000000000000e+03,1.264910627177676588e+03
2.094991652754591087e+03,5.358627027940021101e-08,5.328231064245802611e-08,4.720706353793768507e-08,-1.793990931345426247e+02,-1.740143868775824103e+02,-1.525045225548345798e+02,1.000000000000000000e+03,2.000000000000000000e+03,1.264910627177676588e+03
2.098998330550918126e+03,5.142201268749086314e-08,5.115285326684248772e-08,4.570037631392088535e-08,-1.794234117674400295e+02,-1.742549073841124994e+02,-1.534544276349353424e+02,1.000000000000000000e+03,2.000000000000000000e+03,1.264910627177676588e+03
2.103005008347245166e+03,4.942567648602628550e-08,4.918618104162578907e-08,4.427556299970416899e-08,-1.794458328752626812e+02,-1.744768451389259951e+02,-1.543449885641229287e+02,1.000000000000000000e+03,2.000000000000000000e+03,1.264910627177676588e+03
2.107011686143572661e+03,4.757840919962409837e-08,4.736435641876858344e-08,4.292718673776487409e-08,-1.794665696827664760e+02,-1.746822625175188648e+02,-1.551811843488602563e+02,1.000000000000000000e+03,2.000000000000000000e+03,1.264910627177676588e+03
2.111018363939900155e+03,4.586407922528177458e-08,4.567197385000350001e-08,4.165013338887619943e-08,-1.794858046355445822e+02,-1.748729285312662967e+02,-1.559675006869147751e+02,1.000000000000000000e+03,2.000000000000000000e+03,1.264910627177676588e+03
2.115025041736226740e+03,4.426880207130212902e-08,4.409572998762044793e-08,4.043961697412737580e-08,-1.795036947598518111e+02,-1.750503690649714770e+02,-1.567079822380258065e+02,1.000000000000000000e+03,2.000000000000000000e+03,1.264910627177676588e+03
2.119031719532554234e+03,4.278056225196680850e-08,4.262407822878421788e-08,3.929117560785809734e-08,-1.795203759401397008e+02,-1.752159071572520190e+02,-1.574062797695396796e+02,1.000000000000000000e+03,2.000000000000000000e+03,1.264910627177676588e+03
2.123038397328881729e+03,4.138890903972889754e-08,4.124694897588623491e-08,3.820066115152095297e-08,-1.795359663609616803e+02,-1.753706955473682001e+02,-1.580656924253949001e+02,1.000000000000000000e+03,2.000000000000000000e+03,1.264910627177676588e+03
2.127045075125208768e+03,4.008470977458416240e-08,3.995552152628500259e-08,3.716422491605169292e-08,-1.795505692976890941e+02,-1.755157431633683984e+02,-1.586892054617137262e+02,1.000000000000000000e+03,2.000000000000000000e+03,1.264910627177676588e+03
2.131051752921535808e+03,3.885994841591890096e-08,3.874203684163179070e-08,3.617830107259130072e-08,-1.795642753953760575e+02,-1.756519368251584012e+02,-1.592795238353348566e+02,1.000000000000000000e+03,2.000000000000000000e+03,1.264910627177676588e+03
2.135058430717863303e+03,3.770755994394167997e-08,3.759964292307950328e-08,3.523958894029889565e-08,-1.795771645420488767e+02,-1.757800591396324137e+02,-1.598391020416824801e+02,1.000000000000000000e+03,2.000000000000000000e+03,1.264910627177676588e+03
2.139065108514190342e+03,3.662129338222108124e-08,3.652226637307548939e-08,3.434503496090058401e-08,-1.795893074182033899e+02,-1.759008033438310861e+02,-1.603701705881451005e+02,1.000000000000000000e+03,2.000000000000000000e+03,1.264910627177676588e+03
2.143071786310517382e+03,3.559559783188882252e-08,3.550450512533192851e-08,3.349181490858798959e-08,-1.796007667859755372e+02,-1.760147856855971611e+02,-1.608747594671728223e+02,1.000000000000000000e+03,2.000000000000000000e+03,1.264910627177676588e+03
2.147078464106844876e+03,3.462552713027297239e-08,3.454153839158942371e-08,3.267731669538051599e-08,-1.796115985676200637e+02,-1.761225558047798927e+02,-1.613547189652202576e+02,1.000000000000000000e+03,2.000000000000000000e+03,1.264910627177676588e+03
2.151085141903171916e+03,3.370665967728415566e-08,3.362905069282076465e-08,3.189912399696433958e-08,-1.796218527524043793e+02,-1.762246054812822820e+02,-1.618117381131078218e+02,1.000000000000000000e+03,2.000000000000000000e+03,1.264910627177676588e+03
2.155091819699498956e+03,3.283503068713355372e-08,3.276316747584521347e-08,3.115500082811420504e-08,-1.796315741629430818e+02,-1.763213760416193168e+02,-1.622473610526187713e+02,1.000000000000000000e+03,2.000000000000000000e+03,1.264910627177676588e+03
2.159098497495826450e+03,3.200707467536568024e-08,3.194040030946446195e-08,3.044287712953849615e-08,-1.796408031057488017e+02,-1.764132646576848913e+02,-1.626630015645685887e+02,1.000000000000000000e+03,2.000000000000000000e+03,1.264910627177676588e+03
2.163105175292153490e+03,3.121957642148442981e-08,3.115760004075314236e-08,2.976083538156363779e-08,-1.796495759259067029e+02,-1.765006297260881070e+02,-1.630599559759521924e+02,1.000000000000000000e+03,2.000000000000000000e+03,1.264910627177676588e+03
2.167111853088480530e+03,3.046962898492348693e-08,3.041191659701423318e-08,2.910709822876073775e-08,-1.796579254819622520e+02,-1.765837954807278436e+02,-1.634394146384560429e+02,1.000000000000000000e+03,2.000000000000000000e+03,1.264910627177676588e+03
2.171118530884808024e+03,2.975459761847413420e-08,2.970076436081226231e-08,2.848001707917520008e-08,-1.796658815540979219e+02,-1.766630559630089294e+02,-1.638024721477536332e+02,1.000000000000000000e+03,2.000000000000000000e+03,1.264910627177676588e+03
2.175125208681135518e+03,2.907208863481544533e-08,2.902179223853959545e-08,2.787806162916233820e-08,-1.796734711962821223e+02,-1.767386784515831266e+02,-1.641501364525449276e+02,1.000000000000000000e+03,2.000000000000000000e+03,1.264910627177676588e+03
2.179131886477462103e+03,2.841992245074378258e-08,2.837285769784927547e-08,2.729981025768091082e-08,-1.796807190411614954e+02,-1.768109064354592874e+02,-1.644833369841343540e+02,1.000000000000000000e+03,2.000000000000000000e+03,1.264910627177676588e+03
2.183138564273789598e+03,2.779611016939167857e-08,2.775200417419674331e-08,2.674394123060406362e-08,-1.796876475649335418e+02,-1.768799621997995075e+02,-1.648029319212997166e+02,1.000000000000000000e+03,2.000000000000000000e+03,1.264910627177676588e+03
2.187145242070117092e+03,2.719883317028078430e-08,2.715744134797203817e-08,2.620922465497073306e-08,-1.796942773181960149e+02,-1.769460490819585914e+02,-1.651097146910867934e+02,1.000000000000000000e+03,2.000000000000000000e+03,1.264910627177676588e+03
2.191151919866444132e+03,2.662642526593414597e-08,2.658752787613381072e-08,2.569451512423765132e-08,-1.797006271277655571e+02,-1.770093534457622297e+02,-1.654044197937864169e+02,1.000000000000000000e+03,2.000000000000000000e+03,1.264910627177676588e+03
2.195158597662771172e+03,2.607735705624620426e-08,2.604075622969654476e-08,2.519874499789720527e-08,-1.797067142736367202e+02,-1.770700464142047394e+02,-1.656877280295059620e+02,1.000000000000000000e+03,2.000000000000000000e+03,1.264910627177676588e+03
2.199165275459098666e+03,2.555022217115299449e-08,2.551573934381823157e-08,2.472091826183064952e-08,-1.797125546445821556e+02,-1.771282853943347391e+02,-1.659602711942722806e+02,1.000000000000000000e+03,2.000000000000000000e+03,1.264910627177676588e+03
2.203171953255425706e+03,2.504372514096087800e-08,2.501119883293765563e-08,2.426010491916540971e-08,-1.797181628753423297e+02,-1.771842154228132529e+02,-1.662226363053217710e+02,1.000000000000000000e+03,2.000000000000000000e+03,1.264910627177676588e+03
2.207178631051752745e+03,2.455667067401244887e-08,2.452595456126261192e-08,2.381543586497323895e-08,-1.797235524678968659e+02,-1.772379703562555164e+02,-1.664753694080045534e+02,1.000000000000000000e+03,2.000000000000000000e+03,1.264910627177676588e+03
2.211185308848080240e+03,2.408795415480526570e-08,2.405891539038165971e-08,2.338609820173427015e-08,-1.797287358989310064e+02,-1.772896739268353201e+02,-1.667189790104166036e+02,1.000000000000000000e+03,2.000000000000000000e+03,1.264910627177676588e+03
2.215191986644407280e+03,2.363655320351288553e-08,2.360907095203301982e-08,2.297133095599497806e-08,-1.797337247152973987e+02,-1.773394406806026211e+02,-1.669539391863615094e+02,1.000000000000000000e+03,2.000000000000000000e+03,1.264910627177676588e+03
2.219198664440734319e+03,2.320152016111159986e-08,2.317548431605403838e-08,2.257042116000163338e-08,-1.797385296190078066e+02,-1.773873768134299951e+02,-1.671806923824289868e+02,1.000000000000000000e+03,2.000000000000000000e+03,1.264910627177676588e+03
2.223205342237061814e+03,2.278197538381846841e-08,2.275728544201640583e-08,2.218270026526072998e-08,-1.797431605430714967e+02,-1.774335809173772134e+02,-1.673996519607665903e+02,1.000000000000000000e+03,2.000000000000000000e+03,1.264910627177676588e+03
2.227212020033389308e+03,2.237710124694782842e-08,2.235366531862700927e-08,2.180754085793267449e-08,-1.797476267193091815e+02,-1.774781446484686853e+02,-1.676112045054414068e+02,1.000000000000000000e+03,2.000000000000000000e+03,1.264910627177676588e+03
2.231218697829715893e+03,2.198613677214151955e-08,2.196387070814956949e-08,2.144435364870618138e-08,-1.797519367391165588e+02,-1.775211533253655318e+02,-1.678157119170645046e+02,1.000000000000000000e+03,2.000000000000000000e+03,1.264910627177676588e+03
2.235225375626043387e+03,2.160837280365140060e-08,2.158719942427589880e-08,2.109258471232268559e-08,-1.797560986080176235e+02,-1.775626864671284295e+02,-1.680135133175280657e+02,1.000000000000000000e+03,2.000000000000000000e+03,1.264910627177676588e+03
2.239232053422370882e+03,2.124314766931164838e-08,2.122299608138394092e-08,2.075171295423242490e-08,-1.797601197947357434e+02,-1.776028182771758566e+02,-1.682049267842274105e+02,1.000000000000000000e+03,2.000000000000000000e+03,1.264910627177676588e+03
2.243238731218697922e+03,2.088984327031575861e-08,2.087064826122660110e-08,2.042124778396975681e-08,-1.797640072754151390e+02,-1.776416180796118454e+02,-1.683902509309681079e+02,1.000000000000000000e+03,2.000000000000000000e+03,1.264910627177676588e+03
2.247245409015024961e+03,2.054788155116066433e-08,2.052958305003696121e-08,2.010072697675753980e-08,-1.797677675735421587e+02,-1.776791507133004870e+02,-1.685697663508449011e+02,1.000000000000000000e+03,2.000000000000000000e+03,1.264910627177676588e+03
2.251252086811352456e+03,2.021672130732393703e-08,2.019926390498549779e-08,1.978971470659188559e-08,-1.797714067960470743e+02,-1.777154768883822555e+02,-1.687437369346992853e+02,1.000000000000000000e+03,2.000000000000000000e+03,1.264910627177676588e+03
2.255258764607679495e+03,1.989585529356749629e-08,1.987918781404174411e-08,1.948779973563689910e-08,-1.797749306660052184e+02,-1.777506535093409070e+02,-1.689124110772814333e+02,1.000000000000000000e+03,2.000000000000000000e+03,1.264910627177676588e+03
2.259265442404006535e+03,1.958480760034907143e-08,1.956888271770559792e-08,1.919459374618920492e-08,-1.797783445523063790e+02,-1.777847339682236054e+02,-1.690760227819346824e+02,1.000000000000000000e+03,2.000000000000000000e+03,1.264910627177676588e+03
2.263272120200334030e+03,1.928313126978157205e-08,1.926790516488498568e-08,1.890972980276369826e-08,-1.797816534966143251e+02,-1.778177684111813619e+02,-1.692347926734681209e+02,1.000000000000000000e+03,2.000000000000000000e+03,1.264910627177676588e+03
2.267278797996661069e+03,1.899040612600529988e-08,1.897583817849918568e-08,1.863286093301967609e-08,-1.797848622379017911e+02,-1.778498039811171907e+02,-1.693889289278633612e+02,1.000000000000000000e+03,2.000000000000000000e+03,1.264910627177676588e+03
2.271285475792988109e+03,1.870623679780686785e-08,1.869228930925197954e-08,1.836365881729959441e-08,-1.797879752348106877e+02,-1.778808850389035570e+02,-1.695386281265573700e+02,1.000000000000000000e+03,2.000000000000000000e+03,1.264910627177676588e+03
2.275292153589315603e+03,1.843025091390077929e-08,1.841688885851422684e-08,1.810181257750597340e-08,-1.797909966860599127e+02,-1.779110533653431787e+02,-1.696840760422450103e+02,1.000000000000000000e+03,2.000000000000000000e+03,1.264910627177676588e+03
2.279298831385642643e+03,1.816209745353569046e-08,1.814928825342763727e-08,1.784702765689909061e-08,-1.797939305490963022e+02,-1.779403483458008566e+02,-1.698254483624339173e+02,1.000000000000000000e+03,2.000000000000000000e+03,1.264910627177676588e+03
2.283305509181969683e+03,1.790144523704936563e-08,1.788915855924099611e-08,1.759902478317398722e-08,-1.797967805571628332e+02,-1.779688071392147322e+02,-1.699629113563543683e+02,1.000000000000000000e+03,2.000000000000000000e+03,1.264910627177676588e+03
2.287312186978297177e+03,1.764798154271214855e-08,1.763618911555330397e-08,1.735753900787564049e-08,-1.797995502349383230e+02,-1.779964648330074795e+02,-1.700966224902657018e+02,1.000000000000000000e+03,2.000000000000000000e+03,1.264910627177676588e+03
2.291318864774624672e+03,1.740141083770076485e-08,1.739008628459460309e-08,1.712231881584181413e-08,-1.798022429128868396e+02,-1.780233545852497627e+02,-1.702267309957009331e+02,1.000000000000000000e+03,2.000000000000000000e+03,1.264910627177676588e+03
2.295325542570951256e+03,1.716145361236461270e-08,1.715057230095755106e-08,1.689312529893460100e-08,-1.798048617404384402e+02,-1.780495077552828889e+02,-1.703533783947474944e+02,1.000000000000000000e+03,2.000000000000000000e+03,1.264910627177676588e+03
2.299332220367278751e+03,1.692784530810623411e-08,1.691738421331910862e-08,1.666973138883631433e-08,-1.798074096981113996e+02,-1.780749540238785755e+02,-1.704766989860623312e+02,1.000000000000000000e+03,2.000000000000000000e+03,1.264910627177676588e+03
2.303338898163606245e+03,1.670033533022199659e-08,1.669027290968788163e-08,1.645192114415292613e-08,-1.798098896086737000e+02,-1.780997215039000992e+02,-1.705968202949661929e+02,1.000000000000000000e+03,2.000000000000000000e+03,1.264910627177676588e+03
2.307345575959933285e+03,1.647868613794911327e-08,1.646900221858849617e-08,1.623948908748732434e-08,-1.798123041474310924e+02,-1.781238368423293537e+02,-1.707138634906431207e+02,1.000000000000000000e+03,2.000000000000000000e+03,1.264910627177676588e+03
2.311352253756260325e+03,1.626267240476536392e-08,1.625334807937379827e-08,1.603223958852786633e-08,-1.798146558517209144e+02,-1.781473253144349371e+02,-1.708279437731874566e+02,1.000000000000000000e+03,2.000000000000000000e+03,1.264910627177676588e+03
2.315358931552587819e+03,1.605208024269390111e-08,1.604309777554336116e-08,1.582998628954214154e-08,-1.798169471296819779e+02,-1.781702109107785645e+02,-1.709391707329840813e+02,1.000000000000000000e+03,2.000000000000000000e+03,1.264910627177676588e+03
2.319365609348914859e+03,1.584670648499223745e-08,1.583804922555851616e-08,1.563255156997816235e-08,-1.798191802683641640e+02,-1.781925164176866190e+02,-1.710476486846797854e+02,1.000000000000000000e+03,2.000000000000000000e+03,1.264910627177676588e+03
2.323372287145241899e+03,1.564635802216190064e-08,1.563801032618723698e-08,1.543976604715885991e-08,-1.798213574412349374e+02,-1.782142634917526607e+02,-1.711534769777973395e+02,1.000000000000000000e+03,2.000000000000000000e+03,1.264910627177676588e+03
2.327378964941569393e+03,1.545085118671121382e-08,1.544279834389729880e-08,1.525146811031291138e-08,-1.798234807151348775e+02,-1.782354727288804384e+02,-1.712567502858578052e+02,1.000000000000000000e+03,2.000000000000000000e+03,1.264910627177676588e+03
2.331385642737896433e+03,1.526001118254531374e-08,1.525223935024686632e-08,1.506750348541800212e-08,-1.798255520567279859e+02,-1.782561637283283744e+02,-1.713575588757111916e+02,1.000000000000000000e+03,2.000000000000000000e+03,1.264910627177676588e+03
2.335392320534223472e+03,1.507367155525116111e-08,1.506616769760705870e-08,1.488772482854389263e-08,-1.798275733384900832e+02,-1.782763551521728118e+02,-1.714559888586240390e+02,1.000000000000000000e+03,2.000000000000000000e+03,1.264910627177676588e+03
2.339398998330550967e+03,1.489167369989892728e-08,1.488442553189654048e-08,1.471199134557619776e-08,-1.798295463442725293e+02,-1.782960647805673489e+02,-1.715521224245371172e+02,1.000000000000000000e+03,2.000000000000000000e+03,1.264910627177676588e+03
2.343405676126878006e+03,1.471386640329570663e-08,1.470686233931619864e-08,1.454016843637597443e-08,-1.798314727744765662e+02,-1.783153095631408007e+02,-1.716460380607838943e+02,1.000000000000000000e+03,2.000000000000000000e+03,1.264910627177676588e+03
2.347412353923205046e+03,1.454010541791006699e-08,1.453333452434854201e-08,1.437212736158962721e-08,-1.798333542508695473e+02,-1.783341056668451756e+02,-1.717378107564493348e+02,1.000000000000000000e+03,2.000000000000000000e+03,1.264910627177676588e+03
2.351419031719532541e+03,1.437025306494033214e-08,1.436370501653572992e-08,1.420774493046901289e-08,-1.798351923210714176e+02,-1.783524685205358082e+02,-1.718275121934484559e+02,1.000000000000000000e+03,2.000000000000000000e+03,1.264910627177676588e+03
2.355425709515859580e+03,1.420417786422689173e-08,1.419784290377291010e-08,1.404690320819363481e-08,-1.798369884627378497e+02,-1.783704128565414351e+02,-1.719152109253126071e+02,1.000000000000000000e+03,2.000000000000000000e+03,1.264910627177676588e+03
2.359432387312187075e+03,1.404175418891363773e-08,1.403562309005447138e-08,1.388948924130695127e-08,-1.798387440874633114e+02,-1.783879527494584920e+02,-1.720009725445897857e+02,1.000000000000000000e+03,2.000000000000000000e+03,1.264910627177676588e+03
2.363439065108514114e+03,1.388286194294950700e-08,1.387692597579296174e-08,1.373539479998985912e-08,-1.798404605444261506e+02,-1.784051016523829105e+02,-1.720848598396891020e+02,1.000000000000000000e+03,2.000000000000000000e+03,1.264910627177676588e+03
2.367445742904841609e+03,1.372738625968587566e-08,1.372163715899242241e-08,1.358451613599338146e-08,-1.798421391237947944e+02,-1.784218724307754655e+02,-1.721669329419331973e+02,1.000000000000000000e+03,2.000000000000000000e+03,1.264910627177676588e+03
2.371452420701168649e+03,1.357521721997812460e-08,1.356964715570735194e-08,1.343675375514618001e-08,-1.798437810599137094e+02,-1.784382773941384244e+02,-1.722472494635184432e+02,1.000000000000000000e+03,2.000000000000000000e+03,1.264910627177676588e+03
2.375459098497495688e+03,1.342624958833350162e-08,1.342085113835015492e-08,1.329201220343450330e-08,-1.798453875342851234e+02,-1.784543283256666371e+02,-1.723258646270285794e+02,1.000000000000000000e+03,2.000000000000000000e+03,1.264910627177676588e+03
2.379465776293823183e+03,1.328038256577233332e-08,1.327514869053266892e-08,1.315019986573095062e-08,-1.798469596783618840e+02,-1.784700365100229646e+02,-1.724028313870941247e+02,1.000000000000000000e+03,2.000000000000000000e+03,1.264910627177676588e+03
2.383472454090150222e+03,1.313751955817983832e-08,1.313244357723545405e-08,1.301122877631721520e-08,-1.798484985761650421e+02,-1.784854127593743556e+02,-1.724782005447445670e+02,1.000000000000000000e+03,2.000000000000000000e+03,1.264910627177676588e+03
2.387479131886477262e+03,1.299756795902738970e-08,1.299264352919881863e-08,1.287501444041135373e-08,-1.798500052667390321e+02,-1.785004674378150753e+02,-1.725520208549568224e+02,1.000000000000000000e+03,2.000000000000000000e+03,1.264910627177676588e+03
2.391485809682804756e+03,1.286043894543408625e-08,1.285566004051966424e-08,1.274147566596910056e-08,-1.798514807464561613e+02,-1.785152104842912877e+02,-1.726243391278644026e+02,1.000000000000000000e+03,2.000000000000000000e+03,1.264910627177676588e+03
2.395492487479131796e+03,1.272604728662246567e-08,1.272140817852011926e-08,1.261053440508275194e-08,-1.798529259711806390e+02,-1.785296514341345642e+02,-1.726952003240567990e+02,1.000000000000000000e+03,2.000000000000000000e+03,1.264910627177676588e+03
2.399499165275459291e+03,1.259431116389817043e-08,1.258980640502866593e-08,1.248211560435109177e-08,-1.798543418583026323e+02,-1.785437994393001588e+02,-1.727646476443647146e+02,1.000000000000000000e+03,2.000000000000000000e+03,1.264910627177676588e+03
2.403505843071786330e+03,1.246515200135308378e-08,1.246077640828302905e-08,1.235614706364000613e-08,-1.798557292886508776e+02,-1.785576632874015672e+02,-1.728327226144982092e+02,1.000000000000000000e+03,2.000000000000000000e+03,1.264910627177676588e+03
2.407512520868113370e+03,1.233849430655333487e-08,1.233424294472514400e-08,1.223255930269472901e-08,-1.798570891082925414e+02,-1.785712514196227403e+02,-1.728994651648760907e+02,1.000000000000000000e+03,2.000000000000000000e+03,1.264910627177676588e+03
2.411519198664440864e+03,1.221426552053226523e-08,1.221013369001623879e-08,1.211128543510425484e-08,-1.798584221302278081e+02,-1.785845719475851752e+02,-1.729649137059612656e+02,1.000000000000000000e+03,2.000000000000000000e+03,1.264910627177676588e+03
2.415525876460767904e+03,1.209239587646003506e-08,1.208837909865105589e-08,1.199226104915361104e-08,-1.798597291359863846e+02,-1.785976326692399994e+02,-1.730291051993920348e+02,1.000000000000000000e+03,2.000000000000000000e+03,1.264910627177676588e+03
2.419532554257094944e+03,1.197281826640994305e-08,1.196891227159772102e-08,1.187542409513257313e-08,-1.798610108771324008e+02,-1.786104410838500769e+02,-1.730920752251794568e+02,1.000000000000000000e+03,2.000000000000000000e+03,1.264910627177676588e+03
2.423539232053422438e+03,1.185546811568531271e-08,1.185166883143317710e-08,1.176071477869992913e-08,-1.798622680766841597e+02,-1.786230044061227318e+02,-1.731538580452208294e+02,1.000000000000000000e+03,2.000000000000000000e+03,1.264910627177676588e+03
2.427545909849749478e+03,1.174028326421120251e-08,1.173658680448380046e-08,1.164807545993032596e-08,-1.798635014304534536e+02,-1.786353295795480278e+02,-1.732144866633613560e+02,1.000000000000000000e+03,2.000000000000000000e+03,1.264910627177676588e+03
2.431552587646076972e+03,1.162720385453143448e-08,1.162360650951658625e-08,1.153745055769606182e-08,-1.798647116083107846e+02,-1.786474232889946450e+02,-1.732739928822201136e+02,1.000000000000000000e+03,2.000000000000000000e+03,1.264910627177676588e+03
2.435559265442404012e+03,1.151617222598617407e-08,1.151267045256064538e-08,1.142878645906088669e-08,-1.798658992553803841e+02,-1.786592919726114133e+02,-1.733324073569802124e+02,1.000000000000000000e+03,2.000000000000000000e+03,1.264910627177676588e+03
2.439565943238731052e+03,1.140713281467521985e-08,1.140372322746816528e-08,1.132203143338390986e-08,-1.798670649931698904e+02,-1.786709418330778760e+02,-1.733897596463304467e+02,1.000000000000000000e+03,2.000000000000000000e+03,1.264910627177676588e+03
2.443572621035058546e+03,1.130003205884161915e-08,1.129671142185322918e-08,1.121713555085292395e-08,-1.798682094206388626e+02,-1.786823788482455484e+02,-1.734460782607315252e+02,1.000000000000000000e+03,2.000000000000000000e+03,1.264910627177676588e+03
2.447579298831385586e+03,1.119481830933582043e-08,1.119158352807205473e-08,1.111405060518481345e-08,-1.798693331152097130e+02,-1.786936087812082690e+02,-1.735013907081686568e+02,1.000000000000000000e+03,2.000000000000000000e+03,1.264910627177676588e+03
2.451585976627712625e+03,1.109144174484472179e-08,1.108828985893201074e-08,1.101273004024811950e-08,-1.798704366337249212e+02,-1.787046371898362906e+02,-1.735557235375413825e+02,1.000000000000000000e+03,2.000000000000000000e+03,1.264910627177676588e+03
2.455592654424040120e+03,1.098985429159265969e-08,1.098678246783940923e-08,1.091312888037953684e-08,-1.798715205133535733e+02,-1.787154694358078473e+02,-1.736091023798307447e+02,1.000000000000000000e+03,2.000000000000000000e+03,1.264910627177676588e+03
2.459599332220367160e+03,1.089000954724112516e-08,1.088701507311529833e-08,1.081520366418037292e-08,-1.798725852724506069e+02,-1.787261106931682946e+02,-1.736615519871753577e+02,1.000000000000000000e+03,2.000000000000000000e+03,1.264910627177676588e+03
2.463606010016694654e+03,1.079186270873340851e-08,1.078894298622791584e-08,1.071891238159343979e-08,-1.798736314113713206e+02,-1.787365659564457303e+02,-1.737130962699781094e+02,1.000000000000000000e+03,2.000000000000000000e+03,1.264910627177676588e+03
2.467612687813021694e+03,1.069537050384757417e-08,1.069252304370725445e-08,1.062421441407355521e-08,-1.798746594132440180e+02,-1.787468400483494406e+02,-1.737637583321584032e+02,1.000000000000000000e+03,2.000000000000000000e+03,1.264910627177676588e+03
2.471619365609348733e+03,1.060049112623720950e-08,1.059771354252325723e-08,1.053107047767675714e-08,-1.798756697447032593e+02,-1.787569376270760415e+02,-1.738135605046560954e+02,1.000000000000000000e+03,2.000000000000000000e+03,1.264910627177676588e+03
2.475626043405676228e+03,1.050718417375431376e-08,1.050447417872371680e-08,1.043944256890448133e-08,-1.798766628565860231e+02,-1.787668631932465644e+02,-1.738625243772876559e+02,1.000000000000000000e+03,2.000000000000000000e+03,1.264910627177676588e+03
2.479632721202003268e+03,1.041541058986252554e-08,1.041276598914183851e-08,1.034929391314948169e-08,-1.798776391845929084e+02,-1.787766210964957168e+02,-1.739106708290470920e+02,1.000000000000000000e+03,2.000000000000000000e+03,1.264910627177676588e+03
2.483639398998330762e+03,1.032513260796130144e-08,1.032255129599548309e-08,1.026058891559946963e-08,-1.798785991499164822e+02,-1.787862155417336680e+02,-1.739580200569400859e+02,1.000000000000000000e+03,2.000000000000000000e+03,1.264910627177676588e+03
2.487646076794657802e+03,1.023631369845389245e-08,1.023379365421248882e-08,1.017329311446396303e-08,-1.798795431598385619e+02,-1.787956505950994881e+02,-1.740045916034323170e+02,1.000000000000000000e+03,2.000000000000000000e+03,1.264910627177676588e+03
2.491652754590984841e+03,1.014891851840234590e-08,1.014645780132642284e-08,1.008737313639752132e-08,-1.798804716082983077e+02,-1.788049301896232066e+02,-1.740504043825890790e+02,1.000000000000000000e+03,2.000000000000000000e+03,1.264910627177676588e+03
2.495659432387312336e+03,1.006291286362344799e-08,1.006050960979797991e-08,1.000279665400098411e-08,-1.798813848764328043e+02,-1.788140581306131764e+02,-1.740954767049784664e+02,1.000000000000000000e+03,2.000000000000000000e+03,1.264910627177676588e+03
2.499666110183639375e+03,9.978263623088417193e-09,9.975916041625891486e-09,9.919532345288990822e-09,-1.798822833330914364e+02,-1.788230381007846574e+02,-1.741398263014047529e+02,1.000000000000000000e+03,2.000000000000000000e+03,1.264910627177676588e+03
2.503672787979966415e+03,9.894938735498110799e-09,9.892645105120098112e-09,9.837549855019048817e-09,-1.798831673353258509e+02,-1.788318736651432062e+02,-1.741834703455359943e+02,1.000000000000000000e+03,2.000000000000000000e+03,1.264910627177676588e+03
2.507679465776293910e+03,9.812907147913677719e-09,9.810665813718072777e-09,9.756819757783831337e-09,-1.798840372288566414e+02,-1.788405682756370254e+02,-1.742264254754850015e+02,1.000000000000000000e+03,2.000000000000000000e+03,1.264910627177676588e+03
2.511686143572620949e+03,9.732138776329924322e-09,9.729948146732387722e-09,9.677313522774006348e-09,-1.798848933485179771e+02,-1.788491252755905521e+02,-1.742687078143993915e+02,1.000000000000000000e+03,2.000000000000000000e+03,1.264910627177676588e+03
2.515692821368948444e+03,9.652604468085717741e-09,9.650463011924661263e-09,9.599003480124452874e-09,-1.798857360186816265e+02,-1.788575479039315042e+02,-1.743103329901136078e+02,1.000000000000000000e+03,2.000000000000000000e+03,1.264910627177676588e+03
2.519699499165275483e+03,9.574275966012489195e-09,9.572182209807686760e-09,9.521862788762081466e-09,-1.798865655536613986e+02,-1.788658392992221877e+02,-1.743513161539114549e+02,1.000000000000000000e+03,2.000000000000000000e+03,1.264910627177676588e+03
2.523706176961602523e+03,9.497125874227485055e-09,9.495078399583013455e-09,9.445865405677799939e-09,-1.798873822580987110e+02,-1.788740025035058920e+02,-1.743916719984464692e+02,1.000000000000000000e+03,2.000000000000000000e+03,1.264910627177676588e+03
2.527712854757930018e+03,9.421127625484630420e-09,9.419125066627553708e-09,9.370986056550151795e-09,-1.798881864273308793e+02,-1.788820404659777807e+02,-1.744314147748631854e+02,1.000000000000000000e+03,2.000000000000000000e+03,1.264910627177676588e+03
2.531719532554257057e+03,9.346255450000786794e-09,9.344296491447458084e-09,9.297200207652004419e-09,-1.798889783477425510e+02,-1.788899560464900276e+02,-1.744705583091601113e+02,1.000000000000000000e+03,2.000000000000000000e+03,1.264910627177676588e+03
2.535726210350584097e+03,9.272484345679978069e-09,9.270567720022515801e-09,9.224484038975578358e-09,-1.798897582971014231e+02,-1.788977520188992401e+02,-1.745091160178344012e+02,1.000000000000000000e+03,2.000000000000000000e+03,1.264910627177676588e+03
2.539732888146911591e+03,9.199790049663307451e-09,9.197914535469152206e-09,9.152814418515120842e-09,-1.798905265448790658e+02,-1.789054310742651523e+02,-1.745471009228429295e+02,1.000000000000000000e+03,2.000000000000000000e+03,1.264910627177676588e+03
2.543739565943238631e+03,9.128149011135920910e-09,9.126313430953941358e-09,9.082168877649564070e-09,-1.798912833525571955e+02,-1.789129958239075791e+02,-1.745845256659155496e+02,1.000000000000000000e+03,2.000000000000000000e+03,1.264910627177676588e+03
2.547746243739566125e+03,9.057538365326771691e-09,9.055741583793748907e-09,9.012525587570901930e-09,-1.798920289739211285e+02,-1.789204488023291049e+02,-1.746214025222524242e+02,1.000000000000000000e+03,2.000000000000000000e+03,1.264910627177676588e+03
2.551752921535893165e+03,8.987935908640538655e-09,8.986176830682339452e-09,8.943863336707132283e-09,-1.798927636553395928e+02,-1.789277924700105018e+02,-1.746577434136358420e+02,1.000000000000000000e+03,2.000000000000000000e+03,1.264910627177676588e+03
2.555759599332220205e+03,8.919320074864632917e-09,8.917597643986606195e-09,8.876161509091333401e-09,-1.798934876360333419e+02,-1.789350292160850699e+02,-1.746935599209858765e+02,1.000000000000000000e+03,2.000000000000000000e+03,1.264910627177676588e+03
2.559766277128547699e+03,8.851669912397329176e-09,8.849983109058987006e-09,8.809400063631030540e-09,-1.798942011483313479e+02,-1.789421613608981829e+02,-1.747288632963864643e+02,1.000000000000000000e+03,2.000000000000000000e+03,1.264910627177676588e+03
2.563772954924874739e+03,8.784965062446396617e-09,8.783312902515585731e-09,8.743559514234802881e-09,-1.798949044179167061e+02,-1.789491911584573529e+02,-1.747636644746085324e+02,1.000000000000000000e+03,2.000000000000000000e+03,1.264910627177676588e+03
2.567779632721201779e+03,8.719185738150085837e-09,8.717567271432263804e-09,8.678620910754995127e-09,-1.798955976640617394e+02,-1.789561207987787839e+02,-1.747979740841536511e+02,1.000000000000000000e+03,2.000000000000000000e+03,1.264910627177676588e+03
2.571786310517529273e+03,8.654312704575448334e-09,8.652727013413910334e-09,8.614565820708045048e-09,-1.798962810998533826e+02,-1.789629524101349887e+02,-1.748318024578417180e+02,1.000000000000000000e+03,2.000000000000000000e+03,1.264910627177676588e+03
2.575792988313856313e+03,8.590327259551191905e-09,8.588773457494338830e-09,8.551376311735734908e-09,-1.798969549324091020e+02,-1.789696880612086431e+02,-1.748651596429643007e+02,1.000000000000000000e+03,2.000000000000000000e+03,1.264910627177676588e+03
2.579799666110183807e+03,8.527211215294554982e-09,8.525688445826596368e-09,8.489034934772583812e-09,-1.798976193630836917e+02,-1.789763297631568548e+02,-1.748980554110242451e+02,1.000000000000000000e+03,2.000000000000000000e+03,1.264910627177676588e+03
2.583806343906510847e+03,8.464946880794422577e-09,8.463454316126030276e-09,8.427524707886795033e-09,-1.798982745876679417e+02,-1.789828794715906497e+02,-1.749304992670807906e+02,1.000000000000000000e+03,2.000000000000000000e+03,1.264910627177676588e+03
2.587813021702837887e+03,8.403517044914178687e-09,8.402053884829900018e-09,8.366829100763366801e-09,-1.798989207965785226e+02,-1.789893390884732014e+02,-1.749625004587191199e+02,1.000000000000000000e+03,2.000000000000000000e+03,1.264910627177676588e+03
2.591819699499165381e+03,8.342904960180574330e-09,8.341470430939968959e-09,8.306932019800100926e-09,-1.798995581750409656e+02,-1.789957104639409238e+02,-1.749940679846612568e+02,1.000000000000000000e+03,2.000000000000000000e+03,1.264910627177676588e+03
2.595826377295492421e+03,8.283094327226104656e-09,8.281687680515759698e-09,8.247817793788469461e-09,-1.799001869032644834e+02,-1.790019953980509797e+02,-1.750252106030351626e+02,1.000000000000000000e+03,2.000000000000000000e+03,1.264910627177676588e+03
2.599833055091819460e+03,8.224069279854368869e-09,8.222689791788108845e-09,8.189471160152755493e-09,-1.799008071566102274e+02,-1.790081956424589293e+02,-1.750559368393177522e+02,1.000000000000000000e+03,2.000000000000000000e+03,1.264910627177676588e+03
2.603839732888146955e+03,8.165814370699597286e-09,8.164461340864369333e-09,8.131877251722472308e-09,-1.799014191057526943e+02,-1.790143129020292179e+02,-1.750862549939664348e+02,1.000000000000000000e+03,2.000000000000000000e+03,1.264910627177676588e+03
2.607846410684473994e+03,8.108314557452851717e-09,8.106987307997913709e-09,8.075021584014100826e-09,-1.799020229168347669e+02,-1.790203488363819417e+02,-1.751161731497535357e+02,1.000000000000000000e+03,2.000000000000000000e+03,1.264910627177676588e+03
2.611853088480801489e+03,8.051555189628920713e-09,8.050253064396103863e-09,8.018890042999430911e-09,-1.799026187516165578e+02,-1.790263050613790199e+02,-1.751456991788168978e+02,1.000000000000000000e+03,2.000000000000000000e+03,1.264910627177676588e+03
2.615859766277128529e+03,7.995521995849311011e-09,7.994244359542226128e-09,7.963468873339082601e-09,-1.799032067676186273e+02,-1.790321831505518730e+02,-1.751748407494391984e+02,1.000000000000000000e+03,2.000000000000000000e+03,1.264910627177676588e+03
2.619866444073455568e+03,7.940201071618096336e-09,7.938947309008341535e-09,7.908744667060790760e-09,-1.799037871182593733e+02,-1.790379846364741638e+02,-1.752036053325682587e+02,1.000000000000000000e+03,2.000000000000000000e+03,1.264910627177676588e+03
2.623873121869783063e+03,7.885578867568223529e-09,7.884348382736662737e-09,7.854704352662802668e-09,-1.799043599529874484e+02,-1.790437110120810758e+02,-1.752320002080897154e+02,1.000000000000000000e+03,2.000000000000000000e+03,1.264910627177676588e+03
2.627879799666110102e+03,7.831642178157611366e-09,7.830434393769026262e-09,7.801335184624296451e-09,-1.799049254174086911e+02,-1.790493637319384277e+02,-1.752600324708627397e+02,1.000000000000000000e+03,2.000000000000000000e+03,1.264910627177676588e+03
2.631886477462437597e+03,7.778378130794701696e-09,7.777192487404080002e-09,7.748624733304830819e-09,-1.799054836534086235e+02,-1.790549442134631590e+02,-1.752877090365296056e+02,1.000000000000000000e+03,2.000000000000000000e+03,1.264910627177676588e+03
2.635893155258764637e+03,7.725774175374920828e-09,7.724610130763868854e-09,7.696560875216548867e-09,-1.799060347992700883e+02,-1.790604538380977147e+02,-1.753150366471082293e+02,1.000000000000000000e+03,2.000000000000000000e+03,1.264910627177676588e+03
2.639899833055091676e+03,7.673818074209691050e-09,7.672675102751445193e-09,7.645131783652861964e-09,-1.799065789897863397e+02,-1.790658939524402626e+02,-1.753420218763776859e+02,1.000000000000000000e+03,2.000000000000000000e+03,1.264910627177676588e+03
2.643906510851419171e+03,7.622497892331144274e-09,7.621375484382791791e-09,7.594325919658777449e-09,-1.799071163563702669e+02,-1.790712658693326773e+02,-1.753686711350652558e+02,1.000000000000000000e+03,2.000000000000000000e+03,1.264910627177676588e+03
2.647913188647746210e+03,7.571801988156227469e-09,7.570699649476801457e-09,7.544132023328377902e-09,-1.799076470271592143e+02,-1.790765708689079929e+02,-1.753949906758434167e+02,1.000000000000000000e+03,2.000000000000000000e+03,1.264910627177676588e+03
2.651919866444073250e+03,7.521719004494619083e-09,7.520636255687846754e-09,7.494539105415652980e-09,-1.799081711271161055e+02,-1.790818101995992606e+02,-1.754209865981449354e+02,1.000000000000000000e+03,2.000000000000000000e+03,1.264910627177676588e+03
2.655926544240400744e+03,7.472237859885932845e-09,7.471174235866391357e-09,7.445536439245754981e-09,-1.799086887781268160e+02,-1.790869850791112867e+02,-1.754466648528038775e+02,1.000000000000000000e+03,2.000000000000000000e+03,1.264910627177676588e+03
2.659933222036727784e+03,7.423347740252158437e-09,7.422302789733776181e-09,7.397113552914234022e-09,-1.799092000990939084e+02,-1.790920966953570712e+02,-1.754720312465291840e+02,1.000000000000000000e+03,2.000000000000000000e+03,1.264910627177676588e+03
2.663939899833055279e+03,7.375038090851931275e-09,7.374011375857727027e-09,7.349260221762219023e-09,-1.799097052060272119e+02,-1.790971462073601401e+02,-1.754970914462188318e+02,1.000000000000000000e+03,2.000000000000000000e+03,1.264910627177676588e+03
2.667946577629382318e+03,7.327298608524169921e-09,7.326289703916255432e-09,7.301966461116531403e-09,-1.799102042121307079e+02,-1.791021347461242783e+02,-1.755218509831200606e+02,1.000000000000000000e+03,2.000000000000000000e+03,1.264910627177676588e+03
2.671953255425709358e+03,7.280119234208756132e-09,7.279127727237639328e-09,7.255222519283638172e-09,-1.799106972278867431e+02,-1.791070634154724246e+02,-1.755463152568427176e+02,1.000000000000000000e+03,2.000000000000000000e+03,1.264910627177676588e+03
2.675959933222036852e+03,7.233490145733012028e-09,7.232515635605283473e-09,7.209018870787420647e-09,-1.799111843611370603e+02,-1.791119332928551842e+02,-1.755704895392315450e+02,1.000000000000000000e+03,2.000000000000000000e+03,1.264910627177676588e+03
2.679966611018363892e+03,7.187401750852851289e-09,7.186443848316433341e-09,7.163346209840789603e-09,-1.799116657171608153e+02,-1.791167454301312318e+02,-1.755943789781030091e+02,1.000000000000000000e+03,2.000000000000000000e+03,1.264910627177676588e+03
2.683973288814690932e+03,7.141844680538205875e-09,7.140903007484312549e-09,7.118195444041829509e-09,-1.799121413987500659e+02,-1.791215008543198337e+02,-1.756179886008523852e+02,1.000000000000000000e+03,2.000000000000000000e+03,1.264910627177676588e+03
2.687979966611018426e+03,7.096809782492822796e-09,7.095883971573904892e-09,7.073557688285554000e-09,-1.799126115062825306e+02,-1.791262005683271639e+02,-1.756413233179358713e+02,1.000000000000000000e+03,2.000000000000000000e+03,1.264910627177676588e+03
2.691986644407345466e+03,7.052288114898896850e-09,7.051377809161801413e-09,7.029424258882725350e-09,-1.799130761377918191e+02,-1.791308455516474112e+02,-1.756643879262336156e+02,1.000000000000000000e+03,2.000000000000000000e+03,1.264910627177676588e+03
2.695993322203672960e+03,7.008270940377464315e-09,7.007375792911158265e-09,6.985786667877547171e-09,-1.799135353890351610e+02,-1.791354367610395570e+02,-1.756871871122970106e+02,1.000000000000000000e+03,2.000000000000000000e+03,1.264910627177676588e+03
2.700000000000000000e+03,6.964749720155950799e-09,6.963869393753110588e-09,6.942636617556485478e-09,-1.799139893535589181e+02,-1.791399751311807051e+02,-1.757097254554864776e+02,1.000000000000000000e+03,2.000000000000000000e+03,1.264910627177676588e+03
